id,on,type,pub,tags,weight,from,until,seconds,reveal,title_en,text_en,choices_en,correct,answer_en,explain_en,credit_en,title_es,text_es,choices_es,answer_es,explain_es,credit_es,media_url,start,end,qr_url,source_url,notes
quiz-gvhist-founders,yes,quiz,gv,history;founders,,,,,,,"In 1944, how many AA members started the Grapevine?",Two|Twelve|Six|Sixty,3,,"Six members in the New York area, four women and two men, published the first issue in June 1944 with Bill W.'s blessing.",Source: aagrapevine.org,,"En 1944, ¿cuántos miembros de AA fundaron el Grapevine?",Dos|Doce|Seis|Sesenta,,"Seis miembros del área de Nueva York, cuatro mujeres y dos hombres, publicaron el primer número en junio de 1944 con la bendición de Bill W.",Fuente: aagrapevine.org,,,,,https://www.aagrapevine.org/history-aa-grapevine,
quiz-gvhist-first-groups,yes,quiz,gv,history,,,,,,,The first Grapevine went to every AA group. About how many groups were there in 1944?,"About 30|About 300|About 3,000|About 30,000",2,,About 300. Copies also went to every known AA member serving overseas in the armed forces.,Source: aagrapevine.org,,"El primer Grapevine se envió a todos los grupos de AA. ¿Cuántos grupos había, más o menos, en 1944?","Unos 30|Unos 300|Unos 3,000|Unos 30,000",,Unos 300. También se envió a cada miembro de AA conocido que servía en las fuerzas armadas en el extranjero.,Fuente: aagrapevine.org,,,,,https://www.aagrapevine.org/history-aa-grapevine,"Not '1,200 copies' (unverified, config/history.yml)."
quiz-gvhist-meeting-in-print,yes,quiz,gv,history;identity,2,,,,,,Who first called the Grapevine their “meeting in print”?,AA members serving in the armed forces|A newspaper reviewer|The first Grapevine editors|The 1986 General Service Conference,1,,"Members serving overseas, usually cut off from meetings, wrote to a page called “Mail Call for All AAs in the Armed Forces.” They called the Grapevine their meeting in print, and the name stuck.",Source: aagrapevine.org,,¿Quiénes fueron los primeros en llamar al Grapevine su «reunión impresa»?,Miembros de AA en las fuerzas armadas|Un crítico de un periódico|Los primeros editores del Grapevine|La Conferencia de Servicios Generales de 1986,,"Miembros que servían en el extranjero, por lo general sin acceso a reuniones, escribían a una página llamada «Mail Call for All AAs in the Armed Forces». Llamaron al Grapevine su reunión impresa, y el nombre se quedó.",Fuente: aagrapevine.org,,,,,https://www.aagrapevine.org/history-aa-grapevine,"History page (Mail Call page, the name stuck); overseas members were usually cut off from group meetings: P-52, p. 13."
quiz-gvhist-traditions,yes,quiz,gv,history;traditions,,,,,,,What did Bill W. first set out in a Grapevine article in April 1946?,The Twelve Steps|The Twelve Traditions|The Twelve Concepts,2,,The Traditions. His article set out the points that would become AA's Twelve Traditions.,Source: aagrapevine.org,,¿Qué presentó Bill W. por primera vez en un artículo del Grapevine en abril de 1946?,Los Doce Pasos|Las Doce Tradiciones|Los Doce Conceptos,,Las Tradiciones. Su artículo expuso los puntos que llegarían a ser las Doce Tradiciones de AA.,Fuente: aagrapevine.org,,,,,https://www.aagrapevine.org/aa-grapevines-contributions-aa,"Also aa.org/aa-grapevine-la-vina; P-52, p. 5. No article title (it differs between sources; research.md Open question 22)."
quiz-gvhist-preamble-author,yes,quiz,gv,history;preamble,2,,,,,,"Who wrote the AA Preamble, first printed in the June 1947 Grapevine?",Bill W.|Dr. Bob|A Grapevine editor|A newspaper reporter,3,,"A Grapevine editor wrote it, drawing on the Big Book's Foreword, to say clearly what AA is and what it is not.",Source: P-52 (aa.org),,"¿Quién escribió el Preámbulo de AA, publicado por primera vez en el Grapevine de junio de 1947?",Bill W.|El Dr. Bob|Un editor del Grapevine|Un periodista,,"Lo escribió un editor del Grapevine, basándose en el Prólogo del Libro Grande, para decir con claridad qué es AA y qué no es.",Fuente: P-52 (aa.org),,,,,https://www.aa.org/aa-grapevine-and-la-vina-our-meetings-print,"P-52, p. 5; Service Manual 2024-2026, p. 170. No name for the editor."
quiz-gvhist-international,yes,quiz,gv,history,,,,,,,"By January 1949, what did the Grapevine's masthead call it?",AA's New York bulletin|The national journal of AA|AA's official newspaper|The international journal of Alcoholics Anonymous,4,,Its readers now included members in Canada and Europe. It had been AA's national journal since 1945.,Source: aagrapevine.org,,"Para enero de 1949, ¿cómo llamaba al Grapevine su cabecera?",El boletín de AA de Nueva York|La revista nacional de AA|El periódico oficial de AA|La revista internacional de Alcohólicos Anónimos,,Ya tenía lectores en Canadá y Europa. Desde 1945 era la revista nacional de AA.,Fuente: aagrapevine.org,,,,,https://www.aagrapevine.org/history-aa-grapevine,"Masthead by Jan. 1949: Service Manual 2024-2026, p. 79."
quiz-gvhist-staple-free,yes,quiz,gv,history;format,2,,,,,,"Since March 2009, the Grapevine has had no staples. Why?",To save paper|Staples were hard to find|To make it lighter to mail|So it can go into prisons that ban staples,4,,"So it can reach members in prisons that don't allow staples. Today's Grapevine has 64 pages, all in full color.",Source: aagrapevine.org,,"Desde marzo de 2009, el Grapevine no lleva grapas. ¿Por qué?",Para ahorrar papel|Las grapas eran difíciles de conseguir|Para que pese menos al enviarlo|Para que entre en prisiones que no permiten grapas,,Así puede llegar a miembros en prisiones que no permiten grapas. El Grapevine de hoy tiene 64 páginas a todo color.,Fuente: aagrapevine.org,,,,,https://www.aagrapevine.org/evolution-magazine,"Reason: GVR Handbook 2024, p. 7 (staple-free so it can be in all institutions, including those that prohibit stapled materials; checked 2026-10-03). The Workbook 2026, p. 11 only says it is bound without staples."
quiz-gvhist-color-cover,yes,quiz,gv,history;format,,,,,,,What did the June 1989 Grapevine have for the first time?,A cartoon|A full-color cover|A Spanish section|An online edition,2,,"Its first full-color cover, while the inside pages were still black and white. Since March 2009, the whole magazine has been in full color.",Source: aagrapevine.org,,¿Qué tuvo por primera vez el Grapevine de junio de 1989?,Una caricatura|Una portada a todo color|Una sección en español|Una edición en línea,,"Su primera portada a todo color, mientras las páginas interiores seguían en blanco y negro. Desde marzo de 2009, toda la revista se imprime a todo color.",Fuente: aagrapevine.org,,,,,https://www.aagrapevine.org/evolution-magazine,Distractors: first cartoon = third issue (1944); Spanish articles from Sept. 1991 (M-39 p. 55); online 1998 (P-52 p. 9).
quiz-gvhist-language-heart,yes,quiz,gv,history;books,,,,,,,What does the book The Language of the Heart (1988) gather?,Bill W.'s Grapevine writings|Dr. Bob's letters|Members' poems|Conference reports,1,,"Bill W.'s writings for the Grapevine, gathered in one book in 1988. It is published in three languages.","Source: Advisory Actions (M-39), p. 55",,¿Qué reúne el libro El Lenguaje del Corazón (1988)?,Los escritos de Bill W. para el Grapevine|Cartas del Dr. Bob|Poemas de miembros|Informes de la Conferencia,,"Los escritos de Bill W. para el Grapevine, reunidos en un libro en 1988. Se publica en tres idiomas.","Fuente: Acciones Recomendables (M-39, ed. en inglés), p. 55",,,,,https://www.aagrapevine.org/store/language-heart-softcover,"Year: M-39, p. 55 (1988 action; research.md A2). Content: the store page in source_url. Three languages: P-52 (2026), p. 11. Spanish title as in P-52, p. 18."
quiz-gvhist-other-entity,yes,quiz,gv,identity;service,,,,,,,"AA Grapevine, Inc. is one of the two operating entities of AA's General Service Board. What is the other?","The General Service Conference|Your local intergroup|The International Convention|A.A. World Services, Inc.",4,,"A.A. World Services, Inc. For its part, AA Grapevine, Inc. has its own board, staff and finances, separate from the General Service Office.",Source: aa.org,,"AA Grapevine, Inc. es una de las dos entidades operativas de la Junta de Servicios Generales de AA. ¿Cuál es la otra?","La Conferencia de Servicios Generales|Tu intergrupo local|La Convención Internacional|A.A. World Services, Inc.",,"A.A. World Services, Inc. Por su parte, AA Grapevine, Inc. tiene su propia junta, su personal y sus finanzas, aparte de la Oficina de Servicios Generales.",Fuente: aa.org,,,,,https://www.aa.org/aa-grapevine-la-vina,"Service Manual 2024-2026, p. 79; P-52, p. 8."
quiz-gvhist-editor-right,yes,quiz,gv,identity;editorial,,,,,,,Who has the right to accept or reject material for the Grapevine?,The General Service Conference|The Grapevine editor|Each group's GSR|The Area delegates,2,,The Conference Charter protects the editor's right to accept or reject material. The Conference doesn't review issues before they go to print.,Source: aagrapevine.org,,¿Quién tiene el derecho de aceptar o rechazar material para el Grapevine?,La Conferencia de Servicios Generales|El editor del Grapevine|El RSG de cada grupo|Los delegados de Área,,La Carta Constitutiva de la Conferencia protege el derecho del editor a aceptar o rechazar material. La Conferencia no revisa los números antes de que se impriman.,Fuente: aagrapevine.org,,,,,https://www.aagrapevine.org/grapevine-editorial-policy,"Service Manual 2024-2026, p. 81 (Conference Charter; research.md Q12, A3)."
quiz-gvhist-who-writes,yes,quiz,gv,identity;writing,,,,,,,Who writes almost all of the stories in the Grapevine?,Paid journalists|GSO staff|AA members|Doctors and counselors,3,,"AA members, sharing their experience, strength and hope. A few pieces come from nonalcoholic friends of AA. Ask us how to send yours!",Source: P-52 (aa.org),,¿Quiénes escriben casi todas las historias del Grapevine?,Periodistas pagados|Personal de la OSG|Miembros de AA|Médicos y consejeros,,"Miembros de AA, que comparten su experiencia, fortaleza y esperanza. Algunos textos vienen de amigos no alcohólicos de AA. ¡Pregúntanos cómo enviar tu historia!",Fuente: P-52 (aa.org),,,,{site}contribute/,https://www.aa.org/aa-grapevine-and-la-vina-our-meetings-print,"P-52, p. 9; Service Manual 2024-2026, p. 81."
quiz-gvhist-wits-end,yes,quiz,gv,history;humor,2,,,,,,"Grapevine's humor section, At Wit's End, shares its name with what?",A Big Book chapter|Dr. Bob's home in Akron|Bill W.'s study at Stepping Stones,3,,"Readers suggested the name, and it first appeared in April 2007. At Wit's End is the name of Bill W.'s study at his home, Stepping Stones.",Source: aagrapevine.org,,"¿Con qué comparte su nombre la sección de humor del Grapevine, «At Wit's End»?",Un capítulo del Libro Grande|La casa del Dr. Bob en Akron|El estudio de Bill W. en Stepping Stones,,"Los lectores sugirieron el nombre, que apareció por primera vez en abril de 2007. Así se llama el estudio de Bill W. en su casa, Stepping Stones.",Fuente: aagrapevine.org,,,,,https://www.aagrapevine.org/evolution-magazine,"Evolution page: staff asked readers to suggest a new name for the humor section; the winner, the name of Bill W.'s study at Stepping Stones, first appeared in April 2007. Distractors are checkable AA-history items (no Big Book chapter has this name; Dr. Bob's home is not called this). The earlier 'radio show' and 'coffee shop' could really share the name somewhere."
quiz-write-gv-length,yes,quiz,gv,writing,,,,,,,Writing for Grapevine? What length do the guidelines suggest for a story?,"50 to 100 words|A whole book chapter|300 to 1,800 words|At least 20 typed pages",3,,"That's about three to five double-spaced typed pages. Shorter pieces have a place too, from one-liners to one-paragraph anecdotes.",Source: aagrapevine.org,,¿Escribes para Grapevine? ¿Qué extensión sugieren sus pautas para una historia?,"De 50 a 100 palabras|Un capítulo de libro entero|De 300 a 1,800 palabras|Al menos 20 páginas a máquina",,"Equivale a unas tres a cinco páginas a doble espacio, escritas a máquina. También hay lugar para textos más breves, desde una frase ingeniosa hasta una anécdota de un párrafo.",Fuente: aagrapevine.org,,,,,https://www.aagrapevine.org/guidelines-contributing-grapevine,"GV guidelines (read 2026-10-02): 'Suggested manuscript length is 300 to 1800 words or three to five double-spaced typed pages'; work ranges from one-liners and one-paragraph anecdotes to five- or six-page articles. research.md C4. This is Grapevine's guideline; La Viña's own guidelines page says 5 or 6 typed pages (the 2023 Libro de trabajo de La Viña repeats the 300-1,800 words for both magazines - do not use that for La Viña)."
quiz-write-at-wits-end,yes,quiz,gv,writing;humor,,,,,,,Grapevine's page of AA jokes is called…,Dear Grapevine|At Wit's End|Home Group|If Walls Could Talk,2,,"Laughter is part of recovery! Members send in clean AA jokes. Letters go to Dear Grapevine, and photos of meeting places to If Walls Could Talk.",Source: aagrapevine.org,,La página de Grapevine con chistes de AA se llama…,Dear Grapevine|At Wit's End|Home Group|If Walls Could Talk,,¡La risa también es parte de la recuperación! Los miembros envían chistes sanos de AA. Las cartas van a Dear Grapevine y las fotos de salas de reunión a If Walls Could Talk.,Fuente: aagrapevine.org,,,,,https://www.aagrapevine.org/guidelines-contributing-grapevine,"GV guidelines (read 2026-10-02) name At Wit's End (jokes), Dear Grapevine (letters), If Walls Could Talk (photos of AA meeting spaces without people). research.md C3. Section names kept in English on purpose (they are Grapevine's own names)."
quiz-write-walls,yes,quiz,gv,writing;anonymity,,,,,,,"What do the photos on Grapevine's ""If Walls Could Talk"" page show?","Portraits of longtime members|Cartoons drawn by the editors|AA meeting places, with no people in them|Members' anniversary cakes",3,,No people in the picture means no worries about anyone's anonymity. Grapevine asks you to include your group's name and where it meets.,Source: aagrapevine.org,,¿Qué muestran las fotos de la página «If Walls Could Talk» de Grapevine?,"Retratos de miembros veteranos|Caricaturas dibujadas por los editores|Salas de reunión de AA, sin personas|Pasteles de aniversario de miembros",,"Sin personas en la foto, nadie se preocupa por su anonimato. Grapevine pide incluir el nombre del grupo y dónde se reúne.",Fuente: aagrapevine.org,,,,,https://www.aagrapevine.org/guidelines-contributing-grapevine,"GV guidelines (read 2026-10-02): photos of AA meetings 'without people' for If Walls Could Talk, Grapevine's gallery of meeting places; submissions 'should include the AA group's name and location'. GVR Workbook 2026 p. 36 (gallery of meeting spaces, respecting anonymity). It is GRAPEVINE's section: never say La Viña has a section by that name (research.md C3)."
quiz-write-five-months,yes,quiz,gv,writing,,,,,,,Writing on a Grapevine monthly theme? When do the editors start choosing stories for an issue?,About five months before the cover date|One week before it prints|The day it comes out,1,,"For a December issue, stories are picked in early August. Ask us for the current themes and deadlines, or see our ""Share your story"" page.",Source: aagrapevine.org,,¿Escribes sobre un tema del mes de Grapevine? ¿Cuándo empiezan los editores a elegir las historias de una edición?,Unos cinco meses antes de la fecha de portada|Una semana antes de imprimirla|El mismo día que sale,,"Para la edición de diciembre, las historias se eligen a principios de agosto. Pregúntanos por los temas y fechas límite actuales o visita nuestra página «Comparte tu historia».",Fuente: aagrapevine.org,,,,,https://www.aagrapevine.org/guidelines-contributing-grapevine,GV guidelines (read 2026-10-02): selection begins about five months before the cover date (December example). aagrapevine.org/contribute: theme stories needed no later than 5 months before. research.md C5. No dates on purpose (C10): current list at {site}contribute/.
quiz-write-byline,yes,quiz,gv,writing;anonymity,,,,,,,Your story is printed in Grapevine! How does your name usually appear?,"Full name and photo|Email address|Full name and home group|First name and last initial, or ""Anonymous""",4,,"Anonymity is protected in print, and you can even choose initials only. Your full name and contact details stay with the office, so the editors can reach you.",Source: aagrapevine.org,,¡Publicaron tu historia en Grapevine! ¿Cómo suele aparecer tu nombre?,"Nombre completo y foto|Correo electrónico|Nombre completo y grupo base|Nombre de pila e inicial del apellido, o «Anónimo»",,"El anonimato se protege en la revista, e incluso puedes elegir solo tus iniciales. Tu nombre completo y tus datos de contacto se quedan en la oficina para que los editores puedan comunicarse contigo.",Fuente: aagrapevine.org,,,,,https://www.aagrapevine.org/submit-your-story,"Submit form aagrapevine.org/submit-your-story (read 2026-10-02): 'Please display my name as' First and Last Initials Only / First Name and Last Initial / ""Anonymous""; the form asks first and last name, email and mailing address, and says the editors contact you if your story is selected. 1974 Advisory Action: full names to the office, Grapevine protects anonymity (research.md C6). City in bylines left out on purpose (research.md C7 = Medium). pub gv: the options are verified for Grapevine only."
quiz-digital-app-free,yes,quiz,gv,app;online;subscribe,,,,,,,Which of these can you use in the Grapevine app without a subscription?,Every new issue|The Daily Quote|The full Story Archive|Audio of every story,2,,"The apps are free to download, and some features are free, like the Daily Quote and a sobriety calculator. The magazine and the archive open with a digital or Complete subscription.",Source: aagrapevine.org,,¿Cuál de estas cosas puedes usar en la aplicación de Grapevine sin suscripción?,Cada número nuevo|La cita diaria (Daily Quote)|Todo el archivo de historias|El audio de cada historia,,"Las aplicaciones se descargan gratis y algunas funciones son gratuitas, como la cita diaria y una calculadora de sobriedad. La revista y el archivo se abren con una suscripción digital o completa.",Fuente: aagrapevine.org,,,,,https://www.aagrapevine.org/apps,"Grapevine Today flyer F-188 (2025, on aagrapevine.org, read 2026-10-03): the app is free to download and to use features including the Daily Quote and a Sobriety Calculator; a Digital subscription opens all content. aagrapevine.org/apps and aalavina.org/aplicaciones (read 2026-10-02): free download; new users subscribe (Digital or Complete) for the magazine and the archive. research.md A5 (High). Credit was 'aagrapevine.org/apps', which does not list the free features."
quiz-digital-podcast-name,yes,quiz,gv,podcast;humor;online,,,,,,,The official Grapevine podcast has a playful name. Which one is it?,The Ten-Minute Marathon|The Midnight Morning Show|The Quiet Loud Hour|The Half-Hour Variety Hour,4,,"It's The AA Grapevine Half-Hour Variety Hour! Each week, longtime members chat with another member about their recovery, relaxed like the talk after a meeting. Free to listen.",Source: aagrapevine.org/podcasts,,El podcast oficial de Grapevine tiene un nombre divertido. ¿Cuál es?,El maratón de diez minutos|El programa matutino de medianoche|La hora silenciosa y ruidosa|La hora de variedades de media hora,,"Es «The AA Grapevine Half-Hour Variety Hour» (la hora de variedades de media hora). Cada semana, miembros con años en AA conversan con otro miembro sobre su recuperación, como en la charla después de la reunión. Es gratis y en inglés.",Fuente: aagrapevine.org/podcasts,,,,,https://www.aagrapevine.org/podcasts,"Show name per aagrapevine.org/podcasts (read 2026-10-02; feed name 'AA Grapevine's Podcast'); Workbook 2026 p. 14 gives the same name. Description paraphrased from the page (long-time members interview a different member, 'meeting after the meeting'), not quoted; 'at no charge' on the same page. The three wrong names are invented. ES choices are our translations."
quiz-digital-weekly-open-when,yes,quiz,gv,meetings;online;podcast;zoom,,,,,,,When does the Grapevine Weekly Open AA Meeting meet on Zoom?,"Wednesdays, 11 a.m. Central|Mondays, 7 p.m. Central|Saturdays, noon Central|The first Sunday of each month",1,,"Wednesdays at noon Eastern (11 a.m. Central), Zoom 871 2036 8287, passcode 238047. A host and two speakers; it's recorded as a podcast that respects anonymity.",Source: aagrapevine.org,,¿Cuándo se reúne por Zoom la Reunión Abierta Semanal de Grapevine (en inglés)?,"Los miércoles, 11 a. m. (hora del Centro)|Los lunes, 7 p. m. (hora del Centro)|Los sábados, mediodía (hora del Centro)|El primer domingo de cada mes",,"Los miércoles al mediodía, hora del Este (11 a. m., hora del Centro). Zoom 871 2036 8287, código 238047. Hay un coordinador y dos oradores; se graba como un podcast que respeta el anonimato.",Fuente: aagrapevine.org,,,,,https://www.aagrapevine.org/grapevine-weekly-open,"aagrapevine.org/grapevine-weekly-open, re-read 2026-10-02: Wednesdays at Noon Eastern; Zoom 871 2036 8287, password 238047; a host and two speakers; the podcast respects anonymity. Start date (Feb. 2026, Medium-High) deliberately not used here."
quiz-digital-audio-length,yes,quiz,gv,audio;writing;youtube,,,,,,,How long should a story for the Grapevine Audio Project be?,About 1 minute|6 to 8 minutes|30 to 40 minutes|One full hour,2,,"Share as you would in a meeting, on one topic, in 6 to 8 minutes, by phone or as a WAV or MP3 file. Accepted stories are published on Grapevine's YouTube channel.",Source: aagrapevine.org/audio-portal,,¿Cuánto debe durar una historia para el Proyecto de Audio de Grapevine?,Más o menos 1 minuto|De 6 a 8 minutos|De 30 a 40 minutos|Una hora completa,,"Comparte como en una reunión, sobre un solo tema, de 6 a 8 minutos, por teléfono o en un archivo WAV o MP3. Las historias aceptadas se publican en el canal de YouTube de Grapevine.",Fuente: aagrapevine.org/audio-portal,,,,,https://www.aagrapevine.org/audio-portal,"aagrapevine.org/audio-portal, read 2026-10-02: 6-8 minutes; share as you would in a meeting, on a topic; WAV and MP3 by email; if accepted, published on the AA Grapevine YouTube channel. The 7 minutes in the GV Today flyer (2025) and the 2023 guidelines is older; use the page (research.md C9). The phone line was reported down in May 2026, so the number is not shown; our /contribute/ page shows the current one."
quiz-lv-first-issue,yes,quiz,lv,history,,,,,,,In what year did La Viña's first issue come out?,1986|1996|2006|2016,2,,"1996! It was planned from the start to come out every two months, and it still does: six issues a year. In 2026 it turned 30.",Source: aagrapevine.org,,¿En qué año salió el primer número de La Viña?,1986|1996|2006|2016,,"¡En 1996! Desde el principio se pensó como revista bimestral, y sigue saliendo seis veces al año. En 2026 cumplió 30 años.",Fuente: aagrapevine.org,,,,,https://www.aagrapevine.org/history-aa-lavina,"First-issue month differs between sources (June vs July 1996): say only 1996 (research.md Open question 21). Bimonthly from the start: aagrapevine.org/history-aa-lavina ('planned as a bimonthly publication'); M-39, p. 56 (1995, 'bi-monthly') and p. 57 (2018, 'six times per year')."
quiz-lv-how-often,yes,quiz,lv,history,,,,,,,How often does La Viña come out?,Every month|Twice a year|Every two months|Once a year,3,,"Every two months: six issues a year, each with 68 full-color pages.",Source: aalavina.org,,¿Cada cuánto sale La Viña?,Cada mes|Dos veces al año|Cada dos meses|Una vez al año,,"Cada dos meses: seis números al año, cada uno con 68 páginas a todo color.",Fuente: aalavina.org,,,,,https://www.aalavina.org/recursos,"Manual del Representante de La Viña (2025), p. 4, at aalavina.org/recursos; M-39, p. 57; P-52 (2026), p. 8."
quiz-lv-first-name,yes,quiz,lv,history,2,,,,,,"Before it was called La Viña, what name was first considered for the Spanish magazine?",La Uva|El Racimo|La Cosecha|El Grapevine,4,,"El Grapevine! But since the new magazine would have an identity of its own, it was given a name of its own: La Viña, meaning a vineyard, where grapes grow.",Source: aalavina.org,,"Antes de llamarse La Viña, ¿qué nombre se pensó primero para la revista en español?",La Uva|El Racimo|La Cosecha|El Grapevine,,"¡El Grapevine! Pero como la revista nueva iba a tener identidad propia, se eligió para ella un nombre propio: La Viña, es decir, un viñedo.",Fuente: aalavina.org,,,,,https://www.aalavina.org/recursos,"'Historia de La Viña' (aalavina.org/recursos, revised Aug. 2020): first thought of 'El Grapevine'; its own identity, so its own name: 'La Viña'. Paraphrased in our own words (the Spanish explanation no longer follows the document's wording); the document's mention of wine is left out on purpose. 'El Grapevine' leads the Spanish explanation because it is the quiz answer (a name once considered), not a mention of the magazine."
quiz-lv-who-writes,yes,quiz,lv,writing,,,,,,,Who writes the stories in La Viña?,"AA members, and now and then a friend of AA|Professional journalists|Only the office staff|Famous authors",1,,"Members do! A few pieces come from friends of AA who know the program. The editors, AA members themselves, choose stories guided by the Twelve Traditions.",Source: aalavina.org,,¿Quién escribe las historias de La Viña?,"Miembros de AA y, de vez en cuando, amigos de AA|Periodistas profesionales|Solo el personal de la oficina|Autores famosos",,"¡Los miembros! Algunos textos vienen de amigos de AA que conocen el programa. Los editores, también miembros de AA, eligen las historias guiados por las Doce Tradiciones.",Fuente: aalavina.org,,,,,https://www.aalavina.org/recursos,"Manual del Representante de La Viña (2025), p. 9 (FAQ '¿Quién escribe La Viña?': AA members and, now and then, friends of AA who know the program; the editors, AA members, follow the Twelve Traditions); P-52 (2026), p. 9."
quiz-lv-support,yes,quiz,lv,traditions;subscribe,,,,,,,How is La Viña supported?,"Group contributions sent to La Viña|Subscriptions and sales, with help from the General Service Board|Ads in each issue|Membership dues",2,,"Neither La Viña nor AA Grapevine, Inc. accepts contributions. Since La Viña doesn't yet cover all its costs, the General Service Board supports it, as a service to the Fellowship.",Source: aalavina.org,,¿Cómo se sostiene La Viña?,"Contribuciones de los grupos enviadas a La Viña|Suscripciones y ventas, con apoyo de la Junta de Servicios Generales|Anuncios en cada número|Cuotas de membresía",,"Ni La Viña ni AA Grapevine, Inc. aceptan contribuciones. Como La Viña aún no cubre todos sus gastos, la Junta de Servicios Generales la apoya, como un servicio a la Comunidad.",Fuente: aalavina.org,,,,,https://www.aalavina.org/recursos,"Manual del Representante de La Viña (2025), p. 10, at aalavina.org/recursos ('¿Cómo se sostiene la revista?': subscriptions and product sales, plus General Service Board support while circulation doesn't cover all costs); Service Manual 2024-2026, p. 66 (no contributions; the GSB covers La Viña's shortfall); aa.org/aa-grapevine-la-vina FAQ (no contributions); P-52 (2026), pp. 7-8; 2001 Advisory Action (M-39, p. 56)."
quiz-lv-pages,yes,quiz,lv,history,,,,,,,How many full-color pages does each issue of La Viña have?,36|48|52|68,4,,"68, with a perfect binding, like a small book (a 2018 Conference Advisory Action).",Source: aalavina.org,,¿Cuántas páginas a todo color tiene cada número de La Viña?,36|48|52|68,,"68, con lomo cuadrado, como un librito (acción recomendable de la Conferencia de 2018).",Fuente: aalavina.org,,,,,https://www.aalavina.org/recursos,"RLV Manual (2025), p. 4 ('68 páginas... seis veces al año'); 2018 Advisory Action (M-39, p. 57): six times a year, perfect binding, 68 pages, full color; research.md A1."
quiz-lv-who-can-write,yes,quiz,lv,writing,,,,,,,What do you need to send a story to La Viña?,A published book|A writing course|To be an alcoholic in recovery|Five years of sobriety,3,,No writing experience needed: La Viña asks only that you're an alcoholic in recovery. Tell it the way you'd share it at a meeting.,Source: aalavina.org,,¿Qué necesitas para enviar una historia a La Viña?,Un libro publicado|Un curso de redacción|Ser alcohólico en recuperación|Cinco años de sobriedad,,No hace falta experiencia como escritor: basta con ser alcohólico en recuperación. Cuéntala como la compartirías en una reunión.,Fuente: aalavina.org,,,,,https://www.aalavina.org/guia-para-contribuciones,"Paraphrase of La Viña's invitation to writers (research.md Q22; Grapevine material, never quoted)."
quiz-lv-apps-year,yes,quiz,lv,app;online,,,,,,,In what year did the La Viña and Grapevine apps arrive?,2023|2018|2021|2025,1,,2023. The La Viña app is free to download and available internationally; reading the magazine needs a subscription. YouTube came in 2018 and Grapevine's podcast in 2021.,Source: P-52 (aa.org),,¿En qué año llegaron las aplicaciones de La Viña y Grapevine?,2023|2018|2021|2025,,En 2023. La aplicación de La Viña se descarga gratis y está disponible internacionalmente; para leer la revista necesitas una suscripción. YouTube llegó en 2018 y el podcast de Grapevine en 2021.,Fuente: P-52 (aa.org),,,,,https://www.aa.org/aa-grapevine-and-la-vina-our-meetings-print,"P-52 (2026), p. 10 (YouTube 2018, Grapevine Podcast 2021, apps 2023); aagrapevine.org/apps and aalavina.org/aplicaciones (free download; a subscription to read); La Viña Hoy (Rev. 3/25) and La Viña News Sept.-Oct. 2026, p. 3 (app available worldwide)."
quiz-lv-first-subscribers,yes,quiz,lv,history,,,,,,,"In 1996, where did copies of La Viña's first issue go?","Only to New York City|To subscribers across the Americas, the Caribbean and Europe|Only to the U.S. and Canada",2,,"It reached subscribers from the U.S., Canada and Mexico to Central and South America, the Caribbean and Europe.",Source: aagrapevine.org,,"En 1996, ¿adónde llegaron los ejemplares del primer número de La Viña?","Solo a la ciudad de Nueva York|A suscriptores en las Américas, el Caribe y Europa|Solo a EE. UU. y Canadá",,"Llegó a suscriptores de EE. UU., Canadá y México, de Centro y Sudamérica, del Caribe y de Europa.",Fuente: aagrapevine.org,,,,,https://www.aagrapevine.org/history-aa-lavina,"aagrapevine.org/history-aa-lavina (read 2026-10-02): first-issue copies went to subscribers in the U.S., Canada, Mexico, Central and South America, the Caribbean and Europe. Paraphrased (a Grapevine page, not quoted)."
quiz-lv-open-meeting-day,yes,quiz,lv,online;podcast,,,,,,,"According to its flyer, from Nov. 5, 2026, La Viña holds a weekly open AA meeting in Spanish on Zoom. On what day?",Monday|Wednesday|Saturday|Thursday,4,,"Thursdays at 11 a.m. Central (12 p.m. Eastern). Two members share, and it's recorded as a podcast. (Grapevine's open meeting is on Wednesdays.)",Source: La Viña's flyer,,"Según su volante, a partir del 5 de noviembre de 2026, La Viña tiene una reunión abierta semanal de AA en español por Zoom. ¿Qué día?",Lunes|Miércoles|Sábado|Jueves,,Los jueves a las 11 a. m. hora del Centro (12 p. m. del Este). Comparten dos miembros y se graba como podcast. (La reunión abierta de Grapevine es los miércoles.),Fuente: volante de La Viña,,,,{site_es}meetings/,https://neta65.github.io/aagrapevine/meetings/#weekly-open,"Official La Viña flyer 'Nueva reunión abierta de La Viña' (aagrapevine-ops/decks/sources): Thursdays, 12 p.m. Eastern, from Nov. 5, 2026; two members share; recorded as a podcast. 'In Spanish': La Viña News Sept.-Oct. 2026, p. 2. No aalavina.org page or calendar entry yet (re-checked 2026-10-02), so the question names the flyer (research.md Open question 2); re-check before each event. Grapevine Weekly Open (Wednesdays, noon Eastern): aagrapevine.org/grapevine-weekly-open. Assembly: source_url is our /meetings/#weekly-open, which shows the flyer's details and links to the flyer (research.md A5; aalavina.org has no page for the meeting yet)."
quiz-write-lv-length,yes,quiz,lv,writing,,,,,,,Typing your story for La Viña? About how long should it be?,5 or 6 double-spaced pages|Half a page|At least 20 pages,1,,That's La Viña's guideline for a typed story. Writing by hand? Make it easy to read and use only one side of the page.,Source: aalavina.org,,"¿Escribes tu historia para La Viña a máquina o en computadora? ¿Qué extensión debe tener, más o menos?",5 o 6 páginas a doble espacio|Media página|Al menos 20 páginas,,Es la pauta de La Viña para una historia escrita a máquina. ¿La escribes a mano? Escríbela con letra legible y usa un solo lado de la hoja.,Fuente: aalavina.org,,,,,https://www.aalavina.org/guia-para-contribuciones,"aalavina.org/guia-para-contribuciones (read 2026-10-02): 'Si escribes a máquina o en computadora, 5 ó 6 páginas a doble espacio'; by hand: legible, one side, space between lines. Do NOT use the 2020 Pautas '9 pages' line (research.md C4, Open question 11). The 2023 Libro de trabajo de La Viña gives Grapevine's 300-1,800 words / 3-5 pages for both magazines; the guidelines page is the current rule, and both distractors are wrong under every source."
quiz-write-lv-record,yes,quiz,lv,writing;recording,,,,,,,"La Viña's ""Graba tu historia"" phone line takes recordings of up to…",30 seconds|1 hour|7 minutes,3,,"Call (559) 670-1601, press 1 and tell your story in Spanish, as you would in a meeting. Long-distance charges may apply.",Source: aalavina.org,,La línea «Graba tu historia» de La Viña recibe grabaciones de hasta…,30 segundos|1 hora|7 minutos,,"Llama al (559) 670-1601, presiona 1 y cuenta tu historia en español, como lo harías en una reunión. Pueden aplicarse cargos de larga distancia.",Fuente: aalavina.org,,,,,https://www.aalavina.org/graba-tu-historia,"aalavina.org/graba-tu-historia + instructions page, read daily into data/site/audio_project.json (checked 2026-10-02): (559) 670-1601, up to 7 minutes, press 1, long distance. research.md C9. Test the line before an event."
quiz-service-rlv-meaning,yes,quiz,lv,service;rlv;gvr,,,,,,,At Spanish-speaking groups you'll hear about the RLV. What does RLV stand for?,Representante de La Viña|Revista Latina de Voluntarios|Reunión Local de La Viña|Registro de Lectores de La Viña,1,,"Representante de La Viña: La Viña's rep, as the GVR is Grapevine's. Some members serve both magazines and call themselves GVR/RLVs.","Source: aalavina.org; The A.A. Service Manual, 2024–2026, pp. 83–84",,En los grupos de habla hispana oirás hablar del RLV. ¿Qué significa RLV?,Representante de La Viña|Revista Latina de Voluntarios|Reunión Local de La Viña|Registro de Lectores de La Viña,,"Representante de La Viña, así como el GVR es el representante de Grapevine. Algunos miembros sirven a las dos revistas y se presentan como RLV/GVR.","Fuente: aalavina.org; The A.A. Service Manual (en inglés), 2024–2026, pp. 83–84",,,,,https://www.aalavina.org/servicio/conviertete-en-rlv,Service Manual 2024–2026 pp. 83–84 ('some reps have begun to work with both magazines and refer to themselves as GVR/RLVs'); Manual del RLV 2025 p. 6. The choices are the same in both languages on purpose (the answer is a Spanish name). Checked 2026-10-02. Fact-check 2026-10-03: the full Spanish name is checked on aalavina.org/servicio/conviertete-en-rlv (page title 'Conviértete en un Representante de La Viña') and on the cover of the Manual del Representante de La Viña (2025); the Service Manual itself says 'La Viña Rep (RLV)' (p. 83) and 'GVR/RLVs' (p. 84).
quiz-digital-lv-archive-year,yes,quiz,lv,archive;online;history,,,,,,,La Viña's online archive goes back to its very first year. Which year?,1996|1944|1986|2006,1,,"1996, La Viña's first year. Grapevine's Story Archive holds almost every article and letter since June 1944. Both open with a digital or Complete subscription.",Source: aalavina.org,,El archivo en línea de La Viña se remonta a su primer año. ¿Cuál fue?,1996|1944|1986|2006,,"1996, el primer año de La Viña. El archivo de Grapevine guarda casi todos los artículos y cartas desde junio de 1944. Ambos se abren con una suscripción digital o completa.",Fuente: aalavina.org,,,,,https://www.aalavina.org/aplicaciones,"La Viña Hoy (rev. 3/25, on aalavina.org/recursos, read 2026-10-03): the Archivo de Historias holds all articles published since 1996. GV archive: A.A. Service Manual 2024-2026, p. 83 (almost every article and letter); from the first issue in June 1944: GVR Handbook 2024, p. 9. Never give a story count (the Workbook says both 30,000 and 40,000). Subscription opens the archive: aagrapevine.org/apps and aalavina.org/aplicaciones (read 2026-10-02)."
quiz-digital-lv-app-worldwide,yes,quiz,lv,app;online,,,,,,,Where can you download the La Viña app today?,Only in the United States|Only in Mexico|Around the world|Only in Spain,3,,Around the world! The La Viña app is free on the App Store and Google Play. Reading La Viña's digital magazine needs a digital or Complete subscription.,Source: aalavina.org; La Viña News,,¿Dónde puedes descargar hoy la aplicación de La Viña?,Solo en Estados Unidos|Solo en México|En todo el mundo|Solo en España,,¡En todo el mundo! La aplicación de La Viña es gratis en App Store y Google Play. Para leer la revista digital necesitas una suscripción digital o completa.,Fuente: aalavina.org; La Viña News,,,,,https://www.aalavina.org/aplicaciones,"La Viña News, Sept.-Oct. 2026, p. 3 (read 2026-10-03 from aalavina.org): the La Viña app is now available all over the world; La Viña Hoy 2025: available internationally (research.md A5, High). Free download + subscription: aalavina.org/aplicaciones (read 2026-10-02)."
quiz-write-who-can-write,yes,quiz,both,writing;newcomer,2,,,,,,Who can send a story to Grapevine or La Viña?,Only professional writers|Any AA member with a story to share|Only the magazine's staff|Only members with 10+ years sober,2,,"No writing experience needed! Both magazines are written mostly by AA members sharing their own experience, strength and hope.",Source: aagrapevine.org · aalavina.org,,¿Quién puede enviar una historia a La Viña o a Grapevine?,Solo escritores profesionales|Cualquier miembro de AA con una historia que compartir|Solo el personal de la revista|Solo miembros con 10 años o más de sobriedad,,"¡No necesitas experiencia como escritor! Ambas revistas las escriben sobre todo miembros de AA que comparten su experiencia, fortaleza y esperanza.",Fuente: aalavina.org · aagrapevine.org,,,,,https://www.aagrapevine.org/guidelines-contributing-grapevine,GV guidelines (read 2026-10-02): no prior publishing experience needed. LV: aalavina.org/guia-para-contribuciones (no experience; the only requirement is being an alcoholic in recovery). Service Manual 2024-2026 p. 85 FAQ 6-7. research.md C1.
quiz-write-not-published,yes,quiz,both,writing,,,,,,,Which of these do Grapevine and La Viña NOT publish?,A story about a Step|A letter about a story you read|A clean AA joke|A poem,4,,"Poems, songs and tributes to individuals are left out, along with anything already published elsewhere. Stories, letters and jokes about AA life are welcome.",Source: aagrapevine.org · aalavina.org,,¿Cuál de estas cosas NO publican La Viña ni Grapevine?,Una historia sobre un Paso|Una carta sobre una historia que leíste|Un chiste sano de AA|Un poema,,"No publican poemas, canciones ni homenajes a personas, ni nada que ya se haya publicado en otra parte. Las historias, cartas y chistes sobre la vida en AA son bienvenidos.",Fuente: aalavina.org · aagrapevine.org,,,,,https://www.aagrapevine.org/guidelines-contributing-grapevine,"GV guidelines (read 2026-10-02): no poems, prayers, song lyrics, tributes to individuals, plays, previously published material. LV Pautas para Colaborar (Aug. 2020, aalavina.org/recursos): no poemas, canciones, homenajes a personas, artículos pre publicados. Distractors are things both take: Steps stories (GV 'articles about each Step and Tradition'; LV section Pasos y Tradiciones), letters (GV Dear Grapevine; aalavina.org/comparte: 'cartas, comentarios'), jokes (GV At Wit's End; La Viña News Sept.-Oct. 2026 p. 1 asks for 'tus chistes favoritos'). research.md C2, C3."
quiz-write-free-copy,yes,quiz,both,writing,,,,,,,What does a writer get when Grapevine or La Viña publishes their story?,A paycheck|A free copy of the issue|A trophy|A free one-year subscription,2,,"Writers aren't paid. Published writers receive a complimentary copy of the issue, and their story keeps carrying the message.",Source: aagrapevine.org · aalavina.org,,¿Qué recibe quien escribe cuando La Viña o Grapevine publica su historia?,Un cheque|Un ejemplar gratis de esa edición|Un trofeo|Una suscripción gratis por un año,,"No se paga por las historias. Quien sale publicado recibe un ejemplar de cortesía de esa edición, y su historia sigue llevando el mensaje.",Fuente: aalavina.org · aagrapevine.org,,,,,https://www.aalavina.org/guia-para-contribuciones,"LV guidelines (read 2026-10-02): published writers get 'un ejemplar de cortesía, en el que aparece su artículo'. GV submit form (read 2026-10-02): include your street address 'so that we can send you your complimentary Grapevine should your story be chosen'; GV Editorial Policy: no payment. LV Política Editorial (2020): 'todo aporte es gratuito'. research.md C8. Paraphrased, not quoted."
quiz-service-gvr-link,yes,quiz,both,service;gvr;rlv,,,,,,,AA's Service Manual calls GVRs and RLVs the link between the group and… what?,The General Service Office|The AA Grapevine office|The Area treasurer|The local intergroup,2,,"GVRs and RLVs are the link between the group and the AA Grapevine office, which publishes both Grapevine and La Viña.","Source: The A.A. Service Manual, 2024–2026, p. 83",,"Según el Manual de Servicio de AA, los RLV y GVR son el enlace entre el grupo y… ¿qué?",La Oficina de Servicios Generales|La oficina de AA Grapevine|El tesorero del Área|La intergrupal local,,"Los RLV y GVR son el enlace entre el grupo y la oficina de AA Grapevine, que publica La Viña y Grapevine.","Fuente: The A.A. Service Manual (en inglés), 2024–2026, p. 83",,,,,https://www.aa.org/aa-service-manualtwelve-concepts-world-services,"The A.A. Service Manual 2024–2026 (BM-31), p. 83 (research.md Q11, B1); checked in the official copy on 2026-10-02."
quiz-service-how-reps-are-chosen,yes,quiz,both,service;gvr;rlv,,,,,,,How does an AA member usually become a group's GVR or RLV?,"AA Grapevine, Inc. appoints them|The Area delegate chooses them|They volunteer or are elected by their group|They pass a written test",3,,Members volunteer or are elected by their group; districts and Areas can have reps too. The group decides how long the term lasts; two years is common.,"Source: aa.org; The A.A. Service Manual, 2024–2026, p. 83",,"Por lo general, ¿cómo llega un miembro de AA a ser el RLV o GVR de su grupo?","Lo nombra AA Grapevine, Inc.|Lo escoge el delegado del Área|Se ofrece o lo elige su grupo|Aprueba un examen escrito",,Los miembros se ofrecen o los elige su grupo; los distritos y las Áreas también pueden tener representantes. El grupo decide cuánto dura el servicio; es común que dure dos años.,"Fuente: aa.org; The A.A. Service Manual (en inglés), 2024–2026, p. 83",,,,,https://www.aa.org/aa-grapevine-la-vina,"aa.org/aa-grapevine-la-vina ('by volunteering or being elected to the position by their groups'); Service Manual 2024–2026 p. 83; P-52 (2026) pp. 11–12 adds districts and areas. Term: GVR Workbook (March 2026) p. 24 (1–2 years, the group decides) and Manual del RLV (2025) p. 6 (two years suggested). All checked 2026-10-02. Fact-check 2026-10-03: explanation reworded. P-52's 'groups, districts or areas' (pp. 11–12) describes reps at each level, not a group's rep elected by a district or Area (also Manual del RLV 2025 p. 7; Service Manual p. 84)."
quiz-service-welcome-kit,yes,quiz,both,service;gvr;rlv,,,,,,,"When a new GVR or RLV registers, what comes from the AA Grapevine office?",A welcome kit with a handbook and more|A membership card|A bill for yearly dues,1,,"A welcome kit: Grapevine sends a digital kit, and La Viña's resources, including the RLV Manual, are free to download. Reps can also sign up for news by email.","Source: aagrapevine.org; aalavina.org; The A.A. Service Manual, 2024–2026, p. 83",,"Cuando un nuevo RLV o GVR se registra, ¿qué recibe de la oficina de AA Grapevine?",Un kit de bienvenida con un manual y más|Una credencial de miembro|Una factura de cuotas anuales,,"Un kit de bienvenida: los recursos de La Viña, incluido el Manual del RLV, se descargan gratis, y Grapevine envía un kit digital. Los representantes también pueden recibir noticias por correo electrónico.","Fuente: aalavina.org; aagrapevine.org; The A.A. Service Manual (en inglés), 2024–2026, p. 83",,,,,https://www.aagrapevine.org/get-involved/become-grapevine-rep,aagrapevine.org/get-involved/become-grapevine-rep ('You will get the Digital Grapevine Kit'; optional newsletter); aalavina.org/servicio/conviertete-en-rlv (RLV manual free to download; optional Cita Diaria and news email); Service Manual 2024–2026 p. 83 (welcome kit with a handbook). Checked 2026-10-02.
quiz-service-1962-action,yes,quiz,both,service;gvr;history,,,,,,,"In 1962, the General Service Conference asked retiring delegates to become what?",Magazine editors|Area treasurers|Trustees|Grapevine representatives (GVRs),4,,"GVRs, recruiting others in their Areas, with the goal of a GVR in every AA group. La Viña reps are included by extension, and each group still decides for itself.","Source: Advisory Actions (M-39), p. 52; P-52, p. 12",,"En 1962, ¿qué les pidió la Conferencia de Servicios Generales a los delegados salientes?",Ser editores de la revista|Ser tesoreros del Área|Ser custodios|Ser representantes de Grapevine (GVR),,"Ser GVR y buscar a otros GVR en sus Áreas, con la meta de un GVR en cada grupo de AA. Los RLV quedan incluidos por extensión, y cada grupo sigue decidiendo por sí mismo.","Fuente: Acciones Recomendables (M-39, en inglés), p. 52; P-52, p. 12",,,,,https://www.aa.org/sites/default/files/literature/M-39_0825.pdf,"1962 Advisory Action: M-39 Advisory Actions 1951–2026, p. 52 ('Retiring delegates will become Grapevine Representatives and recruit other G.V.R.s in their areas, with the objective that each A.A. group have a G.V.R.'); P-52 (2026) p. 12 ('La Viña is included by extension'). Checked in the official copies 2026-10-02. The aa.org file address forwards to the official copy on aaws.widen.net."
quiz-service-1977-committees,yes,quiz,both,service;gvr;history,,,,,,,"In 1977, delegates were asked to set up something in their Areas to reach the goal of a GVR in every group. What?",Area Grapevine committees|Grapevine bookstores|A national hotline|Yearly magazine fairs,1,,Area Grapevine committees. Delegates were to use the Area and district service structure to reach that goal. Today our NETA 65 Grapevine & La Viña Committee carries on that work.,"Source: Advisory Actions (M-39), p. 53",,En 1977 se pidió a los delegados formar algo en sus Áreas para alcanzar la meta de un GVR en cada grupo. ¿Qué?,Comités de Grapevine en las Áreas|Librerías de Grapevine|Una línea telefónica nacional|Ferias anuales de revistas,,Comités de Grapevine en las Áreas. Los delegados debían usar la estructura de servicio de Área y distrito para alcanzar esa meta. Hoy nuestro Comité de Grapevine y La Viña de NETA 65 continúa esa labor.,"Fuente: Acciones Recomendables (M-39, en inglés), p. 53",,,,,https://www.aa.org/sites/default/files/literature/M-39_0825.pdf,"1977 Advisory Action: M-39 Advisory Actions 1951–2026, p. 53 ('Delegates be responsible for establishing area Grapevine committees, using the area and district service structure to achieve the goal of a Grapevine representative in every group.'). research.md A2/B4; checked 2026-10-02. Fact-check 2026-10-03: explanation follows the action's wording (the area and district service structure is the means to the goal of a GVR in every group, M-39 p. 53)."
quiz-service-1960-informative,yes,quiz,both,service;history,,,,,,,In 1960 the Conference asked that all Grapevine presentations keep what kind of attitude?,A hard sell|An informative attitude|A strictly formal tone|A competitive spirit,2,,"An informative attitude, rather than hard-sell promotion. That's why this table shares information and experience, and leaves the decisions to you and your group.","Source: Advisory Actions (M-39), p. 52",,"En 1960, ¿qué actitud pidió la Conferencia para todas las presentaciones de Grapevine?",Una venta agresiva|Una actitud informativa|Un tono estrictamente formal|Un espíritu de competencia,,"Una actitud informativa, en lugar de presionar para vender. Por eso esta mesa comparte información y experiencia, y deja las decisiones a ti y a tu grupo.","Fuente: Acciones Recomendables (M-39, en inglés), p. 52",,,,,https://www.aa.org/sites/default/files/literature/M-39_0825.pdf,"1960 Advisory Action, M-39 Advisory Actions 1951–2026, p. 52 (research.md Q14); checked 2026-10-02. The exact words are in quote-service-informative-attitude."
quiz-service-help-the-magazines,yes,quiz,both,service;self-support;subscribe,,,,,,,Your group has some extra money and would like to help Grapevine and La Viña. What's the AA way?,"Send AA Grapevine, Inc. a check as a contribution|Pass a second basket for Grapevine|Ask local businesses to sponsor them|Buy and use subscriptions, or Carry the Message gifts",4,,"AA Grapevine, Inc. accepts no contributions. Groups support the magazines by buying them and using them in Twelfth Step work, Carry the Message gifts included.","Source: F-3, Self-Support: Where Money and Spirituality Mix, pp. 12–13",,Tu grupo tiene algo de dinero extra y quiere apoyar a La Viña y a Grapevine. ¿Cuál es la manera de AA?,"Enviarle a AA Grapevine, Inc. un cheque como contribución|Pasar una segunda canasta para Grapevine|Pedir a negocios locales que las patrocinen|Comprar y usar suscripciones o regalos de Lleva el Mensaje",,"AA Grapevine, Inc. no acepta contribuciones. Los grupos apoyan las revistas comprándolas y usándolas en el trabajo de Paso Doce, incluidos los regalos de Lleva el Mensaje.","Fuente: F-3, sobre el automantenimiento (en inglés), pp. 12–13",,,,,https://www.aa.org/self-support-where-money-and-spirituality-mix,"F-3 (updated June 2026) pp. 12–13 (research.md Q10, A4); The A.A. Service Manual p. 66; Tradition Seven (no outside sponsors). The wrong answers show what not to do. Checked 2026-10-02. Fact-check 2026-10-03: first choice made unambiguous (a group may pay for its subscriptions by check; a contribution is what AA Grapevine, Inc. does not accept). Credit pp. 12–13: gift certificates and Carry the Message are on p. 13."
quiz-service-surplus-reserve-fund,yes,quiz,both,service;self-support,,,,,,,"When AA Grapevine, Inc. ends a year with more than it needs to operate, where does the extra go?",Refunds to subscribers|Each Area's treasury|The General Service Board Reserve Fund,3,,"Funds beyond current operating needs go to the General Service Board Reserve Fund each year. And if AA Grapevine, Inc. ever falls short, the Board covers it.","Source: aa.org; P-52, pp. 8–9",,"Cuando AA Grapevine, Inc. termina un año con más de lo que necesita para operar, ¿a dónde va lo que sobra?",A reembolsos para los suscriptores|A la tesorería de cada Área|Al Fondo de Reserva de la Junta de Servicios Generales,,"Cada año, los fondos que exceden lo necesario para operar pasan al Fondo de Reserva de la Junta de Servicios Generales. Y si a AA Grapevine, Inc. le llega a faltar, la Junta lo cubre.","Fuente: aa.org; P-52 (en inglés), pp. 8–9",,,,,https://www.aa.org/faq/does-my-contribution-aa-support-grapevine,"aa.org FAQ (funds in excess of current operating needs are transferred each year to the General Service Board Reserve Fund); P-52 (2026) pp. 8–9 ('Any shortfalls in AA Grapevine, Inc. funds are covered by the General Service Board.'). Checked 2026-10-02."
quiz-service-ctm-who-chooses,yes,quiz,both,service;carry-the-message;subscribe,,,,,,,"With a Carry the Message gift, who picks the person who receives the magazine?",You do|Your sponsor|The Grapevine or La Viña office|The local intergroup,3,,"The office places it with an alcoholic in need: in a prison, a treatment center or a hospital, or someone homebound. Your details aren't linked to the subscription.","Source: aagrapevine.org; aalavina.org; P-52, p. 10",,"Con un regalo de Lleva el Mensaje, ¿quién escoge a la persona que recibe la revista?",Tú|Tu padrino o madrina|La oficina de La Viña o de Grapevine|La intergrupal local,,"La oficina se lo entrega a un alcohólico que lo necesita: en una prisión, un centro de tratamiento o un hospital, o a alguien que no puede salir de casa. Tus datos no se vinculan con la suscripción.","Fuente: aalavina.org; aagrapevine.org; P-52 (en inglés), p. 10",,,,,https://www.aagrapevine.org/2023-carry-message-project,"aagrapevine.org/2023-carry-message-project and aalavina.org/lleva-el-mensaje (for someone you don't know; your information is not connected to the subscription record; renewal notices go to the recipient); P-52 (2026) p. 10 (correctional facilities, treatment centers, hospitals, homebound members). research.md A6; checked 2026-10-02."
quiz-service-1986-lavina,yes,quiz,both,service;history,,,,,,,In 1986 the Conference recognized AA Grapevine as the international journal of Alcoholics Anonymous. That recognition also extends to…,Local AA newsletters|La Viña|Area websites|Intergroup meeting lists,2,,"La Viña. A magazine that comes out every month or two can't go through the yearly approval process, so the accurate words are “recognized by the Conference.”","Source: The A.A. Service Manual, 2024–2026, p. 85",,"En 1986, la Conferencia reconoció a AA Grapevine como la revista internacional de Alcohólicos Anónimos. Ese reconocimiento se extiende también a…",Los boletines locales de AA|La Viña|Los sitios web de las Áreas|Las listas de reuniones de las intergrupales,,A La Viña. Una revista mensual o bimestral no puede pasar por el proceso anual de aprobación; por eso lo correcto es decir que la Conferencia la reconoce.,"Fuente: The A.A. Service Manual (en inglés), 2024–2026, p. 85",,,,,https://www.aa.org/aa-service-manualtwelve-concepts-world-services,"Service Manual 2024–2026 p. 85, FAQ 5 (research.md Q8, A3); 1986 Advisory Action in M-39 p. 54. Spanish wording 'la revista internacional de Alcohólicos Anónimos' as in the Manual del RLV (2025). Checked 2026-10-02."
quiz-service-photos-online,yes,quiz,both,service;anonymity;online,,,,,,,Your group wants to post photos of its Grapevine and La Viña workshop online. What fits AA's anonymity guidance?,"Faces are fine if no names are given|Full names are fine if no faces are shown|Anything, as long as the group chat is private|Photos of the table or room, with no one in them",4,,"A public website needs the same care as press, radio and film: no full names or full-face photos. A recognizable face breaks anonymity, even without a name.","Source: P-47, Anonymity — Our Spiritual Foundation, pp. 10–11",,Tu grupo quiere publicar en línea fotos de su taller de La Viña y Grapevine. ¿Qué está de acuerdo con las pautas de anonimato de AA?,"Las caras están bien si no se dan nombres|Los nombres completos están bien si no se ven caras|Cualquier cosa, si el chat del grupo es privado|Fotos de la mesa o del salón, sin personas",,"Un sitio web público requiere el mismo cuidado que la prensa, la radio y el cine: sin nombres completos ni fotos de la cara. Una cara reconocible rompe el anonimato, aunque no haya nombre.","Fuente: P-47 (en inglés), pp. 10–11",,,,,https://www.aa.org/anonymity-our-spiritual-foundation,"P-47 Anonymity — Our Spiritual Foundation (rev. Sept. 2026) pp. 10–11 (research.md Q15, D2); checked in the official copy 2026-10-02."
quiz-digital-which-first,yes,quiz,both,online;history;app;podcast,,,,,,,"Grapevine and La Viña offer many ways to read, watch and listen. Which of these came first?",The Grapevine and La Viña apps|The YouTube channel|Grapevine online|The Grapevine podcast,3,,"Grapevine began reaching out online in 1998. Then came the YouTube channel (2018), Instagram and the podcast (2021), and the apps (2023).",Source: AA pamphlet P-52,,"La Viña y Grapevine ofrecen muchas formas de leer, ver y escuchar. ¿Cuál de estas llegó primero?",Las aplicaciones de La Viña y Grapevine|El canal de YouTube|Grapevine en internet|El podcast de Grapevine,,"Grapevine empezó a llegar a sus lectores por internet en 1998. Luego vinieron el canal de YouTube (2018), Instagram y el podcast (2021), y las aplicaciones (2023).",Fuente: folleto P-52 de AA,,,,,https://www.aa.org/aa-grapevine-and-la-vina-our-meetings-print,"P-52 (2026), pp. 9-10: 1998 online (not 1997), 2018 YouTube, 2021 Instagram and podcast, 2023 apps (research.md A2, High). The earliest video on the official channel is from April 2018 (data/site/videos.json). The print magazine (1944) is not a choice; the question now says 'which of these'."
quiz-digital-youtube-year,yes,quiz,both,youtube;online;history,,,,,,,Since what year have Grapevine and La Viña had their own YouTube channel?,1998|2005|2012|2018,4,,"Since 2018. You'll find members' recorded stories, service how-to videos, ASL videos and La Viña audio stories in Spanish.",Source: AA pamphlet P-52,,¿Desde qué año tienen La Viña y Grapevine su propio canal de YouTube?,1998|2005|2012|2018,,"Desde 2018. Ahí encuentras historias grabadas por miembros, tutoriales de servicio, videos en lengua de señas americana (ASL) y audios de La Viña en español.",Fuente: folleto P-52 de AA,,,,,https://www.aa.org/aa-grapevine-and-la-vina-our-meetings-print,"P-52, p. 10 (2018; research.md A2, High). The earliest video on the official channel UCI9uFLJ__aXT3-At0PlPWUQ is from April 2018 (data/site/videos.json). Playlists seen there: audio stories, 'American Sign Language', 'Zoom How to Instructionals', 'GVR/RLV', 'Audios de La Viña'; Workbook 2026 p. 15 mentions the service tutorials."
quiz-digital-not-official,yes,quiz,both,online;humor;app;podcast,,,,,,,Which of these is NOT one of the ways Grapevine and La Viña reach members?,A printed magazine|Phone apps|A weekly podcast|A radio station,4,,"No radio station! You can read them in print, online and in the apps, listen to the podcast and audio stories, and watch the YouTube channel.",Source: aa.org,,¿Cuál de estas NO es una de las formas en que La Viña y Grapevine llegan a los miembros?,Una revista impresa|Aplicaciones para el celular|Un podcast semanal|Una estación de radio,,"¡No hay estación de radio! Puedes leerlas impresas, en internet y en las aplicaciones, escuchar el podcast y las historias en audio, y ver el canal de YouTube.",Fuente: aa.org,,,,,https://www.aa.org/aa-grapevine-la-vina,"aa.org/aa-grapevine-la-vina (read 2026-10-02): the international journals of AA in print, digital and audio; a YouTube channel. Apps, podcast and YouTube: P-52, p. 10. Choice 2 was 'Free apps': only the download is free, so it now says 'Phone apps'."
quiz-digital-site-updates,yes,quiz,both,online;website;humor,,,,,,,How often does our committee's website update itself?,Once a year|Every day|Only when someone remembers,2,,"Every day! It reads the official Grapevine and La Viña sites and channels, so new issues, podcast episodes, videos, story themes and prices show up by themselves.",Source: our committee's website,,¿Cada cuánto se actualiza solo el sitio web de nuestro comité?,Una vez al año|Todos los días|Solo cuando alguien se acuerda,,"¡Todos los días! Lee los sitios y canales oficiales de La Viña y Grapevine, así que los números nuevos, los episodios del podcast, los videos, los temas para escribir y los precios aparecen solos.",Fuente: el sitio web de nuestro comité,,,,{site}about/,https://neta65.github.io/aagrapevine/,"config/site.yml header: everything else updates itself every day via GitHub Actions (daily content sync commits in git log). Podcasts and videos come from the official feed and YouTube channel, hence 'sites and channels'. Spanish twin page: {site_es}about/."
truefalse-gvhist-older-than-conference,yes,truefalse,gv,history;conference,,,,,,,The Grapevine is older than AA's General Service Conference.,,true,,"True! The first issue came out in June 1944. Later issues reported the birth of AA's general service structure, and the Conference's Advisory Actions begin in 1951.",Source: aagrapevine.org,,El Grapevine es más antiguo que la Conferencia de Servicios Generales de AA.,,,"¡Verdadero! El primer número salió en junio de 1944. Números posteriores informaron del nacimiento de la estructura de servicios generales de AA, y las Acciones Recomendables de la Conferencia comienzan en 1951.",Fuente: aagrapevine.org,,,,,https://www.aagrapevine.org/history-aa-grapevine,"History page: later issues reported the birth of the General Service Structure. 1951: the span of M-39, Advisory Actions of the General Service Conference of Alcoholics Anonymous, 1951-2026 (research.md Key sources). The round-4 information workshop deck says the same."
truefalse-gvhist-started-64-pages,yes,truefalse,gv,history;format,,,,,,,The Grapevine started out as a 64-page magazine.,,false,,"False. Its first 18 issues were eight-page newsletters. Over the years it ran 32 and 48 pages, and today it has 64.",Source: aagrapevine.org,,El Grapevine empezó como una revista de 64 páginas.,,,"Falso. Sus primeros 18 números fueron boletines de ocho páginas. Con los años tuvo 32 y 48 páginas, y hoy tiene 64.",Fuente: aagrapevine.org,,,,,https://www.aagrapevine.org/evolution-magazine,
truefalse-gvhist-not-policy,yes,truefalse,gv,identity;editorial,,,,,,,Each Grapevine story is a statement of AA policy.,,false,,"False. Each story is one member's experience. Grapevine says its articles aren't AA policy, and printing one doesn't mean AA endorses it.",Source: aagrapevine.org,,Cada historia del Grapevine es una declaración de la política de AA.,,,Falso. Cada historia es la experiencia de un miembro. Grapevine aclara que sus artículos no son política de AA y que publicarlos no implica que AA los respalde.,Fuente: aagrapevine.org,,,,,https://www.aagrapevine.org/grapevine-editorial-policy,"Also the Statement of Purpose (aagrapevine.org/about-us; P-52, p. 3). Paraphrased, not quoted (Grapevine copyright)."
truefalse-gvhist-conference-review,yes,truefalse,gv,identity;conference,,,,,,,The General Service Conference reviews every Grapevine issue before it goes to print.,,false,,"False. A monthly magazine can't go through the yearly approval process. The Conference recognizes Grapevine as AA's international journal, and the editor chooses what's printed.",Source: aagrapevine.org,,La Conferencia de Servicios Generales revisa cada número del Grapevine antes de que se imprima.,,,"Falso. Una revista mensual no puede pasar por el proceso anual de aprobación. La Conferencia reconoce al Grapevine como la revista internacional de AA, y el editor elige qué se publica.",Fuente: aagrapevine.org,,,,,https://www.aagrapevine.org/grapevine-editorial-policy,"Service Manual 2024-2026, pp. 81 and 85 (research.md A3). The Conference does review Grapevine policies and proposed book topics."
truefalse-gvhist-gso-department,yes,truefalse,gv,identity;service,,,,,,,"AA Grapevine, Inc. is a department of the General Service Office.",,false,,"False. It's one of the two operating entities of the General Service Board, with its own board, staff and finances, separate from GSO.",Source: aa.org,,"AA Grapevine, Inc. es un departamento de la Oficina de Servicios Generales.",,,"Falso. Es una de las dos entidades operativas de la Junta de Servicios Generales, con su propia junta, su personal y sus finanzas, aparte de la OSG.",Fuente: aa.org,,,,,https://www.aa.org/aa-grapevine-la-vina,"Service Manual 2024-2026, p. 79; P-52, p. 8. The other entity is A.A. World Services, Inc."
truefalse-gvhist-slogans,yes,truefalse,gv,history,,,,,,,AA's slogans got their familiar hand-lettered look in the pages of the Grapevine.,,true,,"True, in issues from late 1956 and early 1957. The Grapevine also helped the Serenity Prayer spread throughout AA.",Source: aagrapevine.org,,Los lemas de AA estrenaron su conocido estilo rotulado a mano en las páginas del Grapevine.,,,"Verdadero, en números de fines de 1956 y principios de 1957. El Grapevine también ayudó a que la Oración de la Serenidad se difundiera en toda la Comunidad.",Fuente: aagrapevine.org,,,,,https://www.aagrapevine.org/aa-grapevines-contributions-aa,
truefalse-gvhist-big-book-stories,yes,truefalse,gv,history;books,,,,,,,Some stories in the Big Book first appeared in the Grapevine.,,true,,"True. The Grapevine first published more than a dozen of the stories in the Big Book's second, third and fourth editions.",Source: aagrapevine.org,,Algunas historias del Libro Grande aparecieron primero en el Grapevine.,,,"Verdadero. Más de una docena de historias de la segunda, tercera y cuarta ediciones del Libro Grande en inglés se publicaron primero en el Grapevine.",Fuente: aagrapevine.org,,,,,https://www.aagrapevine.org/aa-grapevines-contributions-aa,Contributions page: also the stories in AA in Prison: Inmate to Inmate and many quotations in As Bill Sees It. Edition numbers refer to the English Big Book.
truefalse-write-rejection,yes,truefalse,gv,writing,,,,,,,"If Grapevine doesn't choose your story, you'll get a rejection letter.",,false,,"Grapevine doesn't send rejection letters. The editors get in touch when a story is selected, and submissions are kept on file for future issues.",Source: Grapevine Workbook (aagrapevine.org),,"Si Grapevine no elige tu historia, recibirás una carta de rechazo.",,,"Grapevine no envía cartas de rechazo. Los editores se comunican contigo cuando eligen tu historia, y guardan lo que reciben para futuras ediciones.",Fuente: Libro de trabajo de Grapevine (aagrapevine.org),,,,,https://www.aagrapevine.org/gvr-resources,"GVR Workbook 2026 (A Guide to the Grapevine, March 2026), pp. 42-43: no rejection letters, contacted only when selected, submissions kept on file. research.md C1, C5. Grapevine only: La Vina sends every writer an acknowledgment (see truefalse-write-lv-ack)."
truefalse-service-gso-contributions,yes,truefalse,gv,service;self-support,,,,,,,"When your group sends a contribution to the General Service Office, part of it pays for Grapevine.",,false,,"False. Contributions to AA do not support Grapevine, which is supported through sales of the magazine and related items.",Source: aa.org,,"Cuando tu grupo envía una contribución a la Oficina de Servicios Generales, una parte sostiene a Grapevine.",,,"Falso. Las contribuciones a AA no sostienen a Grapevine, que se mantiene con la venta de la revista y de artículos relacionados.",Fuente: aa.org,,,,,https://www.aa.org/faq/does-my-contribution-aa-support-grapevine,"aa.org FAQ 'Does my contribution to A.A. support the Grapevine?': 'No, contributions to A.A. do not support Grapevine.' Checked 2026-10-02. This row is about Grapevine only (pub gv): La Viña's shortfall is covered by the General Service Board (see truefalse-service-gsb-supports-lavina)."
truefalse-service-1978-table,yes,truefalse,gv,service;history,2,,,,,,Grapevine tables at assemblies and conventions go back to a recommendation of the General Service Conference.,,true,,"True. In 1978 the Conference recommended that a Grapevine information table be a regular feature at all conferences, conventions and assemblies. Like this one!","Source: Advisory Actions (M-39), p. 53",,Las mesas de Grapevine en asambleas y convenciones vienen de una recomendación de la Conferencia de Servicios Generales.,,,"Verdadero. En 1978, la Conferencia recomendó que una mesa de información de Grapevine fuera parte habitual de todas las conferencias, convenciones y asambleas. ¡Como esta!","Fuente: Acciones Recomendables (M-39, en inglés), p. 53",,,,,https://www.aa.org/sites/default/files/literature/M-39_0825.pdf,"1978 Advisory Action, M-39 Advisory Actions 1951–2026, p. 53: 'A Grapevine information table be made a regular feature at all conferences, conventions, and assemblies.' Read in the official copy on 2026-10-02. Not in research.md: confirmed by the fact-checker in the official M-39 (the aa.org address forwards to the copy on aaws.widen.net) on 2026-10-03. The 1959 actions (pp. 51–52) had already asked for Grapevine displays at conferences and conventions, so 'go back to a recommendation of the Conference' holds either way."
truefalse-digital-podcast-free,yes,truefalse,gv,podcast;online;subscribe,,,,,,,You need a subscription to listen to the Grapevine podcast.,,false,,False. It's free on aagrapevine.org and in podcast apps. Grapevine takes no contributions; subscriptions and book sales support it.,Source: aagrapevine.org/podcasts,,Necesitas una suscripción para escuchar el podcast de Grapevine.,,,Falso. Es gratis en aagrapevine.org y en las apps de podcasts. Grapevine no acepta contribuciones; lo sostienen las suscripciones y la venta de libros.,Fuente: aagrapevine.org/podcasts,,,,,https://www.aagrapevine.org/podcasts,"aagrapevine.org/podcasts (read 2026-10-02): provided at no charge; to support it, subscribe to the magazine or buy a book. 'Wherever you get your podcasts': GV Today F-188 (2025). No contributions: A.A. Service Manual 2024-2026, p. 66; aa.org/aa-grapevine-la-vina (supported through subscription sales and related items)."
truefalse-lv-five-year-trial,yes,truefalse,lv,history,,,,,,,La Viña began as a trial planned for up to five years.,,true,,"True! In 1995 the Conference asked the General Service Board to fund a trial of up to five years. In 2001 it recommended that La Viña continue, supported by the Board as a service to the Fellowship.",Source: aagrapevine.org,,La Viña empezó como una prueba de hasta cinco años.,,,"¡Cierto! En 1995 la Conferencia pidió a la Junta de Servicios Generales financiar una prueba de hasta cinco años. En 2001 recomendó que La Viña siguiera, con el apoyo de la Junta, como un servicio a la Comunidad.",Fuente: aagrapevine.org,,,,,https://www.aagrapevine.org/history-aa-lavina,"aagrapevine.org/history-aa-lavina ('a five-year experiment'); P-52 (2026), p. 7 ('an experimental period not to exceed five years'); M-39, p. 56 (1995: funding for up to five years from the GSB Reserve Fund; 2001: continue, supported by the GSB as a service to the Fellowship)."
truefalse-lv-anniversary-july,yes,truefalse,lv,history,,,,,,,La Viña celebrates its anniversary in July.,,true,,"True! Its first issue came out in 1996, and La Viña keeps its anniversary in July. In 2026 it turned 30.",Source: aagrapevine.org,,La Viña celebra su aniversario en julio.,,,¡Cierto! Su primer número salió en 1996 y La Viña celebra su aniversario en julio. En 2026 cumplió 30 años.,Fuente: aagrapevine.org,,,,,https://www.aagrapevine.org/gvr-resources,"Grapevine Workbook (2026, Workbook-Mach-2026 at aagrapevine.org/gvr-resources), p. 60: 'La Viña celebrates its anniversary during the month of July' (re-read 2026-10-02; research.md C11, High); 'La Viña 30 Aniversario' postcard, aalavina.org/recursos."
truefalse-lv-only-translations,yes,truefalse,lv,writing,,,,,,,La Viña just translates Grapevine stories into Spanish.,,false,,"False! At first it relied on translations, but thanks to its readers, most of what La Viña publishes today is written in Spanish. A few pieces still come from Grapevine.",Source: aalavina.org,,La Viña solo traduce al español las historias del Grapevine.,,,"¡Falso! En sus comienzos usaba traducciones del inglés; hoy, gracias a sus lectores, la mayor parte de lo que publica está escrito originalmente en español. Algunos textos todavía vienen del Grapevine.",Fuente: aalavina.org,,,,,https://www.aalavina.org/recursos,"'Historia de La Viña' (aalavina.org/recursos, rev. Aug. 2020): at first it depended on translations; today 'la mayor parte' (most) of what it publishes is original Spanish. P-52 (2026), pp. 4 and 8 ('original Spanish-language stories')."
truefalse-lv-local-newsletters,yes,truefalse,lv,service,,,,,,,La Viña competes with local AA newsletters.,,false,,"False! As one of AA's international journals, La Viña never competes with national or local AA magazines or newsletters. It gladly works with them and shares experience.",Source: aalavina.org,,La Viña compite con los boletines locales de AA.,,,"¡Falso! Como revista internacional de AA, La Viña no compite con las revistas ni los boletines de AA de cada país o localidad; al contrario, con gusto colabora y comparte experiencias con ellos.",Fuente: aalavina.org,,,,,https://www.aalavina.org/recursos,"Manual del Representante de La Viña (2025), pp. 8-9, at aalavina.org/recursos (never competes with national or local AA magazines or newsletters; gladly accepts invitations to collaborate and share experience)."
truefalse-write-lv-ack,yes,truefalse,lv,writing,,,,,,,"La Viña lets every writer know their story arrived, even if it isn't published.",,true,,"Every submission gets a notice that it was received. If yours is accepted, La Viña sends you a letter to sign the copyright release.",Source: aalavina.org,,"La Viña le avisa a cada persona que su historia llegó, aunque no se publique.",,,"Todas las colaboraciones reciben un aviso de que llegaron. Si aceptan la tuya, La Viña te envía una carta para que firmes la cesión de los derechos de autor.",Fuente: aalavina.org,,,,,https://www.aalavina.org/guia-para-contribuciones,"aalavina.org/guia-para-contribuciones (read 2026-10-02): todas las colaboraciones reciben una notificacion de que si se han recibido; carta para firmar derechos de autor. Paraphrased. research.md C5, C8."
truefalse-write-grammar,yes,truefalse,both,writing;newcomer,2,,,,,,You need perfect grammar and spelling to write for Grapevine or La Viña.,,false,,"Not at all! Spelling is the editors' job, and stories are edited before they're printed. Write the way you'd share at your home group.",Source: A.A. Service Manual · aagrapevine.org,,Necesitas una gramática y una ortografía perfectas para escribir en La Viña o en Grapevine.,,,"¡Para nada! La ortografía es trabajo de los editores, y las historias se editan antes de publicarse. Escribe como compartirías en tu grupo base.",Fuente: Manual de Servicio de A.A. · aagrapevine.org,,,,,https://www.aagrapevine.org/guidelines-contributing-grapevine,"A.A. Service Manual 2024-2026, p. 85, FAQ 7 (members encouraged to submit even if they think grammar and spelling aren't perfect); GVR Workbook p. 43 (spelling is the editors' job); GV Editorial Policy (light editing). research.md C1, C8, Q13."
truefalse-write-any-topic,yes,truefalse,both,writing,,,,,,,You can send a story even if it doesn't fit a current theme.,,true,,"Each issue has a featured theme, but it also carries stories on many other parts of AA life, and those are welcome any time. La Viña even invites you to pick your own topic.",Source: aalavina.org · aagrapevine.org,,Puedes enviar una historia aunque no coincida con ningún tema del momento.,,,"Cada edición tiene un tema principal, pero también trae historias sobre muchos otros aspectos de la vida en AA, y esas son bienvenidas en cualquier momento. La Viña hasta te invita a elegir tu propio tema.",Fuente: aalavina.org · aagrapevine.org,,,,,https://www.aalavina.org/temas-sugeridos,"GVR Workbook 2026 p. 42: each issue is made up of a variety of articles, not only the featured topic; a story that misses a deadline is considered for a future issue. aagrapevine.org/contribute (read 2026-10-02): 'you are not confined to these topics'. aalavina.org/temas-sugeridos (read 2026-10-02, linked from Graba tu historia): suggestions, 'Siéntete libre de elegir otro tema'; aalavina.org/comparte: 'Siempre estamos aceptando manuscritos'. research.md C5, C10."
truefalse-service-one-year-term,yes,truefalse,both,service;gvr;rlv,,,,,,,Every GVR and RLV must serve exactly one year.,,false,,"False. The group conscience decides how long its rep serves; two years is common. When you rotate out, let the office know so its records stay current.","Source: GVR Workbook (2026), p. 24; RLV Manual (2025), pp. 6–7",,Todo RLV y GVR debe servir exactamente un año.,,,"Falso. La conciencia de grupo decide cuánto dura el servicio; es común que dure dos años. Cuando rotes, avísale a la oficina para que sus registros estén al día.","Fuente: Manual del RLV (2025), pp. 6–7; GVR Workbook (2026, en inglés), p. 24",,,,,https://www.aalavina.org/recursos,"Manual del RLV 2025 (aalavina.org/recursos) p. 6 (two years suggested, by election or appointment) and p. 7 (tell the office at rotation); GVR Workbook March 2026 (aagrapevine.org/gvr-resources) p. 24 (1–2 years, depending on the group). research.md B2; checked 2026-10-02; paraphrased."
truefalse-service-gsr-and-gvr,yes,truefalse,both,service;gvr;rlv,,,,,,,"A group can have both a GSR and a GVR or RLV, and they're encouraged to work together.",,true,,"True. Many groups have both, and they're encouraged to coordinate where it helps. Reps often find their GSR a great partner.","Source: GVR Workbook (2026), pp. 34, 62",,"Un grupo puede tener un RSG y también un RLV o GVR, y se les anima a trabajar juntos.",,,"Verdadero. Muchos grupos tienen ambos, y se les anima a coordinarse cuando conviene. Los representantes suelen encontrar en su RSG un gran compañero de servicio.","Fuente: GVR Workbook (2026, en inglés), pp. 34 y 62",,,,,https://www.aagrapevine.org/gvr-resources,"GVR Workbook March 2026 p. 62 (glossary: a local group often has both a GSR and a GVR, encouraged to coordinate where appropriate) and p. 34 (the GSR as an ally); research.md B4; paraphrased; checked 2026-10-02."
truefalse-service-plain-packaging,yes,truefalse,both,service;anonymity;subscribe,,,,,,,Grapevine and La Viña subscriptions arrive in envelopes marked “Alcoholics Anonymous.”,,false,,"False. They come in plain packaging with no reference to AA, to protect the reader's anonymity.","Source: GVR Workbook (2026), p. 32; RLV Manual (2025), p. 10",,Las suscripciones de La Viña y Grapevine llegan en sobres que dicen «Alcohólicos Anónimos».,,,"Falso. Llegan en un empaque sencillo que no menciona a AA, para proteger el anonimato de quien las recibe.","Fuente: Manual del RLV (2025), p. 10; GVR Workbook (2026, en inglés), p. 32",,,,,https://www.aagrapevine.org/gvr-resources,"GVR Workbook March 2026 p. 32 (special packaging to protect anonymity; the return address is simply 'Grapevine'); Manual del RLV 2025 p. 10 (discreet envelope, no reference to AA). research.md A5; paraphrased; checked 2026-10-02."
truefalse-service-no-pressure,yes,truefalse,both,service;gvr;rlv;traditions,,,,,,,Being a GVR or RLV means pressing members until they subscribe.,,false,,"False. Reps share information and their own experience, with no pressure. Grapevine says its ideas for reps aren't orders, and a less interested group is within its rights (Tradition Four).","Source: GVR Workbook (2026), pp. 3, 52; Advisory Actions (M-39), p. 52",,Ser RLV o GVR significa presionar a los miembros hasta que se suscriban.,,,"Falso. El representante comparte información y su propia experiencia, sin presionar. Grapevine dice que sus ideas para los representantes no son órdenes, y un grupo con menos interés está en su derecho (Cuarta Tradición).","Fuente: GVR Workbook (2026, en inglés), pp. 3 y 52; Acciones Recomendables (M-39, en inglés), p. 52",,,,,https://www.aagrapevine.org/gvr-resources,"GVR Workbook March 2026 p. 3 (its ideas are not 'marching orders') and p. 52 (less interested groups: 'their right in AA'; Tradition Four), paraphrased; 1960 Advisory Action (M-39 p. 52): informative attitude, not hard sell. research.md B1, D1; checked 2026-10-02."
truefalse-digital-yt-comments,yes,truefalse,both,youtube;traditions;online,,,,,,,Comments are not shown on the official Grapevine & La Viña YouTube channel.,,true,,True. That's in keeping with a 2017 General Service Conference Advisory Action. Just press play!,Source: Conference Advisory Actions (M-39),,En el canal oficial de YouTube de La Viña y Grapevine no se muestran comentarios.,,,Cierto. Esto concuerda con una Acción Recomendable de la Conferencia de Servicios Generales de 2017. ¡Solo dale play!,Fuente: Acciones Recomendables de la Conferencia (M-39),,,,,https://www.aa.org/sites/default/files/literature/M-39_0825.pdf,"M-39 Advisory Actions of the General Service Conference 1951-2026, p. 57 (2017 action); research.md A5 (High). The old explanation added a reason ('so you can simply listen to members' stories') that no source gives. youtube.com cannot be read from here; check the channel before each event. Reviewer: source_url is aa.org's M-39 link; on 2026-10-03 it redirected to aaws.widen.net M-39_Advisory_Actions_ONLINE.pdf, the 1951-2026 edition, p. 57. The 2017 action: a guarantee that 'comments not be shown on the A.A. Grapevine YouTube pages'."
truefalse-digital-apps-cost,yes,truefalse,both,app;online;subscribe,,,,,,,You have to pay to download the Grapevine and La Viña apps.,,false,,False. Both apps are free on the App Store and Google Play. Reading the magazines in them needs a digital or Complete subscription.,Source: aagrapevine.org/apps; aalavina.org/aplicaciones,,Hay que pagar para descargar las aplicaciones de La Viña y Grapevine.,,,Falso. Las dos aplicaciones son gratis en App Store y Google Play. Para leer las revistas en ellas necesitas una suscripción digital o completa.,Fuente: aalavina.org/aplicaciones; aagrapevine.org/apps,,,,,https://www.aagrapevine.org/apps,"aagrapevine.org/apps and aalavina.org/aplicaciones, read 2026-10-02: free download from the Apple App Store and Google Play; new digital users subscribe (Digital or Complete) for the magazine and the archive."
truefalse-digital-speaker-recordings,yes,truefalse,both,audio;anonymity;traditions,,,,,,,Grapevine and La Viña collect recordings of speakers at AA meetings for their audio stories.,,false,,"False. Grapevine doesn't collect recordings of speakers at AA meetings, and La Viña doesn't collect them at AA events. Their audio projects are for members who record their own story, by phone or as a WAV or MP3 file.",Source: aagrapevine.org; aalavina.org,,La Viña y Grapevine recolectan grabaciones de oradores en reuniones de AA para sus historias en audio.,,,"Falso. La Viña no recolecta grabaciones de oradores en eventos de AA, ni Grapevine en reuniones de AA. Sus proyectos de audio son para miembros que graban su propia historia, por teléfono o en un archivo WAV o MP3.",Fuente: aalavina.org; aagrapevine.org,,,,,https://www.aagrapevine.org/audio-portal,GV: does not collect recordings from speakers at AA meetings (aagrapevine.org/audio-portal). LV: no recolectará grabaciones de oradores en eventos de AA (aalavina.org/temas-sugeridos). Both read 2026-10-02. The explanation now keeps each page's own scope (meetings vs. events). The statement is false on Grapevine's page alone.
fill-gvhist-digest,yes,fill,gv,history;format,,,,,,,"In 1948, the Grapevine went from a three-column newsletter to the ___ size it still has today.",,,digest,"Digest size! Today's Grapevine has 64 pages, all in full color.",Source: aagrapevine.org,,"En 1948, el Grapevine pasó de ser un boletín de tres columnas a su actual tamaño ___ (tipo digest).",,compacto,¡Tamaño compacto! El Grapevine de hoy tiene 64 páginas a todo color.,Fuente: aagrapevine.org,,,,,https://www.aagrapevine.org/evolution-magazine,aagrapevine.org/evolution-magazine (1948; 64 pages; full color since March 2009). Only the year 1948 is verified (not 'Sept. 1948'). Reworded so it does not copy the page's sentence.
fill-gvhist-founders,yes,fill,gv,history;founders,,,,,,,The Grapevine was started in 1944 by six AA members: four women and ___ men.,,,two,"With Bill W.'s blessing, they sent the first issue to every AA group, about 300 at the time.",Source: aagrapevine.org,,"En 1944, seis miembros de AA fundaron el Grapevine: cuatro mujeres y ___ hombres.",,dos,"Con la bendición de Bill W., enviaron el primer número a todos los grupos de AA, unos 300 en ese entonces.",Fuente: aagrapevine.org,,,,,https://www.aagrapevine.org/history-aa-grapevine,
fill-write-traditions,yes,fill,gv,writing;traditions,,,,,,,Grapevine's editors say they always need stories about Steps 4 through 12 and about every ___.,,,Tradition,Each issue carries a story on a Step and one on a Tradition. Your experience with any of them could fill a page.,,,Los editores de Grapevine dicen que siempre necesitan historias sobre los Pasos del 4 al 12 y sobre cada ___.,,Tradición,Cada edición trae una historia sobre un Paso y otra sobre una Tradición. Tu experiencia con cualquiera de ellos podría llenar una página.,,,,,,https://www.aagrapevine.org/contribute,aagrapevine.org/contribute (read 2026-10-02): 'We are always in need of stories of your experience on Steps 4-12 and on every Tradition' and 'Each issue also includes a story on the Traditions and the Steps'. Writing Workshop Guidelines: 'We run one every month'. research.md C2.
fill-digital-podcast-mondays,yes,fill,gv,podcast;online,,,,,,,New episodes of the official Grapevine podcast usually come out on ___.,,,Mondays,Weekly since October 2021: about half an hour of members sharing. Our Listen page has a player that remembers where you left off.,Source: aagrapevine.org/podcasts,,Los episodios nuevos del podcast oficial de Grapevine suelen salir los ___.,,lunes,Sale cada semana desde octubre de 2021: una media hora en la que comparten miembros de AA (en inglés). Nuestra página Escuchar tiene un reproductor que recuerda dónde te quedaste.,Fuente: aagrapevine.org/podcasts,,,,{site}listen/,https://www.aagrapevine.org/podcasts,"All 261 Mondays from Oct. 4, 2021 to Sept. 28, 2026 have an episode, plus 2 on other days: 263 in all (data/site/episodes.json). Workbook 2026 p. 14: a new podcast is posted every Monday. GV Today F-188: weekly 30-minute podcast. research.md A5 (High). 'Almost every week' changed to 'Weekly' (no week was missed)."
fill-digital-archive-june,yes,fill,gv,archive;history;online,,,,,,,"Grapevine's Story Archive holds almost every article and letter since ___ 1944, the very first issue.",,,June,Digital and Complete subscribers can explore it on the web and in the app. La Viña's archive goes back to 1996.,Source: A.A. Service Manual,,"El archivo de historias de Grapevine guarda casi todos los artículos y cartas desde ___ de 1944, el primer número.",,junio,Quienes tienen suscripción digital o completa pueden explorarlo en la web y en la aplicación. El archivo de La Viña comienza en 1996.,Fuente: Manual de Servicio de A.A.,,,,,https://www.aagrapevine.org/apps,"A.A. Service Manual 2024-2026, p. 83 (almost every Grapevine article and letter ever published); from the first issue in June 1944: GVR Handbook 2024, p. 9 (read 2026-10-03). La Viña since 1996: La Viña Hoy 2025. No story counts. Subscription opens the archive: aagrapevine.org/apps (read 2026-10-02). ES 'llega hasta 1996' (could read as 'ends in 1996') changed to 'comienza en 1996'."
fill-lv-meeting-in-print,yes,fill,lv,history,,,,,,,Spanish-speaking members call La Viña their meeting in ___.,,,print,"La Viña is AA's meeting in print, in Spanish: members' stories to read wherever and whenever you like.",Source: aalavina.org,,Los miembros de habla hispana llaman a La Viña su reunión ___.,,impresa,La Viña es nuestra reunión impresa en español: historias de miembros para leer donde y cuando quieras.,Fuente: aalavina.org,,,,,https://www.aalavina.org/recursos,"'Nuestra reunión impresa': La Viña's Política Editorial (aalavina.org/recursos); P-52 (2026), p. 4."
fill-lv-courtesy-copy,yes,fill,lv,writing,,,,,,,"If La Viña publishes your story, you receive a ___ copy of that issue.",,,free,"La Viña doesn't pay for stories, but published writers get a copy of the issue. If your story is chosen, La Viña sends you a letter with a copyright release to sign.",Source: aalavina.org,,"Si La Viña publica tu historia, te envía un ejemplar de ___ de ese número.",,cortesía,"La Viña no paga por las historias, pero quienes publican reciben un ejemplar. Si eligen tu historia, te envían una carta para firmar la cesión de los derechos de autor.",Fuente: aalavina.org,,,,,https://www.aalavina.org/guia-para-contribuciones,aalavina.org/guia-para-contribuciones ('un ejemplar de cortesía'; copyright letter); Política Editorial (unpaid).
fill-lv-typed-pages,yes,fill,lv,writing,,,,,,,Typing your story for La Viña? The suggested length is about ___ double-spaced pages.,,,five or six,5 to 6 double-spaced pages. Writing by hand? Make it easy to read and use one side of the paper.,Source: aalavina.org,,¿Escribes tu historia en computadora? La extensión sugerida es de unas ___ páginas a doble espacio.,,cinco o seis,De 5 a 6 páginas a doble espacio. ¿La escribes a mano? Que sea legible y en un solo lado de la hoja.,Fuente: aalavina.org,,,,,https://www.aalavina.org/guia-para-contribuciones,"aalavina.org/guia-para-contribuciones. Do not use the 2020 Pautas' '9 handwritten pages' (research.md Open question 11). 300-1,800 words is Grapevine's guideline, not La Viña's."
fill-lv-sections,yes,fill,lv,writing,,,,,,,"La Viña's sections include Pasos y Tradiciones, Veteranos, Servicio and Jóvenes en ___.",,,AA,"Jóvenes en AA (young people in AA). The other three: Steps and Traditions, old-timers and service. Picking a section can help you focus your first story.",Source: aalavina.org,,"Entre las secciones de La Viña están Pasos y Tradiciones, Veteranos, Servicio y Jóvenes en ___.",,AA,Jóvenes en AA. Elegir una sección puede ayudarte a enfocar tu primera historia.,Fuente: aalavina.org,,,,,https://www.aalavina.org/recursos,"Pautas para Colaborar con La Viña (2020), aalavina.org/recursos; research.md C3 (High). 'Si las paredes hablaran' is Grapevine's section, not La Viña's - left out."
fill-write-step-twelve,yes,fill,both,writing,,,,,,,Writing your story for Grapevine or La Viña is ___ Step work: it carries the message to another alcoholic.,,,Twelfth,"A story written today may reach someone years later, in a prison, a hospital or a library.",,,Escribir tu historia para La Viña o Grapevine es trabajo del Paso ___: le lleva el mensaje a otro alcohólico.,,Doce,"Una historia escrita hoy puede llegar a alguien años después, en una prisión, un hospital o una biblioteca.",,,,,,https://www.aalavina.org/guia-para-contribuciones,"LV guidelines: your article is a Twelfth Step, it carries the message (paraphrased). GVR Handbook (2024) p. 12: writing is Twelfth Step work; a story may reach someone years later in a prison, hospital or library (paraphrased). research.md C1, C2."
fill-write-keep-copy,yes,fill,both,writing,,,,,,,"Manuscripts aren't sent back, so keep a ___ of your story before you send it.",,,copy,"Writers aren't paid for their stories. Sending yours to Grapevine? Use the website or email, not both.",,,Los manuscritos no se devuelven: guarda una ___ de tu historia antes de enviarla.,,copia,"No se paga por las historias. ¿Envías la tuya a Grapevine? Usa el sitio web o el correo electrónico, no los dos.",,,,,,https://www.aagrapevine.org/guidelines-contributing-grapevine,"GV guidelines (read 2026-10-02): keep a copy, manuscripts cannot be returned; do not submit via the website what you already sent by email. GV Editorial Policy: no payment, material not returned. La Vina Politica Editorial (2020): contributions unpaid and not returned. Paraphrased. research.md C6, C8, A7."
fill-digital-three-formats,yes,fill,both,print;online;audio,,,,,,,"Grapevine and La Viña come in three formats: print, digital and ___.",,,audio,"Read them on paper or on a screen, or listen. Audio stories come with digital subscriptions; check the store for what each plan includes.",Source: aa.org,,"La Viña y Grapevine vienen en tres formatos: impreso, digital y ___.",,audio,"Léelas en papel o en pantalla, o escúchalas. Las historias en audio vienen con las suscripciones digitales; revisa en la tienda qué incluye cada plan.",Fuente: aa.org,,,,,https://www.aa.org/aa-grapevine-la-vina,"aa.org: international journals of AA in print, digital and audio (read 2026-10-02). Audio-with-digital wording exactly as research.md Open question 8 suggests (which plan includes audio is Medium)."
scramble-gvhist-preamble,yes,scramble,gv,history;preamble,,,,,,,"Unscramble it! A Grapevine editor wrote it, and it first appeared in the June 1947 issue.",,,Preamble,The AA Preamble says what AA is and what it is not. Its wording was updated after the 2021 General Service Conference (“men and women” became “people”).,Source: P-52 (aa.org),,"¡Ordena las letras! Lo escribió un editor del Grapevine, y apareció por primera vez en el número de junio de 1947.",,Preámbulo,El Preámbulo de AA dice qué es AA y qué no es. Su texto en inglés se actualizó tras la Conferencia de Servicios Generales de 2021 («men and women» pasó a ser «people»).,Fuente: P-52 (aa.org),,,,,https://www.aa.org/aa-grapevine-and-la-vina-our-meetings-print,"P-52, p. 5 (written by one of Grapevine's first editors, June 1947) and p. 2 (under the Preamble: revised per the 2021 General Service Conference); M-39, p. 57; Service Manual 2024-2026, p. 170."
scramble-gvhist-traditions,yes,scramble,gv,history;traditions,,,,,,,Unscramble it! Bill W. first sketched these out in the April 1946 Grapevine.,,,Traditions,"The Twelve Traditions. Today they appear in the magazine regularly, along with the Steps and the Preamble.",Source: aagrapevine.org,,¡Ordena las letras! Bill W. las esbozó por primera vez en el Grapevine de abril de 1946.,,Tradiciones,"Las Doce Tradiciones. Hoy aparecen con regularidad en la revista, junto con los Pasos y el Preámbulo.",Fuente: aagrapevine.org,,,,,https://www.aagrapevine.org/aa-grapevines-contributions-aa,"Regular appearance of the Steps, Traditions and Preamble: aagrapevine.org/evolution-magazine; GVR Handbook 2024, p. 7 (they appear in every issue)."
scramble-digital-podcast,yes,scramble,gv,podcast;online;humor,,,,,,,"Unscramble it: free, weekly and full of AA members' stories. Listen on the drive to your home group!",,,PODCAST,"The AA Grapevine Half-Hour Variety Hour comes out on Mondays, free on aagrapevine.org and in podcast apps.",Source: aagrapevine.org/podcasts,,"Ordena las letras: gratis, semanal y lleno de historias de miembros de AA. ¡Escúchalo camino a tu grupo base!",,PODCAST,"El podcast de Grapevine (en inglés) sale los lunes, gratis en aagrapevine.org y en las apps de podcasts.",Fuente: aagrapevine.org/podcasts,,,,,https://www.aagrapevine.org/podcasts,"Answer: 7 letters in both languages. Mondays: data/site/episodes.json (every Monday since Oct. 4, 2021) and Workbook 2026 p. 14; free: aagrapevine.org/podcasts."
scramble-lv-anniversary,yes,scramble,lv,history,,,,,,,Clue: La Viña celebrates one every July. In 2026 it was the 30th.,,,ANNIVERSARY,"Anniversary! 1996–2026: thirty years of La Viña, since its first issue.",Source: aalavina.org,,Pista: La Viña celebra uno cada julio. En 2026 fue el 30.º.,,ANIVERSARIO,"¡Aniversario! 1996–2026: treinta años de La Viña, desde su primer número.",Fuente: aalavina.org,,,,,https://www.aalavina.org/recursos,"'La Viña 30 Aniversario' postcard (aalavina.org/recursos); anniversary in July: Grapevine Workbook (2026), p. 60."
scramble-lv-vineyard,yes,scramble,lv,history,,,,,,,"Clue: what the name La Viña means in English, a place where grapes grow.",,,VINEYARD,"Vineyard! Since the new magazine would have an identity of its own, it was given a name of its own.",Source: aalavina.org,,"Pista: otra palabra para «viña», el lugar donde se cultivan las uvas.",,VIÑEDO,"¡Viñedo! Como la revista nueva iba a tener identidad propia, recibió un nombre propio.",Fuente: aalavina.org,,,,,https://www.aalavina.org/recursos,"'Historia de La Viña' (aalavina.org/recursos, rev. Aug. 2020): why the name (its own identity, so its own name). Its mention of wine is left out on purpose."
scramble-lv-sponsor,yes,scramble,lv,writing,,,,,,,Clue: one story topic La Viña suggests is what you learned from this person who guides you through the Steps.,,,SPONSOR,"Your sponsor! It's one of La Viña's suggested story topics. Write it down, or record it by phone.",Source: aalavina.org,,Pista: uno de los temas que sugiere La Viña es lo que aprendiste de esta persona que te guía en los Pasos.,,PADRINO,¡Tu padrino (o madrina)! Es uno de los temas que sugiere La Viña. Escríbelo o grábalo por teléfono.,Fuente: aalavina.org,,,,,https://www.aalavina.org/temas-sugeridos,"aalavina.org/temas-sugeridos (topic list paraphrased, not copied)."
scramble-digital-lv-app,yes,scramble,lv,app;online,,,,,,,"Unscramble it (two words): La Viña's is free on the App Store and Google Play, and now you can get it anywhere in the world.",,,MOBILE APP,Download it free; reading La Viña in it needs a digital or Complete subscription.,Source: aalavina.org,,"Ordena las letras: la de La Viña es gratis en App Store y Google Play, y ahora se descarga en todo el mundo.",,APLICACIÓN,Descárgala gratis; para leer La Viña en ella necesitas una suscripción digital o completa.,Fuente: aalavina.org,,,,,https://www.aalavina.org/aplicaciones,"MOBILE APP = 9 letters; APLICACIÓN = 10 letters. Worldwide: La Viña News, Sept.-Oct. 2026 (research.md A5, High)."
scramble-write-story,yes,scramble,both,writing,,,,,,,"Every member has one, and Grapevine and La Viña are full of them.",,,STORY,Your story could be exactly what another alcoholic needs to read. Ask us how to send it in.,,,"Todo miembro tiene una, y La Viña y Grapevine están llenas de ellas.",,HISTORIA,Tu historia puede ser justo lo que otro alcohólico necesita leer. Pregúntanos cómo enviarla.,,,,,,https://www.aagrapevine.org/guidelines-contributing-grapevine,Who writes them: AA members write almost all the stories (P-52 p. 9; Service Manual p. 81; research.md A1). Wording follows /contribute/ subtitle.
scramble-write-anonymity,yes,scramble,both,writing;anonymity,,,,,,,"Bylines protect it: first name and last initial only, or no name at all.",,,ANONYMITY,"Your full name stays with the office. In Grapevine, you choose how it appears: first name and last initial, initials only, or ""Anonymous.""",,,"Las firmas lo protegen: solo nombre de pila e inicial del apellido, o ningún nombre.",,ANONIMATO,"Tu nombre completo se queda en la oficina. En Grapevine eliges cómo aparece: nombre de pila e inicial, solo iniciales o «Anónimo».",,,,,,https://www.aagrapevine.org/submit-your-story,"Submit form byline options (read 2026-10-02): First and Last Initials Only / First Name and Last Initial / Anonymous. SMF-197 p. 1: first names and last initials in printed articles (research.md Q17, D2). The three options are verified for Grapevine only, so the Spanish text says 'En Grapevine'."
scramble-write-workshop,yes,scramble,both,writing;service,,,,,,,"Members, pens, paper and coffee, writing their stories together. (Hint: a writing …)",,,WORKSHOP,Didn't finish? Take your story home and send it in when it's ready. Our committee can help your group or district plan a writing workshop. Ask us!,,,"Miembros, plumas, papel y café para escribir juntos sus historias. (Pista: un … de escritura)",,TALLER,¿No terminaste? Llévate tu historia a casa y envíala cuando esté lista. Nuestro comité puede ayudar a tu grupo o distrito a organizar un taller de escritura. ¡Pregúntanos!,,,,,,https://www.aagrapevine.org/gvr-resources,"Writing Workshop Guidelines (aagrapevine.org/gvr-resources, dated 1.12.21, read 2026-10-02): pens and paper on hand; 'If you don't finish, please take your story home and finish it' (paraphrased). research.md C11. Committee offer = /contribute/#workshop (read.contrib.ws_text). Not used: 'each member sends their own story' (the official guidelines suggest collecting the stories; research.md Don't 14 still applies: never send a story without its writer's consent)."
scramble-digital-archive,yes,scramble,both,archive;online,,,,,,,"Unscramble it: almost every Grapevine story since 1944 lives here, for digital subscribers.",,,ARCHIVE,"The Story Archive opens with a digital or Complete subscription, on the web and in the app. La Viña's archive goes back to 1996.",Source: A.A. Service Manual; aagrapevine.org,,Ordena las letras: aquí viven las historias de La Viña desde 1996 y casi todas las de Grapevine desde 1944.,,ARCHIVO,"El archivo se abre con una suscripción digital o completa, en la web y en la aplicación.",Fuente: Manual de Servicio de A.A.; aalavina.org,,,,,https://www.aagrapevine.org/apps,"A.A. Service Manual 2024-2026, p. 83; La Viña Hoy 2025 (1996); aagrapevine.org/apps and aalavina.org/aplicaciones (subscription opens the archive). Spanish clue reordered so La Viña comes first."
scramble-digital-daily-quote,yes,scramble,both,quote;online,,,,,,,"Unscramble it (two words): a free line from a Grapevine story, in your inbox every day.",,,DAILY QUOTE,"Sign up free on aagrapevine.org. La Viña's version, in Spanish, is the Cita Diaria on aalavina.org.",Source: aagrapevine.org,,"Ordena las letras (dos palabras): una frase breve de una historia publicada, que La Viña te envía gratis cada día por correo.",,CITA DIARIA,"Inscríbete gratis en aalavina.org. La versión de Grapevine, en inglés, es el Daily Quote.",Fuente: aalavina.org,,,,,https://www.aagrapevine.org/,"DAILY QUOTE = 10 letters; CITA DIARIA = 10 letters. research.md A5 (High); La Viña News Sept.-Oct. 2026 p. 2 (free by email). ES clue said 'una historia de La Viña', but the Cita Diaria can quote a translated Grapevine book, so it now says 'una historia publicada'."
scramble-digital-record,yes,scramble,both,audio;writing,,,,,,,"Unscramble it: not much of a writer? You can do this with your story by phone, for Grapevine or La Viña.",,,RECORD,"Grapevine's Audio Project takes stories of 6 to 8 minutes; La Viña's Graba tu historia, up to 7. Both also take WAV or MP3 files by email.",Source: aagrapevine.org; aalavina.org,,Ordena las letras: ¿escribir no es lo tuyo? Puedes hacer esto con tu historia por teléfono para La Viña o Grapevine.,,GRABAR,"«Graba tu historia» de La Viña acepta hasta 7 minutos; el Proyecto de Audio de Grapevine, de 6 a 8. Las dos también reciben archivos WAV o MP3 por correo.",Fuente: aalavina.org; aagrapevine.org,,,,{site}contribute/,https://www.aagrapevine.org/audio-portal,"aagrapevine.org/audio-portal and aalavina.org/graba-tu-historia (data/site/audio_project.json, checked 2026-10-02). Spanish twin: {site_es}contribute/."
fact-gvhist-mail-call,yes,fact,gv,history;identity,2,,,,,Our meeting in print,"In the 1940s, AA members serving overseas wrote to a full page called “Mail Call for All AAs in the Armed Forces.” They named the Grapevine their “meeting in print,” and today Grapevine and La Viña carry the phrase on their covers.",,,,,Source: aagrapevine.org,Nuestra reunión impresa,"En los años 40, miembros de AA que servían en el extranjero escribían a una página entera llamada «Mail Call for All AAs in the Armed Forces». Llamaron al Grapevine su «reunión impresa», y hoy La Viña y Grapevine llevan la frase en sus portadas.",,,,Fuente: aagrapevine.org,,,,,https://www.aagrapevine.org/history-aa-grapevine,"Also P-52, p. 13 (research.md A1)."
fact-gvhist-early-pages,yes,fact,gv,history,,,,,,The early issues,"Early Grapevines mixed members' first-person stories with AA news, book reviews and even pieces by well-known writers who weren't AA members. Little by little, members' stories took over the pages.",,,,,Source: aagrapevine.org,Los primeros números,"Los primeros Grapevine mezclaban historias de miembros en primera persona con noticias de AA, reseñas de libros y hasta textos de escritores famosos que no eran de AA. Poco a poco, las historias de los miembros llenaron sus páginas.",,,,Fuente: aagrapevine.org,,,,,https://www.aagrapevine.org/evolution-magazine,"Also aagrapevine.org/history-aa-grapevine (book reviews, reprints, pieces by nonAAs including well-known literary figures). No writers named."
fact-gvhist-masthead,yes,fact,gv,history;editorial,,,,,,From the fourth issue,"By its fourth issue, the Grapevine described itself under its masthead as a monthly journal hoping to unite alcoholics everywhere, and noted that the opinions in it weren't necessarily AA's as a whole.",,,,,Source: aagrapevine.org,Desde el cuarto número,"Desde su cuarto número, el Grapevine se describía bajo su cabecera como una revista mensual que esperaba unir a los alcohólicos de todas partes, y aclaraba que las opiniones publicadas no eran necesariamente las de AA en su conjunto.",,,,Fuente: aagrapevine.org,,,,,https://www.aagrapevine.org/history-aa-grapevine,"Paraphrase of the masthead description quoted on the history page (both sentences are in the same italic block there, checked 2026-10-02). Grapevine copyright: do not quote it."
fact-gvhist-humor,yes,fact,gv,history;humor,,,,,,Humor from the start,"Laughter has always had a place in the Grapevine. Its first cartoon ran in issue number three, and in its second year a humor feature called “Barley Corn” joined the fun.",,,,,Source: aagrapevine.org,Humor desde el principio,"La risa siempre ha tenido su lugar en el Grapevine. Su primera caricatura salió en el número tres, y en su segundo año se sumó una sección de humor llamada «Barley Corn».",,,,Fuente: aagrapevine.org,,,,,https://www.aagrapevine.org/evolution-magazine,Not 'Victor E. 1958' (unverified; research.md A2).
fact-gvhist-man-on-bed,yes,fact,gv,history;twelfth-step,,,,,,“The Man on the Bed”,A volunteer Grapevine illustrator painted “The Man on the Bed” for the December 1955 issue. Many AAs cherish it as a reminder of the Twelfth Step call Bill W. and Dr. Bob made on AA number three.,,,,,Source: aagrapevine.org,«The Man on the Bed»,Un ilustrador voluntario del Grapevine pintó «The Man on the Bed» (El hombre en la cama) para el número de diciembre de 1955. Muchos AA atesoran esa pintura como recuerdo de la visita de Paso Doce que Bill W. y el Dr. Bob le hicieron al AA número tres.,,,,Fuente: aagrapevine.org,,,,https://www.aagrapevine.org/aa-grapevines-contributions-aa,https://www.aagrapevine.org/aa-grapevines-contributions-aa,"Also aagrapevine.org/evolution-magazine (volunteer illustrator, centerfold). Painter not named (anonymity). Never show the painting (Grapevine artwork)."
fact-gvhist-serenity-prayer,yes,fact,gv,history,,,,,,The Serenity Prayer,"The Grapevine printed the Serenity Prayer in its early issues, and that helped the prayer spread throughout AA. Since July 1967, it has appeared in the magazine regularly.",,,,,Source: aagrapevine.org,La Oración de la Serenidad,"El Grapevine publicó la Oración de la Serenidad en sus primeros números, y eso ayudó a que se difundiera en toda la Comunidad. Desde julio de 1967 aparece con regularidad en la revista.",,,,Fuente: aagrapevine.org,,,,,https://www.aagrapevine.org/aa-grapevines-contributions-aa,
fact-gvhist-editor-freedom,yes,fact,gv,identity;editorial,,,,,,The editor's freedom,The Conference Charter says: “…nothing herein shall compromise the Grapevine editor's right to accept or reject material for publication.”,,,,,"Reprinted from The A.A. Service Manual, 2024–2026 Edition, p. 81, with permission of Alcoholics Anonymous World Services, Inc.",La libertad del editor,La Carta Constitutiva de la Conferencia protege el derecho del editor del Grapevine a aceptar o rechazar material para su publicación.,,,,"Fuente: The A.A. Service Manual, edición 2024–2026 (en inglés), p. 81",,,,,https://www.aagrapevine.org/grapevine-editorial-policy,"English: research.md Q12, word for word, with its exact credit line. Spanish: our own paraphrase (no official Spanish text in research.md), so no quotation marks. Re-check the page number when the 2026-2028 Service Manual is out."
fact-gvhist-many-voices,yes,fact,gv,identity;editorial,,,,,,Many voices,"What works for one member may not work for another, so two Grapevine stories may seem to disagree. The editors welcome that variety, guided by the Twelve Traditions.",,,,,Source: aagrapevine.org,Muchas voces,"Lo que le funciona a un miembro puede no funcionarle a otro, así que dos historias del Grapevine pueden parecer contradecirse. Los editores dan cabida a esa variedad, guiados por las Doce Tradiciones.",,,,Fuente: aagrapevine.org,,,,https://www.aagrapevine.org/grapevine-editorial-policy,https://www.aagrapevine.org/grapevine-editorial-policy,Paraphrase of Grapevine's Editorial Policy (Grapevine copyright: do not quote).
fact-gvhist-responsibility,yes,fact,gv,history,,,,,,The Responsibility Statement,"A former Grapevine editor, who also served as a trustee, wrote the Responsibility Statement for AA's 1965 International Convention in Toronto. In July that year, Bill W. explored its theme in a Grapevine essay.",,,,,Source: aagrapevine.org,La Declaración de Responsabilidad,"Un antiguo editor del Grapevine, que también fue custodio, escribió la Declaración de Responsabilidad para la Convención Internacional de AA de 1965, en Toronto. En julio de ese año, Bill W. profundizó en su tema en un ensayo del Grapevine.",,,,Fuente: aagrapevine.org,,,,,https://www.aagrapevine.org/aa-grapevines-contributions-aa,"Author not named (anonymity; research.md Q3). Bill W.'s essay: 'Responsibility Is Our Theme', July 1965. aalavina.org/sobre-nosotros says the same."
fact-gvhist-bill-articles,yes,fact,gv,history;books,,,,,,"Bill W., Grapevine writer","Starting in 1944, Bill W. wrote about 150 articles for the Grapevine, among them “The Next Frontier: Emotional Sobriety,” in January 1958.",,,,,Sources: aagrapevine.org; Grapevine Workbook (2026),"Bill W., autor del Grapevine","A partir de 1944, Bill W. escribió unos 150 artículos para el Grapevine, entre ellos «The Next Frontier: Emotional Sobriety» (sobre la sobriedad emocional), en enero de 1958.",,,,Fuentes: aalavina.org; Grapevine Workbook (2026),,,,,https://www.aagrapevine.org/store/language-heart-softcover,"About 150: The A.A. Service Manual 2024-2026 (research.md A2) and GVR Handbook 2024, p. 7 (150); the official store pages say more than 150, from 1944 to 1970 (aalavina.org/tienda/el-lenguaje-del-corazon: June 1944 to December 1970). The Service Manual says 1944-1971, so no end year is given (and never 'Dec. 1970 last article', research.md A2). Jan. 1958 essay: GVR Workbook 2026, p. 17 (checked 2026-10-03)."
fact-write-short-pieces,yes,fact,gv,writing;humor,,,,,,Start small,"A short piece is an easy first step: a letter for Dear Grapevine, an opinion for What's On Your Mind?, a clean joke for At Wit's End, or a photo of your meeting place (no people!) for If Walls Could Talk.",,,,,Source: aagrapevine.org,Empieza con algo breve,"Un texto breve es un primer paso fácil en Grapevine: una carta para Dear Grapevine, una opinión para What's On Your Mind?, un chiste sano para At Wit's End o una foto de tu sala de reunión (¡sin personas!) para If Walls Could Talk.",,,,Fuente: aagrapevine.org,,,,,https://www.aagrapevine.org/guidelines-contributing-grapevine,"GV guidelines (read 2026-10-02): What's On Your Mind?, jokes for At Wit's End, letters for Dear Grapevine, meeting photos without people for If Walls Could Talk. GVR Workbook 2026 p. 36 (If Walls Could Talk) and p. 45 (Dear Grapevine and What's on Your Mind? are the departments some members find easier to write for; At Wit's End = jokes and cartoons). research.md C3. Grapevine's section names kept in English. Never claim La Viña has these sections."
fact-write-light-editing,yes,fact,gv,writing,,,,,,A light touch,"Grapevine generally edits stories lightly, for clarity, style and length, and doesn't change them once they're published. At least three people read each story before it's chosen.",,,,,Source: aagrapevine.org,Una edición ligera,"Por lo general, Grapevine edita las historias con un toque ligero, para darles claridad, estilo y la extensión adecuada, y no las cambia una vez publicadas. Al menos tres personas leen cada historia antes de que la elijan.",,,,Fuente: aagrapevine.org,,,,,https://www.aagrapevine.org/grapevine-editorial-policy,"GV Editorial Policy (read 2026-10-02): some editing for clarity, styling and length; at least three members read and forward the story; no changes once published. Paraphrased. research.md A7, C8. La Vina's Politica Editorial follows the same principles (A7)."
fact-service-1954-reporter,yes,fact,gv,service;gvr;history,,,,,,Before GVRs: “Grapevine reporters”,"In 1954, delegates were asked to suggest that each group appoint a Grapevine reporter to handle subscriptions and encourage members to send in stories. Today's GVRs and RLVs still do both.",,,,,"Source: Advisory Actions (M-39), p. 51; The A.A. Service Manual, 2024–2026, p. 83",Antes de los GVR: los reporteros de Grapevine,"En 1954 se pidió a los delegados sugerir que cada grupo nombrara un reportero de Grapevine, encargado de las suscripciones y de animar a los miembros a enviar historias. Hoy los RLV y GVR siguen haciendo ambas cosas.",,,,"Fuente: Acciones Recomendables (M-39, en inglés), p. 51; The A.A. Service Manual (en inglés), 2024–2026, p. 83",,,,,https://www.aa.org/sites/default/files/literature/M-39_0825.pdf,"1954 Conference resolution, M-39 Advisory Actions 1951–2026, p. 51: delegates to suggest 'that each group appoint a Grapevine reporter who will be responsible for subscription and bulk orders, and who will encourage members to submit articles and stories'. Read in the official copy on 2026-10-02. Not in research.md: confirmed by the fact-checker in the official M-39 (the aa.org address forwards to the copy on aaws.widen.net) on 2026-10-03; the next year (1955, same page) the Conference committee endorsed 'a Grapevine representative at the group level'. Last sentence: Service Manual 2024–2026 p. 83 (GVRs and RLVs make sure members know how to subscribe or submit stories)."
fact-digital-asl,yes,fact,gv,accessibility;asl;youtube,,,,,,Grapevine in American Sign Language,"Grapevine has videos in American Sign Language (ASL) for Deaf alcoholics, listed in AA's Accessibility Resources. Find them in the ASL playlist on the official YouTube channel.",,,,,"Source: AA Accessibility Resources (GSO, 2025)",Grapevine en lengua de señas americana,"Grapevine tiene videos en lengua de señas americana (ASL) para alcohólicos sordos, incluidos en los Recursos de Accesibilidad de AA. Búscalos en la lista de reproducción de ASL del canal oficial de YouTube.",,,,"Fuente: Recursos de Accesibilidad de AA (OSG, 2025)",,,,https://www.youtube.com/playlist?list=PL32cyZpp2liBOcLY6M6rEh1qFL7MKSFI7,https://www.aa.org/sites/default/files/literature/eng-accessibility-resources-1025.pdf,"GSO 'Accessibility Resources' (Oct. 2025, on aa.org; read 2026-10-03) lists 'AA Grapevine ASL Videos for Deaf Alcoholics' under Deaf/Hard of Hearing resources (research.md A5, High). Playlist 'American Sign Language' on the official channel UCI9uFLJ__aXT3-At0PlPWUQ (data/site/videos.json; config/site.yml links.asl_playlist); AA Grapevine's ASL announcement (July 2024, aagrapevine.org) names the same playlist. No video count (18 is Medium; the playlist now shows 21). Reviewer: source_url checked 2026-10-03: the document (General Service Office Service Material, 'Accessibility Resources') lists 'AA Grapevine ASL Videos for Deaf Alcoholics' under D(d)eaf/Hard of Hearing Resources > American Sign Language."
fact-fun-grapevine-name,yes,fact,gv,fact;history;fun,,,,,,Why “Grapevine”?,"The name was meant to suggest an informal yet powerful way of passing the word along, like news heard “through the grapevine.” The first issue came out in June 1944.",,,,,"Source: P-52, p. 13",¿Por qué «Grapevine»?,"En inglés, las noticias que corren de boca en boca llegan «through the grapevine» (por la vid). El nombre quería sugerir esa forma informal pero poderosa de comunicarse. El primer número salió en junio de 1944.",,,,"Fuente: P-52, p. 13",,,,,https://www.aa.org/aa-grapevine-and-la-vina-our-meetings-print,"P-52 (rev. 2026), p. 13: 'the first issue of Grapevine -- whose title was meant to suggest an informal but powerful way to communicate -- was published in June 1944'. The 'through the grapevine' idiom is our own gloss of that sentence. NOT about La Viña's name: no official source explains it (aagrapevine.org/history-aa-lavina read 2026-10-02), so no La Viña name fact."
fact-lv-meeting-in-print,yes,fact,lv,history,,,,,,"Our meeting in print, in Spanish","La Viña is the meeting in print of Spanish-speaking AA members. Most of its stories, interviews and articles are written in Spanish; a few pieces are translated from Grapevine.",,,,,Source: P-52 (aa.org),Nuestra reunión impresa,"La Viña es la reunión impresa de los miembros de AA de habla hispana. La mayoría de sus historias, entrevistas y artículos se escriben en español, y algunos textos vienen traducidos del Grapevine.",,,,Fuente: P-52 (aa.org),,,,,https://www.aa.org/aa-grapevine-and-la-vina-our-meetings-print,"Paraphrase of La Viña's Statement of Purpose (P-52, p. 4; Grapevine material - do not quote it) and P-52, p. 8 ('original Spanish-language stories'); 'Historia de La Viña' ('la mayor parte' original Spanish). 'Nuestra reunión impresa': La Viña's Política Editorial (aalavina.org/recursos)."
fact-lv-group-ideas,yes,fact,lv,newcomer;service,,,,,,Ideas for your group,"Many groups give La Viña to newcomers and to members celebrating an anniversary. Some send subscriptions to libraries, hospitals and correctional facilities. Your group conscience decides.",,,,,Source: aalavina.org,Ideas para tu grupo,"Muchos grupos le regalan La Viña al recién llegado y a quien celebra su aniversario. Otros mandan suscripciones a bibliotecas, hospitales o cárceles. Lo decide la conciencia de tu grupo.",,,,Fuente: aalavina.org,,,,,https://www.aalavina.org/recursos,"Manual del Representante de La Viña (2025), p. 6 (many groups give magazines to newcomers and to members celebrating an anniversary; some send subscriptions to professionals, libraries, prisons, hospitals and treatment centers); P-52 (2026), p. 8. Tradition Four: the group decides. Spanish reworded in our own words."
fact-lv-monthly-workshop,yes,fact,lv,online,,,,,,La Viña's monthly virtual workshop,"In Spanish, on Zoom: one Thursday a month at 2 p.m. Central (3 p.m. Eastern), Zoom ID 815 9593 1777. The latest on La Viña, its books and other items, with time for your suggestions. Check aalavina.org's calendar for the dates.",,,,,"Source: La Viña News, Sept.-Oct. 2026",Taller mensual y virtual de La Viña,"En español, por Zoom: un jueves al mes a las 2 p. m. hora del Centro (3 p. m. del Este), Zoom ID 815 9593 1777. Novedades de La Viña, sus libros y otros productos, con espacio para tus sugerencias. Consulta las fechas en el calendario de aalavina.org.",,,,"Fuente: Noticias de La Viña, sept.-oct. 2026",,,,https://www.aalavina.org/calendario-de-eventos,https://www.aalavina.org/calendario-de-eventos,"La Viña News Sept.-Oct. 2026, p. 3 (purpose: the latest on La Viña, its products, suggestions and more; 3:00 pm ET; Zoom ID; 'Consulta las fechas en aalavina.org/calendario-de-eventos'). Name 'Taller Mensual y Virtual de La Viña': La Viña's Instagram post of Mar. 10, 2024 (its older list of contents is not used). Calendar entries (re-checked 2026-10-02) are all on Thursdays since late 2024, usually the 4th, not reliably the last (research.md caution 6) - so no weekday rule on screen."
fact-lv-weekly-open-meeting,yes,fact,lv,online;podcast,,,,,,La Viña's weekly open meeting,"According to La Viña's flyer: from Nov. 5, 2026, a virtual open AA meeting in Spanish every Thursday at 11 a.m. Central (12 p.m. Eastern). Two members share their stories; it's recorded as a podcast. Zoom 871 2036 8287, passcode 238047.",,,,,Source: La Viña's flyer,Reunión abierta semanal de La Viña,"Según el volante de La Viña: a partir del 5 de noviembre de 2026, una reunión abierta virtual de AA en español cada jueves a las 11 a. m. hora del Centro (12 p. m. del Este). Comparten dos miembros y se graba como podcast. Zoom 871 2036 8287, código 238047.",,,,Fuente: volante de La Viña,,,,{site_es}meetings/,https://neta65.github.io/aagrapevine/meetings/#weekly-open,"Official La Viña flyer 'Nueva reunión abierta de La Viña' (aagrapevine-ops/decks/sources): Thursdays 12 p.m. Eastern from Nov. 5, 2026; two members share their recovery story; recorded as a new podcast; Zoom 871 2036 8287, passcode 238047; config/site.yml lavina_weekly_open. 'In Spanish': La Viña News Sept.-Oct. 2026, p. 2. No aalavina.org page or calendar entry yet (re-checked 2026-10-02): the text names the flyer, per research.md Open question 2; re-check before each event. Assembly: source_url is our /meetings/#weekly-open, which shows the flyer's details and links to the flyer (research.md A5; aalavina.org has no page for the meeting yet)."
fact-lv-thirty-years,yes,fact,lv,history,2,,,,,La Viña turned 30,"1996–2026: thirty years of members' experience, strength and hope in Spanish, six issues a year, with stories by Spanish-speaking members in the U.S., Canada and around the world.",,,,,Source: aalavina.org,La Viña cumplió 30 años,"1996–2026: treinta años de experiencia, fortaleza y esperanza compartidas en español por los miembros, seis números al año, con historias de miembros de habla hispana en EE. UU., Canadá y el resto del mundo.",,,,Fuente: aalavina.org,,,,,https://www.aalavina.org/recursos,"'La Viña 30 Aniversario' postcard (1996-2026, '30 años de experiencia, fortaleza y esperanza') and La Viña Hoy (Rev. 3/25), both at aalavina.org/recursos; RLV Manual (2025), p. 4 (six issues a year; stories by Spanish-speaking alcoholics in the U.S., Canada and the rest of the world); research.md A2 (July 2026, High)."
fact-lv-rlv-free-copy,yes,fact,lv,rlv;service,,,,,,For RLVs,"A registered RLV receives a free copy of La Viña every two months for one year, to use in the service position. Free RLV resources, like the RLV Manual, are at aalavina.org/recursos.",,,,,Source: Manual del RLV (aalavina.org),Para los RLV,"El RLV inscrito recibe gratis un ejemplar de La Viña cada dos meses durante un año, para usarlo en su puesto de servicio. Los recursos gratuitos, como el Manual del RLV, están en aalavina.org/recursos.",,,,Fuente: Manual del RLV (aalavina.org),,,,https://www.aalavina.org/servicio/conviertete-en-rlv,https://www.aalavina.org/servicio/conviertete-en-rlv,"Manual del Representante de La Viña (2025), p. 7; research.md B3."
fact-lv-lleva-el-mensaje,yes,fact,lv,service;subscribe,,,,,,"Carry the Message, in Spanish","With La Viña's Carry the Message gift certificate (Lleva el Mensaje), you give a subscription to someone you don't know: La Viña assigns it to an alcoholic in need, for example in a prison or a treatment center.",,,,,Source: aalavina.org,Lleva el Mensaje,"Con el certificado de regalo Lleva el Mensaje de La Viña, regalas una suscripción a alguien que no conoces: La Viña la asigna a un alcohólico que la necesita, por ejemplo en una prisión o un centro de tratamiento.",,,,Fuente: aalavina.org,,,,https://www.aalavina.org/lleva-el-mensaje,https://www.aalavina.org/lleva-el-mensaje,"aalavina.org/lleva-el-mensaje (re-read 2026-10-02: a certificate for someone you don't know, e.g. an alcoholic in prison; La Viña redeems it for an alcoholic in need); La Viña Hoy (Rev. 3/25): reaches alcoholics in treatment centers and prisons; P-52 (2026), p. 10; research.md A6. Called a gift certificate, per research.md D4. No price on screen (prices change; /shop/ has them)."
fact-fun-before-la-vina,yes,fact,lv,fact;history,,,,,,Before La Viña,"From September 1991 to June 1996, Grapevine ran articles in Spanish. In 1995 the General Service Conference backed a Spanish-language edition, and La Viña’s first issue came off the press in 1996.",,,,,Source: aagrapevine.org,Antes de La Viña,"La Viña tuvo un antecedente: de septiembre de 1991 a junio de 1996, Grapevine publicó artículos en español. En 1995, la Conferencia de Servicios Generales apoyó una edición en español, y el primer número de La Viña salió en 1996.",,,,Fuente: aagrapevine.org,,,,,https://www.aagrapevine.org/history-aa-lavina,"Read 2026-10-02: 'These articles appeared regularly between September 1991 until June 1996'; 1995 Conference 'gave its approval to the idea'; first issue 'June of 1996' — year only on screen (month differs between sources: research.md A2, OQ 21). Also M-39, pp. 55–56; P-52, p. 7. Note: the RLV Manual 2025, p. 3, says the Conference approved the Spanish edition 'en 1996'; the history page and M-39, p. 56 (the Advisory Actions) say 1995, so 1995 stays."
fact-write-record-at-home,yes,fact,both,writing;recording,,,,,,Record it on your phone,No need to call a story line: record your story on a smartphone as a WAV or MP3 file and email it. Grapevine: webcoord@aagrapevine.org. La Viña (in Spanish): manuscritoslv@aagrapevine.org.,,,,,Source: aagrapevine.org · aalavina.org,Grábala en tu teléfono,No hace falta llamar a una línea: graba tu historia en tu teléfono como archivo WAV o MP3 y envíala por correo electrónico. La Viña (en español): manuscritoslv@aagrapevine.org. Grapevine (en inglés): webcoord@aagrapevine.org.,,,,Fuente: aalavina.org · aagrapevine.org,,,,,https://www.aagrapevine.org/audio-portal,"GV: aagrapevine.org/audio-portal (read 2026-10-02): smartphone or digital recorder, WAV and MP3, send to webcoord@aagrapevine.org. LV: owner's decision 2026-10-02 (RESUME.md round 4, r4-fix3) = every La Viña story, recordings included, goes to manuscritoslv@aagrapevine.org, as /contribute/#record shows (config links.lv_email_editorial); manuscritoslv@ is the address on aalavina.org/guia-para-contribuciones. FLAG: aalavina.org/graba-tu-historia (read 2026-10-02) gives lveditorial@aagrapevine.org for WAV/MP3 files - kept manuscritoslv@ per the owner's decision. lveditorial@ is used ONLY as the monthly workshop's contact."
fact-write-workshop,yes,fact,both,writing;service,,,,,,How a writing workshop works,"Grapevine's workshop guidelines suggest 1½ to 2 hours: about 30 minutes of reading or sharing for inspiration, about 30 minutes of writing, then time to read aloud for anyone who wants to. Our committee can help you plan one.",,,,,"Source: Writing Workshop Guidelines, aagrapevine.org",Cómo es un taller de escritura,"Las pautas de Grapevine para talleres sugieren de 1½ a 2 horas: unos 30 minutos de lectura o de compartir para inspirarse, unos 30 minutos para escribir y luego tiempo para leer en voz alta, para quien quiera. Nuestro comité puede ayudarte a planear uno.",,,,"Fuente: pautas para talleres de escritura, aagrapevine.org",,,,,https://www.aagrapevine.org/gvr-resources,"Writing Workshop Guidelines (aagrapevine.org/gvr-resources, dated 1.12.21): plan 1.5-2 hours, ~30 min reading/sharing, ~30 min writing, then reading aloud, with a break. Paraphrased. research.md C11. Committee offer = /contribute/#workshop (read.contrib.ws_text)."
fact-write-copyright,yes,fact,both,writing,,,,,,Your story and its copyright,"Grapevine's form asks you to confirm your story is original and not submitted anywhere else, and to transfer its copyright to AA Grapevine, Inc. if it's accepted. La Viña sends accepted writers a letter to sign the copyright release.",,,,,Source: aagrapevine.org · aalavina.org,Tu historia y los derechos de autor,"Cuando La Viña acepta una historia, le envía a quien la escribió una carta para firmar la cesión de los derechos de autor. El formulario de Grapevine pide confirmar que la historia es original y que no se envió a otra publicación, y ceder sus derechos de autor a AA Grapevine, Inc. si la aceptan.",,,,Fuente: aalavina.org · aagrapevine.org,,,,,https://www.aagrapevine.org/submit-your-story,"GV submit form 'Copyright Transfer' (read 2026-10-02): assign copyright to the Publisher; work original, not under consideration or submitted elsewhere. LV guidelines (read 2026-10-02): accepted writers get a letter to sign their copyright. research.md C8."
fact-service-what-reps-show,yes,fact,both,service;gvr;rlv;app;online,,,,,,What a rep can show you,"How to get the Grapevine and La Viña apps, subscribe in print or digital, explore the Story Archive, find the audio stories and podcasts, and how Carry the Message gifts work.",,,,,"Source: P-52, p. 12",Lo que un representante te puede mostrar,"Cómo obtener las aplicaciones de La Viña y Grapevine, suscribirte a la edición impresa o digital, explorar el archivo de historias, encontrar las historias en audio y los podcasts, y cómo funcionan los regalos de Lleva el Mensaje.",,,,"Fuente: P-52 (en inglés), p. 12",,,,,https://www.aa.org/aa-grapevine-and-la-vina-our-meetings-print,"P-52 (2026) p. 12: reps can show members how to download the apps, subscribe (print or digital), explore the Story Archive, find the audio stories and podcasts, and explain Carry the Message gift subscriptions. Paraphrased; checked 2026-10-02."
fact-service-group-expense,yes,fact,both,service;self-support;subscribe,,,,,,A group subscription is a group expense,"AA's pamphlet on self-support (F-3) lists Grapevine literature among a group's basic expenses, with rent, refreshments and AA literature. The group conscience decides.",,,,,"Source: F-3, Self-Support: Where Money and Spirituality Mix, p. 7",La suscripción del grupo es un gasto del grupo,"El folleto de AA sobre el automantenimiento (F-3) incluye la literatura de Grapevine entre los gastos básicos de un grupo, junto con el alquiler, los refrigerios y la literatura de AA. La conciencia de grupo decide.",,,,"Fuente: F-3 (en inglés), p. 7",,,,,https://www.aa.org/self-support-where-money-and-spirituality-mix,"F-3 (updated June 2026) p. 7: basic group expenses include 'rent, refreshments, A.A. literature, Grapevine literature, local meeting lists, GSR travel'. research.md A4; checked 2026-10-02."
fact-service-ctm-two-ways,yes,fact,both,service;carry-the-message;subscribe,,,,,,Two ways to give,"A gift certificate for someone you know (a family member, a sponsee, a doctor's office), or a Carry the Message gift for someone you don't know: the magazine office places it with an alcoholic in need.",,,,,Source: aagrapevine.org; aalavina.org,Dos formas de regalar,"Un certificado de regalo para alguien que conoces (un familiar, un ahijado, un consultorio médico), o un regalo de Lleva el Mensaje para alguien que no conoces: la oficina de la revista se lo entrega a un alcohólico que lo necesita.",,,,Fuente: aalavina.org; aagrapevine.org,,,,,https://www.aagrapevine.org/2023-carry-message-project,"aagrapevine.org/2023-carry-message-project ('Give a Gift Certificate to a family member, a friend, a sponsee, or a doctor's office' / a Carry the Message Gift Certificate 'to someone you do not know'); aalavina.org/lleva-el-mensaje. research.md A6; checked 2026-10-02."
fact-service-doorway,yes,fact,both,service;gvr;rlv,,,,,,A doorway to wider service,"Serving as a GVR or RLV can be a gateway to wider service: as a district or Area rep, at Regional Forums and assemblies, and at tables alongside CPC, PI, Corrections, Treatment and other committees.",,,,,"Source: P-52, p. 12",Una puerta a más servicio,"Servir como RLV o GVR puede abrir la puerta a más servicio: como representante de distrito o de Área, en los Foros Regionales y las asambleas, y en mesas junto a CCP, IP, Correccionales, Tratamiento y otros comités.",,,,"Fuente: P-52 (en inglés), p. 12",,,,,https://www.aa.org/aa-grapevine-and-la-vina-our-meetings-print,"P-52 (2026) p. 12: the position 'can also be a gateway to wider circles of service' (district and area reps, Regional Forums, assemblies; co-serving with CPC, PI, Corrections, Literature, Treatment, Bridging the Gap, Accessibilities, Archives). research.md B4; paraphrased; checked 2026-10-02. Fact-check 2026-10-03: 'district and Area service' narrowed to P-52's own example (GVRs and RLVs for districts or areas), and 'assemblies' added as P-52 says."
fact-service-announcements,yes,fact,both,service;gvr;rlv,,,,,,Announcements in a minute or two,"A rep's announcement can be short: one or two minutes, with a different topic each time. Hold up the new issue, name its theme, point out what else is inside, or share upcoming themes for writers.",,,,,"Source: GVR Workbook (2026), p. 33",Anuncios de uno o dos minutos,"El anuncio de un representante puede ser breve: uno o dos minutos, con un enfoque distinto cada vez. Muestra el número nuevo, di su tema, señala qué más trae o comparte los próximos temas para quienes quieran escribir.",,,,"Fuente: GVR Workbook (2026, en inglés), p. 33",,,,,https://www.aagrapevine.org/gvr-resources,"GVR Workbook March 2026 p. 33 (1–2 minute announcements, rotating topics), paraphrased; research.md B5; checked 2026-10-02. Fact-check 2026-10-03: 'a story you liked' is the Workbook's tip for book announcements (p. 40), not p. 33; the tips are now p. 33's own (hold up an issue; the featured section's theme; the other articles inside; upcoming featured sections for members who want to submit)."
fact-service-anonymity-online,yes,fact,both,service;anonymity;online,,,,,,Anonymity online,"On public websites and social media, AA anonymity works like press, radio and film: no full names or full-face photos of members. The usual form is a first name and last initial.",,,,,"Source: P-47, pp. 10–11; SMF-197, p. 1",El anonimato en línea,"En sitios web públicos y redes sociales, el anonimato de AA funciona como en la prensa, la radio y el cine: sin nombres completos ni fotos de la cara de los miembros. Lo usual es el nombre de pila y la inicial del apellido.",,,,"Fuente: P-47 (en inglés), pp. 10–11; SMF-197, p. 1",,,,,https://www.aa.org/anonymity-our-spiritual-foundation,"P-47 (rev. Sept. 2026) pp. 10–11; SMF-197 Anonymity Online and Digital Media p. 1 (research.md Q15, Q17, D2). Paraphrased; checked in the official copies 2026-10-02."
fact-digital-daily-quote,yes,fact,both,quote;online;app,,,,,,A free line every day,"Every day, Grapevine's Daily Quote and La Viña's Cita Diaria share a short line from published stories. Both are free, by email and on each magazine's home page.",,,,,Source: aagrapevine.org; aalavina.org,Una frase gratis cada día,"Cada día, la Cita Diaria de La Viña y el Daily Quote de Grapevine comparten una frase breve de historias publicadas. Ambos son gratis, por correo electrónico y en la página principal de cada revista.",,,,Fuente: aalavina.org; aagrapevine.org,,,,,https://www.aagrapevine.org/,"aagrapevine.org home: sign up to receive GV's Daily Quote (read 2026-10-02); Workbook 2026 p. 38 (quotes from stories published by Grapevine, by email each morning, at no expense); La Viña News Sept.-Oct. 2026 p. 2 (sign up free for the Cita Diaria by email at aalavina.org); research.md A5 (High). 'From stories in their pages' changed to 'from published stories': La Viña's Cita Diaria can come from a translated Grapevine book (the Oct. 2, 2026 one cites 'I Am Responsible'). Never paste a Daily Quote into the CSV (GV copyright); the live-quote channel shows today's with its attribution."
fact-digital-audio-2012,yes,fact,both,audio;history;writing,,,,,,Stories you can hear,"In 2012, a General Service Conference Advisory Action opened the way for members to record their stories by phone. Recorded stories go through the same editorial process as printed ones.",,,,,Source: Conference Advisory Actions (M-39),Historias para escuchar,"En 2012, una Acción Recomendable de la Conferencia de Servicios Generales abrió el camino para que los miembros grabaran sus historias por teléfono. Las historias grabadas pasan por el mismo proceso editorial que las impresas.",,,,Fuente: Acciones Recomendables de la Conferencia (M-39),,,,,https://www.aa.org/sites/default/files/literature/M-39_0825.pdf,"M-39 Advisory Actions 1951-2026, p. 57 (2012: call-in audio strategy; same editorial process) — research.md A2 and C9 (High). Reviewer: source_url is aa.org's M-39 link; on 2026-10-03 it redirected to aaws.widen.net M-39_Advisory_Actions_ONLINE.pdf, the 1951-2026 edition, p. 57."
fact-digital-rep-news,yes,fact,both,gvr;rlv;service;online,,,,,,News for GVRs and RLVs,Registered Grapevine reps get a monthly email. Grapevine News (monthly) and La Viña's Noticias (every two months) are on the rep resource pages: aagrapevine.org/gvr-resources and aalavina.org/recursos.,,,,,Source: aagrapevine.org; aalavina.org,Noticias para RLV y GVR,Las Noticias de La Viña (cada dos meses) y Grapevine News (cada mes) están en las páginas de recursos: aalavina.org/recursos y aagrapevine.org/gvr-resources. Los representantes registrados de Grapevine reciben además un correo mensual.,,,,Fuente: aalavina.org; aagrapevine.org,,,,{site}gvr/,https://www.aagrapevine.org/gvr-resources,"research.md A5 'Newsletters for reps' and B3 (High; Workbook p. 50). aagrapevine.org/gvr-resources shows a 'Grapevine News' section and aalavina.org/recursos the 'Noticias de La Viña' (Sept./Oct.), both read 2026-10-03. Spanish text reordered so La Viña comes first. Registration: aagrapevine.org/get-involved/become-grapevine-rep and aalavina.org/servicio/conviertete-en-rlv. Spanish twin page: {site_es}gvr/."
history-gvhist-1944-first-issue,yes,history,gv,history;founders,2,,,,,June 1944,"Six AA members in the New York area, four women and two men, publish the first Grapevine with Bill W.'s blessing, just nine years after AA began.",,,,,Source: aagrapevine.org,Junio de 1944,"Seis miembros de AA del área de Nueva York, cuatro mujeres y dos hombres, publican el primer Grapevine con la bendición de Bill W., apenas nueve años después del comienzo de AA.",,,,Fuente: aagrapevine.org,,,,https://www.aagrapevine.org/history-aa-grapevine,https://www.aagrapevine.org/history-aa-grapevine,"Also Service Manual 2024-2026, App. T, p. 170 (research.md A2). No founders' names (anonymity)."
history-gvhist-1945-national,yes,history,gv,history,,,,,,1945,"At the request of the groups, the Grapevine becomes the national journal of Alcoholics Anonymous.",,,,,Source: aagrapevine.org,1945,"A petición de los grupos, el Grapevine se convierte en la revista nacional de Alcohólicos Anónimos.",,,,Fuente: aagrapevine.org,,,,,https://www.aagrapevine.org/history-aa-grapevine,"Also Service Manual 2024-2026, p. 79. Not 'a Fellowship-wide vote' (unverified wording in config/history.yml)."
history-gvhist-1946-traditions,yes,history,gv,history;traditions,,,,,,April 1946,"In a Grapevine article, Bill W. first sets out the points that would become AA's Twelve Traditions.",,,,,Source: aagrapevine.org,Abril de 1946,"En un artículo del Grapevine, Bill W. expone por primera vez los puntos que llegarían a ser las Doce Tradiciones de AA.",,,,Fuente: aagrapevine.org,,,,,https://www.aagrapevine.org/aa-grapevines-contributions-aa,"Also aa.org/aa-grapevine-la-vina ('April 1946 article'); P-52, p. 5. The article's title differs between sources, so none is given (research.md Open question 22)."
history-gvhist-1947-preamble,yes,history,gv,history;preamble,,,,,,June 1947,"The AA Preamble is first published in the Grapevine. A Grapevine editor wrote it, drawing on the Big Book's Foreword, to say what AA is and what it is not.",,,,,Source: P-52 (aa.org),Junio de 1947,"El Preámbulo de AA se publica por primera vez en el Grapevine. Lo escribió un editor del Grapevine, basándose en el Prólogo del Libro Grande, para decir qué es AA y qué no es.",,,,Fuente: P-52 (aa.org),,,,,https://www.aa.org/aa-grapevine-and-la-vina-our-meetings-print,"P-52, p. 5; Service Manual 2024-2026, p. 170; aagrapevine.org/aa-grapevines-contributions-aa (first appearance in the June 1947 issue; 'what AA is and what it is not')."
history-gvhist-1948-digest,yes,history,gv,history;format,,,,,,1948,The Grapevine changes from a three-column newsletter to the handy digest size it still has today.,,,,,Source: aagrapevine.org,1948,El Grapevine pasa de ser un boletín de tres columnas al práctico tamaño compacto (tipo digest) que conserva hasta hoy.,,,,Fuente: aagrapevine.org,,,,,https://www.aagrapevine.org/evolution-magazine,Only the year is verified ('Sept. 1948' is not; research.md A2).
history-gvhist-1949-international,yes,history,gv,history,,,,,,1949,"With readers now in Canada and Europe, the Grapevine becomes “the international journal of Alcoholics Anonymous.” By January 1949, its masthead says so.",,,,,Source: aagrapevine.org,1949,"Con lectores ya en Canadá y Europa, el Grapevine pasa a ser «la revista internacional de Alcohólicos Anónimos». Para enero de 1949, así lo dice su cabecera.",,,,Fuente: aagrapevine.org,,,,,https://www.aagrapevine.org/history-aa-grapevine,"Masthead by Jan. 1949: Service Manual 2024-2026, p. 79. Canada and Europe: aagrapevine.org/history-aa-grapevine ('Four years later', i.e. after 1945)."
history-gvhist-1954-committee,yes,history,gv,history;service,,,,,,1954,"The General Service Conference forms a committee on the Grapevine. Since 2020, it has been the Conference Committee on Grapevine and La Viña.",,,,,Source: P-52 (aa.org),1954,"La Conferencia de Servicios Generales forma un comité dedicado al Grapevine. Desde 2020, su nombre incluye también a La Viña.",,,,Fuente: P-52 (aa.org),,,,,https://www.aa.org/aa-grapevine-and-la-vina-our-meetings-print,"1954: P-52, p. 7; GVR Handbook 2024, p. 13. Renamed in 2020: M-39 Advisory Actions 1951-2026, p. 57 (research.md A2)."
history-gvhist-1988-language-heart,yes,history,gv,history;books,,,,,,1988,Bill W.'s writings for the Grapevine are gathered in one book: The Language of the Heart.,,,,,"Source: Advisory Actions (M-39), p. 55",1988,Los escritos de Bill W. para el Grapevine se reúnen en un libro: El Lenguaje del Corazón.,,,,"Fuente: Acciones Recomendables (M-39, ed. en inglés), p. 55",,,,,https://www.aagrapevine.org/store/language-heart-softcover,"Year: M-39 Advisory Actions of the General Service Conference 1951-2026, p. 55 (1988 action; research.md A2) - no web page gives the year. Content (all of Bill W.'s Grapevine writings): the store page in source_url. Spanish title as in P-52 (2026), p. 18 and aalavina.org/tienda/el-lenguaje-del-corazon."
history-gvhist-2009-staple-free,yes,history,gv,history;format,2,,,,,March 2009,"At 65, the Grapevine gets a makeover: full color throughout and no staples, so it can go into prisons that don't allow them. Today it has 64 pages.",,,,,Source: aagrapevine.org,Marzo de 2009,"A sus 65 años, el Grapevine se renueva: a todo color de principio a fin y sin grapas, para que pueda entrar en las prisiones que no las permiten. Hoy tiene 64 páginas.",,,,Fuente: aagrapevine.org,,,,https://www.aagrapevine.org/evolution-magazine,https://www.aagrapevine.org/evolution-magazine,"65th anniversary, March 2009, full color and staple-free: evolution page. Reason: GVR Handbook 2024, p. 7 (staple-free so it can be in all institutions, including those that prohibit stapled materials; checked 2026-10-03). The Workbook 2026, p. 11 only says it is bound without staples."
history-lv-spanish-articles,yes,history,lv,history,,,,,,1991–1996,"At the request of Spanish-speaking members, made through the service structure, the Conference recommended that Grapevine print at least one article in Spanish in each issue. These articles ran from September 1991 to June 1996.",,,,,Source: aagrapevine.org,1991–1996,"A pedido de miembros de habla hispana, hecho a través de la estructura de servicio, la Conferencia recomendó que el Grapevine publicara al menos un artículo en español en cada número. Esos artículos salieron de septiembre de 1991 a junio de 1996.",,,,Fuente: aagrapevine.org,,,,,https://www.aagrapevine.org/history-aa-lavina,"aagrapevine.org/history-aa-lavina (Sept. 1991-June 1996); 'Historia de La Viña' (aalavina.org/recursos: requested by Spanish-speaking members through the service structure); 1991 Advisory Action (M-39, p. 55: at least one article in Spanish in each month's issue)."
history-lv-1995-edition,yes,history,lv,history,,,,,,1995,"The General Service Conference backed a Spanish-language edition of Grapevine and asked the General Service Board to fund it, from its Reserve Fund, for a trial period of up to five years.",,,,,Source: P-52 (aa.org),1995,La Conferencia de Servicios Generales respaldó una edición del Grapevine en español y pidió a la Junta de Servicios Generales financiarla con su Fondo de Reserva durante un periodo de prueba de hasta cinco años.,,,,Fuente: P-52 (aa.org),,,,,https://www.aa.org/aa-grapevine-and-la-vina-our-meetings-print,"P-52 (2026), p. 7 (the Conference endorsed a Spanish-language edition and asked the General Service Board to finance it for an experimental period not to exceed five years); M-39, p. 56 (funding for up to five years from the GSB Reserve Fund); aagrapevine.org/history-aa-lavina. Worded 'backed' on purpose (research.md caution 4)."
history-lv-july-1995-special,yes,history,lv,history,,,,,,July 1995,"A special Spanish edition of Grapevine came out, with articles that had first appeared in the English magazine: a first taste of what was coming.",,,,,Source: aagrapevine.org,Julio de 1995,"Salió una edición especial del Grapevine en español, con artículos traducidos de la revista en inglés: un anticipo de lo que vendría.",,,,Fuente: aagrapevine.org,,,,,https://www.aagrapevine.org/history-aa-lavina,aagrapevine.org/history-aa-lavina; 'Historia de La Viña' (aalavina.org/recursos).
history-lv-first-issue,yes,history,lv,history,2,,,,,1996,La Viña's first issue came off the press. The magazine for Spanish-speaking AA members was planned from the start to come out every two months. Many early subscriptions came from Spanish-speaking groups and from corrections and treatment committees.,,,,,Source: P-52 (aa.org),1996,"Salió de la imprenta el primer número de La Viña, pensada desde el principio como revista bimestral para los miembros de AA de habla hispana. Muchas de las primeras suscripciones llegaron de grupos hispanos y de comités de correccionales y de tratamiento.",,,,Fuente: P-52 (aa.org),,,,,https://www.aa.org/aa-grapevine-and-la-vina-our-meetings-print,"P-52 (2026), p. 7 (first bimonthly edition in 1996; many subscriptions from Spanish-language groups and from correctional and treatment facilities committees); aagrapevine.org/history-aa-lavina ('planned as a bimonthly'). Month left out on purpose (June vs July 1996; research.md Open question 21)."
history-lv-2001-continue,yes,history,lv,history,,,,,,2001,"Seeing La Viña work as a Twelfth Step tool, the General Service Conference recommended that AA Grapevine, Inc. keep publishing it, supported by the General Service Board as a service to the Fellowship.",,,,,Source: P-52 (aa.org),2001,"Al ver que La Viña funcionaba como herramienta del Paso Doce, la Conferencia de Servicios Generales recomendó que AA Grapevine, Inc. siguiera publicándola, con el apoyo de la Junta de Servicios Generales, como un servicio a la Comunidad.",,,,Fuente: P-52 (aa.org),,,,,https://www.aa.org/aa-grapevine-and-la-vina-our-meetings-print,"P-52 (2026), pp. 7-8 (mindful of the magazine's effectiveness as a Twelfth Step tool, the 2001 Conference recommended it continue); M-39, p. 56; aagrapevine.org/history-aa-lavina. Paraphrased (the Advisory Action wording is not quoted)."
history-lv-youtube-2018,yes,history,lv,history;online,,,,,,2018,"The Grapevine and La Viña YouTube channel opened. Among its videos is La Viña's own story, told in Spanish: scan to watch it on the official channel.",,,,,Source: P-52 (aa.org),2018,"Nació el canal de YouTube de La Viña y Grapevine. Entre sus videos está la historia de La Viña, contada en español: escanea para verla en el canal oficial.",,,,Fuente: P-52 (aa.org),,,,https://www.youtube.com/watch?v=Bqb1FP0lx1E,https://www.aa.org/aa-grapevine-and-la-vina-our-meetings-print,"P-52 (2026), p. 10 (channel launched 2018). Video: 'La Viña: Su historia y el impacto en la Comunidad Hispana de AA' (data/site/videos.json: official channel UCI9uFLJ__aXT3-At0PlPWUQ, 489 s = 8:09, not live, not a Short; linked by QR only, not played on screen; config/site.yml about_videos)."
history-gvhist-1986-recognition,yes,history,both,history;conference,,,,,,1986,"The General Service Conference recognizes AA Grapevine as the international journal of Alcoholics Anonymous, a recognition that today extends to La Viña.",,,,,Source: aagrapevine.org,1986,"La Conferencia de Servicios Generales reconoce a AA Grapevine como la revista internacional de Alcohólicos Anónimos, un reconocimiento que hoy se extiende también a La Viña.",,,,Fuente: aagrapevine.org,,,,,https://www.aagrapevine.org/history-aa-grapevine,"Service Manual 2024-2026, p. 85 (FAQ 5); M-39, p. 54 (1985 said 'an', corrected to 'the' in 1986). Never write 'Conference-approved'."
quote-service-informative-attitude,yes,quote,gv,service;history,,,,,,,"Maintaining an “informative attitude” in all Grapevine presentation plans, rather than “hard sell” promotion, be continued.",,,,,"1960 Advisory Action. Reprinted from Advisory Actions of the General Service Conference of Alcoholics Anonymous, 1951–2026, p. 52, with permission of Alcoholics Anonymous World Services, Inc.",,,,,,,,,,,https://www.aa.org/sites/default/files/literature/M-39_0825.pdf,"M-39 Advisory Actions 1951–2026, p. 52 (1960), word for word (research.md Q14; checked in the official copy 2026-10-02). The year label goes in the credit, as the round-4 decks do for Traditions. English only on purpose: no official Spanish text in research.md. Quotation marks as printed in M-39 p. 52 (checked 2026-10-03). Review 2026-10-03: the player itself puts “— ” before a quote's credit and shows a credit on one line (line breaks become spaces), so the credit has no leading dash and the label ends with a period."
quote-write-grammar,yes,quote,both,writing;newcomer,,,,,,,A.A. members are encouraged to submit articles even though they may think their grammar and spelling aren't perfect.,,,,,"Reprinted from The A.A. Service Manual, 2024–2026 Edition, p. 85, with permission of Alcoholics Anonymous World Services, Inc.",,,,,,,,,,,https://www.aa.org/aa-service-manualtwelve-concepts-world-services,"research.md Q13, word for word, with its exact credit line (was fact-write-grammar-manual; made a quote at assembly so the passage shows as a quotation and the quote type reaches its range). English only on purpose: no official Spanish text in research.md (the Spanish side: truefalse-write-grammar). Verified 2026-10-02 in BM-31, p. 85, FAQ 7. Re-check the page number when the 2026–2028 edition is out."
quote-service-responsibility,yes,quote,both,service;responsibility,2,,,,,,"I am responsible. When anyone, anywhere, reaches out for help, I want the hand of AA always to be there. And for that: I am responsible.",,,,,"Responsibility Statement, written for the 1965 International Convention, Toronto",,"Yo soy responsable. Cuando cualquiera, dondequiera, extienda su mano pidiendo ayuda, quiero que la mano de AA siempre esté allí. Y de esto: yo soy responsable.",,,,"Declaración de Responsabilidad, escrita para la Convención Internacional de 1965, Toronto",,,,,https://www.aagrapevine.org/about-us,"EN: word for word as aagrapevine.org/about-us prints it (the 'Responsibility Declaration'; the same wording is in the GVR Workbook 2026 p. 2 and the GV Handbook 2024 p. 4). Fact-check 2026-10-03: research.md Q3's text mixed two printings ('I am responsible.' as Grapevine prints it, 'A.A.' as P-52 does; P-52's back cover reads 'I am responsible… When anyone, anywhere, reaches out for help, I want the hand of A.A. always to be there…'); research.md D3 says to pick one source and copy it exactly, so the English now matches the cited source_url; the words are unchanged (A.A. -> AA only). ES: Manual del RLV 2025 p. 2, word for word (Q4; checked 2026-10-03). No copyright line exists: source note only, no author's name. Review 2026-10-03: the player itself puts “— ” before a quote's credit and shows a credit on one line (line breaks become spaces), so the credit has no leading dash and the label ends with a period."
quote-service-declaration-of-unity,yes,quote,both,service;unity,,,,,,,This we owe to A.A.'s future: To place our common welfare first; to keep our Fellowship united. For on A.A. unity depend our lives and the lives of those to come.,,,,,"A Declaration of Unity. Reprinted from AA Grapevine and La Viña: Our Meetings in Print (P-52), back cover, with permission of Alcoholics Anonymous World Services, Inc.",,,,,,,,,,,https://www.aa.org/aa-grapevine-and-la-vina-our-meetings-print,"P-52 (2026) back cover, word for word (research.md Q5; checked 2026-10-02). English only on purpose: research.md has no official Spanish text of this passage. Review 2026-10-03: the player itself puts “— ” before a quote's credit and shows a credit on one line (line breaks become spaces), so the credit has no leading dash and the label ends with a period."
quote-service-tradition-1,yes,quote,both,service;traditions,,,,,,,Our common welfare should come first; personal recovery depends upon A.A. unity.,,,,,"Tradition One (short form). Reprinted from AA Grapevine and La Viña: Our Meetings in Print (P-52), p. 17, with permission of Alcoholics Anonymous World Services, Inc.",,,,,,,,,,,https://www.aa.org/aa-grapevine-and-la-vina-our-meetings-print,"P-52 (2026) p. 17, short form, word for word (research.md Q6; checked 2026-10-02). The Tradition's name goes in the credit, as in the round-4 information-workshop deck. English only on purpose: research.md has no official Spanish text of the Traditions. Review 2026-10-03: the player itself puts “— ” before a quote's credit and shows a credit on one line (line breaks become spaces), so the credit has no leading dash and the label ends with a period."
quote-service-tradition-2,yes,quote,both,service;traditions,,,,,,,For our group purpose there is but one ultimate authority — a loving God as He may express Himself in our group conscience. Our leaders are but trusted servants; they do not govern.,,,,,"Tradition Two (short form). Reprinted from AA Grapevine and La Viña: Our Meetings in Print (P-52), p. 17, with permission of Alcoholics Anonymous World Services, Inc.",,,,,,,,,,,https://www.aa.org/aa-grapevine-and-la-vina-our-meetings-print,"P-52 (2026) p. 17, short form, word for word (research.md Q6, High; D1 lists it among the Traditions most relevant to Grapevine presentations). Added at assembly so the quote type reaches its range. English only on purpose: research.md has no official Spanish text of the Traditions. The player puts '— ' before a quote's credit, so the credit has no leading dash. Why here: the committee and the reps inform and suggest; the group conscience decides (research.md D1)."
quote-service-tradition-4,yes,quote,both,service;traditions,,,,,,,Each group should be autonomous except in matters affecting other groups or A.A. as a whole.,,,,,"Tradition Four (short form). Reprinted from AA Grapevine and La Viña: Our Meetings in Print (P-52), p. 17, with permission of Alcoholics Anonymous World Services, Inc.",,,,,,,,,,,https://www.aa.org/aa-grapevine-and-la-vina-our-meetings-print,"P-52 (2026) p. 17, short form, word for word (research.md Q6, High; D1 lists it among the Traditions most relevant to Grapevine presentations). Added at assembly so the quote type reaches its range. English only on purpose: research.md has no official Spanish text of the Traditions. The player puts '— ' before a quote's credit, so the credit has no leading dash. Why here: many rows say 'each group decides (Tradition Four)' - whether it subscribes, has a GVR or RLV, holds a workshop (research.md D1)."
quote-service-tradition-5,yes,quote,both,service;traditions,,,,,,,Each group has but one primary purpose — to carry its message to the alcoholic who still suffers.,,,,,"Tradition Five (short form). Reprinted from AA Grapevine and La Viña: Our Meetings in Print (P-52), p. 17, with permission of Alcoholics Anonymous World Services, Inc.",,,,,,,,,,,https://www.aa.org/aa-grapevine-and-la-vina-our-meetings-print,"P-52 (2026) p. 17, short form, word for word (research.md Q6; checked 2026-10-02). English only on purpose: research.md has no official Spanish text of the Traditions. Review 2026-10-03: the player itself puts “— ” before a quote's credit and shows a credit on one line (line breaks become spaces), so the credit has no leading dash and the label ends with a period."
quote-service-tradition-7,yes,quote,both,service;traditions;self-support,,,,,,,"Every A.A. group ought to be fully self-supporting, declining outside contributions.",,,,,"Tradition Seven (short form). Reprinted from AA Grapevine and La Viña: Our Meetings in Print (P-52), p. 17, with permission of Alcoholics Anonymous World Services, Inc.",,,,,,,,,,,https://www.aa.org/aa-grapevine-and-la-vina-our-meetings-print,"P-52 (2026) p. 17, short form, word for word (research.md Q6; checked 2026-10-02). English only on purpose: research.md has no official Spanish text of the Traditions. Review 2026-10-03: the player itself puts “— ” before a quote's credit and shows a credit on one line (line breaks become spaces), so the credit has no leading dash and the label ends with a period."
quote-service-tradition-11,yes,quote,both,service;traditions;anonymity,,,,,,,"Our public relations policy is based on attraction rather than promotion; we need always maintain personal anonymity at the level of press, radio and films.",,,,,"Tradition Eleven (short form). Reprinted from AA Grapevine and La Viña: Our Meetings in Print (P-52), p. 17, with permission of Alcoholics Anonymous World Services, Inc.",,,,,,,,,,,https://www.aa.org/aa-grapevine-and-la-vina-our-meetings-print,"P-52 (2026) p. 17, short form, word for word (research.md Q6; checked 2026-10-02). English only on purpose: research.md has no official Spanish text of the Traditions. Review 2026-10-03: the player itself puts “— ” before a quote's credit and shows a credit on one line (line breaks become spaces), so the credit has no leading dash and the label ends with a period."
quote-service-tradition-12,yes,quote,both,service;traditions;anonymity,,,,,,,"Anonymity is the spiritual foundation of all our Traditions, ever reminding us to place principles before personalities.",,,,,"Tradition Twelve (short form). Reprinted from AA Grapevine and La Viña: Our Meetings in Print (P-52), p. 17, with permission of Alcoholics Anonymous World Services, Inc.",,,,,,,,,,,https://www.aa.org/aa-grapevine-and-la-vina-our-meetings-print,"P-52 (2026) p. 17, short form, word for word (research.md Q6; checked 2026-10-02). English only on purpose: research.md has no official Spanish text of the Traditions. Review 2026-10-03: the player itself puts “— ” before a quote's credit and shows a credit on one line (line breaks become spaces), so the credit has no leading dash and the label ends with a period."
quote-service-first-names,yes,quote,both,anonymity;writing,,,,,,,"In printed articles, on websites or email, we are identified by our first names and last initials only.",,,,,"Reprinted from Anonymity Online and Digital Media (SMF-197), p. 1, with permission of A.A. World Services, Inc.",,,,,,,,,,,https://www.aa.org/anonymity-online-and-digital-media,"research.md Q17, word for word, with its exact credit line (SMF-197, p. 1, quoting The A.A. Group, p. 8; High). Why here: it is how a byline in Grapevine or La Viña protects the writer (see quiz-write-byline). The aa.org page for SMF-197 was confirmed with WebFetch on 2026-10-03. Added at assembly so the quote type reaches its range. English only on purpose: no official Spanish text in research.md."
quote-service-gvr-rlv-link,yes,quote,both,service;gvr;rlv,,,,,,,"GVRs and RLVs, as they are known, are the link between the group and the AA Grapevine office. A.A. members become Grapevine or La Viña reps by volunteering or being elected to the position by their group.",,,,,"Reprinted from The A.A. Service Manual, 2024–2026 Edition, p. 83, with permission of Alcoholics Anonymous World Services, Inc.",,,,,,,,,,,https://www.aa.org/aa-service-manualtwelve-concepts-world-services,"The A.A. Service Manual 2024–2026 (BM-31) p. 83, word for word (research.md Q11; checked in the official copy 2026-10-02). English only on purpose: no official Spanish text in research.md. Re-check the page number when the 2026–2028 edition comes out."
quote-service-how-groups-support,yes,quote,both,service;self-support,,,,,,,"AA Grapevine, Inc. is not set up to take contributions from groups or individuals. Groups and individual members support the Grapevine by purchasing Grapevine and La Viña subscriptions and other Grapevine publications and using them in their Twelfth Step work.",,,,,"Reprinted from Self-Support: Where Money and Spirituality Mix (F-3), p. 12, with permission of Alcoholics Anonymous World Services, Inc.",,,,,,,,,,,https://www.aa.org/self-support-where-money-and-spirituality-mix,"F-3 (updated June 2026) p. 12, word for word (research.md Q10; checked in the official copy 2026-10-02). Chosen over Q9 (Service Manual p. 66), which is about 340 characters, over the 300-character limit. English only on purpose: no official Spanish text in research.md."
quote-service-1986-recognition,yes,quote,both,service;history,,,,,,,"In 1986, a Conference Advisory Action stated: “Since each issue of the Grapevine cannot go through the Conference-approval process, the Conference recognizes AA Grapevine as the international journal of Alcoholics Anonymous.” This recognition extends to La Viña as well.",,,,,"Reprinted from The A.A. Service Manual, 2024–2026 Edition, p. 85, with permission of Alcoholics Anonymous World Services, Inc.",,,,,,,,,,,https://www.aa.org/aa-service-manualtwelve-concepts-world-services,"The A.A. Service Manual 2024–2026 p. 85, FAQ 5, word for word (research.md Q8; checked in the official copy 2026-10-02). It says 'Conference-approval process' (not the refused phrase). English only on purpose: no official Spanish text in research.md. Quotation marks as printed in the Manual, p. 85 (checked 2026-10-03)."
poll-service-your-connection,yes,poll,both,service;gvr;rlv,,,,,,,What's your service connection to Grapevine and La Viña?,"I'm a GVR or RLV|I serve another way (GSR, DCM…)|Thinking about it|Just curious!",,,Every answer is welcome here. Ask us anything!,,,¿Cuál es tu conexión de servicio con La Viña y Grapevine?,"Soy RLV o GVR|Sirvo de otra forma (RSG, MCD…)|Lo estoy pensando|¡Solo por curiosidad!",,Aquí todas las respuestas son bienvenidas. ¡Pregúntanos lo que quieras!,,,,,,,"Poll: votes are counted on this device only; no names. GSR = RSG, DCM = MCD in AA Spanish."
poll-service-group-rep,yes,poll,both,service;gvr;rlv,,,,,,,Does your home group have a GVR or RLV right now?,Yes!|Not right now|I'm not sure,,,"Each group decides for itself (Tradition Four). If yours is curious, ask us how it works.",,,¿Tu grupo base tiene RLV o GVR en este momento?,¡Sí!|Por ahora no|No lo sé,,"Cada grupo decide por sí mismo (Cuarta Tradición). Si al tuyo le interesa, pregúntanos cómo funciona.",,,,,,,"Poll: no names, no group names, no ranking; the explanation keeps it pressure-free (Tradition Four; GVR Workbook 2026 p. 52)."
poll-service-favorite-way,yes,poll,both,service;carry-the-message,,,,,,,What's your favorite way to carry the message with the magazines?,A copy for a newcomer|A Carry the Message gift|A story as a meeting topic|A lending library at my group,,,All of them carry the message!,,,¿Cuál es tu forma favorita de llevar el mensaje con las revistas?,Un ejemplar para un recién llegado|Un regalo de Lleva el Mensaje|Una historia como tema de reunión|Una biblioteca de préstamo en mi grupo,,¡Todas llevan el mensaje!,,,,,,,Poll. Ideas from the committee's GVR / RLV 101 (config/orientation.yml) and the Manual del RLV 2025 p. 6.
poll-fun-way-to-enjoy,yes,poll,both,poll;format;audio;app,,,,,,,"Grapevine and La Viña come in print, digital and audio. What’s your favorite way?","Print, in my hands|Digital, on the app or web|Audio, while I drive or walk|I’m new to them!",,,Both magazines offer an audio version of every issue. Ask us how to listen.,,,"La Viña y Grapevine vienen en versión impresa, digital y en audio. ¿Cuál es tu forma favorita?","Impresa, en mis manos|Digital, en la aplicación o la web|En audio, mientras manejo o camino|¡Apenas las estoy conociendo!",,Las dos revistas ofrecen una versión en audio de cada número. Pregúntanos cómo escucharla.,,,,,,https://www.aa.org/aa-grapevine-and-la-vina-our-meetings-print,"Explain: P-52 (2026), p. 10, read 2026-10-02: 'Grapevine and La Viña provide audio versions of every issue for members who prefer to listen at home, in the car or on the go.' Which subscription includes audio is an open question (research.md OQ 8), so no plan is named."
poll-fun-first-read,yes,poll,both,poll;humor;writing,,,,,,,A new issue lands in your hands. What do you read first?,"The jokes|The letters|The members’ stories|Page one, in order",,,"Members send in all of it: stories, letters and jokes.",,,Llega un número nuevo a tus manos. ¿Qué lees primero?,"Los chistes|Las cartas|Las historias de los miembros|Desde la página uno, en orden",,"Los miembros envían todo eso: historias, cartas y chistes.",,,,,,https://www.aagrapevine.org/guidelines-contributing-grapevine,"Grapevine: jokes for 'At Wit's End' and letters for 'Dear Grapevine', plus first-person stories (aagrapevine.org/guidelines-contributing-grapevine, read 2026-10-02). La Viña: RLV Manual 2025, p. 6 ('Anima a los miembros a colaborar con LA VIÑA escribiendo artículos o cartas, enviando chistes, anécdotas, fotos o dibujos', read 2026-10-02)."
poll-fun-ever-written,yes,poll,both,poll;writing,,,,,,,Have you ever written or recorded a story for Grapevine or La Viña?,"Yes!|Not yet, but I’d like to|Not yet|Wait, I can do that?",,,"Yes, you can! Any AA member can send a story, no writing experience needed. Ask us how.",,,¿Alguna vez has escrito o grabado una historia para La Viña o Grapevine?,"¡Sí!|Todavía no, pero me gustaría|Todavía no|¿En serio? ¿Yo puedo hacer eso?",,¡Sí puedes! Cualquier miembro de AA puede enviar su historia; no hace falta tener experiencia como escritor. Pregúntanos cómo.,,,,,,https://www.aagrapevine.org/guidelines-contributing-grapevine,"A.A. Service Manual 2024–2026, p. 85 (FAQ 6–7); aalavina.org/guia-para-contribuciones (paraphrased, not quoted). Recording: aagrapevine.org/audio-portal, aalavina.org/graba-tu-historia."
poll-fun-write-about,yes,poll,both,poll;writing,,,,,,,"If you wrote a story for Grapevine or La Viña, what would it be about?",My first meeting|My sponsor|A Step that changed me|Something funny,,,"Tell one experience, the way you’d share it at your home group. Ask us about the upcoming themes.",,,"Si escribieras una historia para La Viña o Grapevine, ¿de qué se trataría?",Mi primera reunión|Mi padrino o madrina|Un Paso que me cambió|Algo chistoso,,"Cuenta una sola experiencia, como la compartirías en tu grupo base. Pregúntanos por los próximos temas.",,,,,,https://www.aagrapevine.org/contribute,"Tip in the committee's own words (src/_i18n/read.json read.contrib.*; research.md C12). 'Upcoming' rather than 'this year's': in Oct. 2026 the open calls are for 2027 issues (aagrapevine.org/contribute, read 2026-10-02). Themes: /contribute/#deadlines."
poll-fun-story-kind,yes,poll,both,poll;writing,,,,,,,What’s your favorite kind of story?,Sponsorship|Spiritual awakenings|Newcomers|Old-timers,,,,,,¿Cuál es tu tipo de historia favorito?,Apadrinamiento|Despertares espirituales|Recién llegados|Veteranos,,,,,,,,https://www.aagrapevine.org/evolution-magazine,All four are Grapevine departments (aagrapevine.org/evolution-magazine; GVR Handbook p. 7); La Viña has Veteranos and others (Pautas 2020). No explanation needed.
poll-fun-app,yes,poll,both,poll;app;online,,,,,,,Have you tried the free Grapevine or La Viña app?,"Yes|Not yet|Wait, there’s an app?",,,"The apps are free to download. To read the magazine in the app, you need a digital or Complete subscription.",,,¿Has probado la aplicación gratuita de La Viña o de Grapevine?,"Sí|Todavía no|Espera, ¿hay una aplicación?",,Las aplicaciones se descargan gratis. Para leer la revista en la aplicación se necesita una suscripción digital o completa.,,,,,,https://www.aagrapevine.org/apps,"aagrapevine.org/apps read 2026-10-02: free from the App Store and Google Play; 'With a Complete or Digital Subscription…'. Apps since 2023 (P-52, p. 10)."
poll-fun-when-read,yes,poll,both,poll;fun,,,,,,,When do you like to read Grapevine or La Viña?,With my morning coffee|On my lunch break|Before bed|Before or after a meeting,,,,,,¿Cuándo te gusta leer La Viña o Grapevine?,Con el café de la mañana|A la hora de la comida|Antes de dormir|Antes o después de una reunión,,,,,,,,,Just for fun; no facts.
poll-fun-after-reading,yes,poll,both,poll;carry;newcomer,,,,,,,Finished an issue? What happens to it next?,I keep it|I pass it to a newcomer|I leave it at my meeting|I share it with my sponsor or sponsee,,,Some groups give issues to newcomers. One copy can carry the message again and again.,,,¿Terminaste un número? ¿Qué haces con él?,"Lo guardo|Se lo paso a un recién llegado|Lo dejo en mi reunión|Lo comparto con mi padrino, madrina o ahijado",,Algunos grupos les regalan la revista a los recién llegados. Un ejemplar puede llevar el mensaje una y otra vez.,,,,,,https://www.aagrapevine.org/gvr-resources,"Paraphrased from the RLV Manual 2025, p. 6 (groups give magazines to newcomers) and the GVR Handbook, p. 12 (an article carries the message every time it is read). Not quoted."
poll-fun-joke,yes,poll,both,poll;humor;writing,,,,,,,Ever sent a joke to Grapevine or La Viña?,Yes!|Not yet|I’m thinking of one right now,,,Both magazines welcome members’ jokes. Grapevine’s joke page is called At Wit’s End.,,,¿Alguna vez has enviado un chiste a La Viña o a Grapevine?,¡Sí!|Todavía no|Estoy pensando en uno ahora mismo,,"Las dos revistas reciben chistes de los miembros. En Grapevine, la página de humor se llama At Wit’s End.",,,,,,https://www.aagrapevine.org/guidelines-contributing-grapevine,"At Wit's End: aagrapevine.org/evolution-magazine; Workbook pp. 36–37. La Viña asks for jokes: RLV Manual 2025, p. 6; La Viña News Sept.–Oct. 2026, p. 1."
poll-fun-gift,yes,poll,both,poll;carry;gift,,,,,,,Who would you love to give a Grapevine or La Viña to?,A newcomer|My sponsor|A friend in AA|An alcoholic I’ll never meet,,,That last one is the Carry the Message gift: Grapevine or La Viña sends it to an alcoholic in need. Ask us.,,,¿A quién te gustaría regalarle La Viña o Grapevine?,A un recién llegado|A mi padrino o madrina|A un amigo de AA|A un alcohólico que nunca conoceré,,Esa última opción es el regalo de Lleva el Mensaje: La Viña o Grapevine lo asigna a un alcohólico que lo necesita. Pregúntanos.,,,,,,https://www.aagrapevine.org/2023-carry-message-project,"research.md A6 (High): Grapevine / La Viña assigns the certificate to an alcoholic in need (prison, treatment center, hospital, homebound); aalavina.org/lleva-el-mensaje. 'Gift', never 'donation'."
poll-fun-how-long,yes,poll,both,poll;history;fun,,,,,,,How long have you been reading Grapevine or La Viña?,This is my first look!|Less than a year|A few years|Decades!,,,"Grapevine has been published since 1944, and La Viña since 1996.",,,¿Cuánto tiempo llevas leyendo La Viña o Grapevine?,¡Es la primera vez que la veo!|Menos de un año|Unos cuantos años|¡Décadas!,,"La Viña se publica desde 1996, y Grapevine desde 1944.",,,,,,https://www.aagrapevine.org/history-aa-lavina,"Grapevine June 1944 (aagrapevine.org/history-aa-grapevine); La Viña 1996 (history-aa-lavina; year only, per research.md OQ 21)."
prompt-write-funny,yes,prompt,gv,writing;humor,,,,,,,What's the funniest thing that's happened to you in sobriety? Could it become a joke for Grapevine's At Wit's End page?,,,,,,,¿Qué es lo más gracioso que te ha pasado en tu vida sobria? ¿Podría convertirse en un chiste para la página At Wit's End de Grapevine?,,,,,,,,,,At Wit's End = Grapevine's jokes page (GV guidelines; research.md C3). Keep it clean: nothing about drinking.
prompt-lv-first-90-days,yes,prompt,lv,writing;newcomer,,,,,,,"What's a moment from your first 90 days you'll never forget? It's one of La Viña's suggested story topics. If you write in Spanish, maybe it's your story for La Viña!",,,,,,,¿Qué momento de tus primeros 90 días nunca olvidarás? Es uno de los temas que sugiere La Viña. ¡A lo mejor es la historia que puedes compartir con La Viña!,,,,,,,,https://www.aalavina.org/temas-sugeridos,https://www.aalavina.org/temas-sugeridos,"Topic from aalavina.org/temas-sugeridos ('Una anécdota de tus primeros 90 días'), paraphrased. La Viña publishes in Spanish, so the English text says so."
prompt-lv-how-you-met,yes,prompt,lv,newcomer,,,,,,,"How did you first come across La Viña or Grapevine: at a meeting, from your sponsor, in a waiting room? Tell us!",,,,,,,"¿Cómo conociste La Viña o el Grapevine: en una reunión, por tu padrino o madrina, en una sala de espera? ¡Cuéntanos!",,,,,,,,,,Conversation starter; no facts to check. La Viña named first in both languages on purpose (an LV row).
prompt-lv-home-group,yes,prompt,lv,rlv;newcomer;service,,,,,,,"Does your home group read La Viña at meetings, give it to newcomers or have an RLV? Share an idea that works!",,,,,,,"¿Tu grupo base lee La Viña en las reuniones, la regala a los recién llegados o tiene RLV? ¡Comparte una idea que funcione!",,,,,,,,,https://www.aalavina.org/recursos,"Ideas from the Manual del Representante de La Viña (2025), p. 6. Experience sharing, no ranking of groups."
prompt-write-sponsor,yes,prompt,lv,writing,,,,,,,What did your sponsor teach you that you'd love to share with La Viña's readers?,,,,,,,¿Qué te enseñó tu padrino o madrina que te gustaría compartir con quienes leen La Viña?,,,,,,,,,,'Lo que me enseno mi Padrino' is one of La Vina's open topics with no deadline (aalavina.org/temas-sugeridos; research.md C10).
prompt-write-first-line,yes,prompt,both,writing,,,,,,,"If you wrote your story for Grapevine or La Viña, what would your very first sentence be?",,,,,,,"Si escribieras tu historia para La Viña o Grapevine, ¿cuál sería tu primera frase?",,,,,,,,,,Conversation prompt for the table. Published stories' openings are discussed in the Writing Workshop Guidelines (research.md C11).
prompt-write-story-spoke,yes,prompt,both,writing,,,,,,,Has a story in Grapevine or La Viña ever felt like it was written just for you? What was it about?,,,,,,,¿Alguna vez una historia de La Viña o de Grapevine te pareció escrita solo para ti? ¿De qué trataba?,,,,,,,,,,"Conversation prompt. Stories are talked about, never shown or quoted on screen (Grapevine copyright, research.md D3)."
prompt-write-one-moment,yes,prompt,both,writing;newcomer,,,,,,,What's one moment from your sobriety that might help a newcomer if it were in print?,,,,,,,¿Qué momento de tu sobriedad podría ayudar a un recién llegado si saliera publicado?,,,,,,,,,,"Tip behind it: tell one experience or turning point, not your whole life (research.md C12; /contribute/#tips)."
prompt-write-walls,yes,prompt,both,writing;humor,,,,,,,"If the walls of your home group's meeting room could talk, what story would they tell?",,,,,,,"Si las paredes de la sala de tu grupo base hablaran, ¿qué historia contarían?",,,,,,,,,,"A wink at Grapevine's If Walls Could Talk photo page (meeting places, no people). Do not claim La Vina has a section by that name (research.md C3)."
prompt-service-advice-new-rep,yes,prompt,both,service;gvr;rlv,,,,,,,Have you served as a GVR or RLV? What would you tell a brand-new rep in one sentence?,,,,,,,¿Has servido como RLV o GVR? ¿Qué le dirías en una sola frase a alguien que empieza en ese servicio?,,,,,,,,,,Let's talk. Same question as the round-4 orientation workshop's optional ASK.
prompt-service-magazine-reach,yes,prompt,both,service;carry-the-message,,,,,,,"A magazine can go where a meeting can't: a jail cell, a hospital bed, a home someone can't leave. Where have you seen Grapevine or La Viña reach someone?",,,,,,,"Una revista puede llegar a donde una reunión no puede: una celda, una cama de hospital, una casa de la que alguien no puede salir. ¿Dónde has visto que La Viña o Grapevine le llegue a alguien?",,,,,,,,,,"Let's talk. 'A magazine can go where a meeting can't' is the committee's own wording (config/orientation.yml, literature-table session)."
prompt-fun-step-stories,yes,prompt,both,prompt;writing;traditions,,,,,,,Which Step or Tradition would you like to read more stories about? Fun fact: Grapevine’s editors always need stories on Steps 4–12 and every Tradition.,,,,,,,¿Sobre qué Paso o Tradición te gustaría leer más historias? Dato curioso: los editores de Grapevine siempre necesitan historias sobre los Pasos 4 al 12 y cada Tradición.,,,,,,,,,https://www.aagrapevine.org/contribute,"Fact: aagrapevine.org/contribute — editors 'always in need of stories of your experience on Steps 4–12 and on every Tradition' (research.md C2, High); paraphrased."
prompt-fun-group-use,yes,prompt,both,prompt;service;carry,,,,,,,"How does your group use Grapevine or La Viña: a reading at the meeting, a literature table, gifts for newcomers? Share your ideas with us.",,,,,,,"¿Cómo usa tu grupo La Viña o Grapevine: una lectura en la reunión, una mesa de literatura, regalos para los recién llegados? Comparte tus ideas con nosotros.",,,,,,,,,,"Ideas match the RLV Manual 2025, p. 6 (read 2026-10-02: many groups give magazines to newcomers; some read stories at themed meetings; keep La Viña on display) and the Workbook (research.md B1); the group conscience decides (Tradition Four)."
message-write-send-gv,yes,message,gv,writing;online,,,,,,Sending your story to Grapevine,"Upload it with the online form, email it to gveditorial@aagrapevine.org, or mail it to the Editorial Dept. in New York. Keep a copy, and send it just one way. Writing in English? Grapevine is the place.",,,,,,Cómo enviar tu historia a Grapevine,"Súbela con el formulario en línea, envíala por correo electrónico a gveditorial@aagrapevine.org o mándala por correo postal al Departamento Editorial en Nueva York. Guarda una copia y envíala por una sola vía. Grapevine recibe historias en inglés.",,,,,,,,https://www.aagrapevine.org/submit-your-story,https://www.aagrapevine.org/guidelines-contributing-grapevine,"GV guidelines (read 2026-10-02): upload online, email, or mail to Grapevine, Editorial Dept., 475 Riverside Drive, New York, NY 10115; keep a copy; do not submit by both website and email. research.md C6. Email = config links.gv_email_editorial."
message-write-record-gv,yes,message,gv,writing;recording,,,,,,Rather talk than write?,"Grapevine's Audio Project lets you share your story by phone for 6 to 8 minutes on one topic, such as making amends or finding your first sponsor, just as you would in a meeting. Scan to see how.",,,,,,¿Prefieres hablar en vez de escribir?,"Con el Audio Project de Grapevine puedes compartir tu historia por teléfono, en inglés, de 6 a 8 minutos sobre un tema, como hacer reparaciones o encontrar a tu primer padrino o madrina, tal como lo harías en una reunión. Escanea para ver cómo.",,,,,,,,https://www.aagrapevine.org/audio-portal,https://www.aagrapevine.org/audio-portal,"aagrapevine.org/audio-portal (read 2026-10-02): 6-8 minutes; topic examples making amends / first sponsor; 559-726-1216, press 1 tips + record, # finish, 1 save, 2 permission. The line was reported down in May 2026: test it before an event (research.md C9). Do not mention any subscription requirement (Open question 9). Round 5 (lead): the phone number was taken out of the slide (the line was reported down in May 2026); the QR leads to the official page, which gives the current number."
message-lv-rlv,yes,message,lv,rlv;service,,,,,,Does your group have an RLV?,"The RLV (Representante de La Viña) links the home group with La Viña, sharing each new issue and inviting members to read and write. It's a simple service position. Ask us about it!",,,,,,¿Tu grupo tiene RLV?,El RLV (Representante de La Viña) es el enlace entre el grupo base y La Viña: comparte cada número nuevo e invita a leer y a escribir. Es un puesto de servicio sencillo. ¡Pregúntanos!,,,,,,,,{site_es}gvr/,https://www.aalavina.org/servicio/conviertete-en-rlv,"aalavina.org/servicio/conviertete-en-rlv; Service Manual, p. 83. The group decides whether it has an RLV (Tradition Four)."
message-write-send-lv,yes,message,lv,writing;online,,,,,,Sending your story to La Viña,"Use La Viña's online form at aalavina.org/comparte, email it to manuscritoslv@aagrapevine.org, or mail it to La Viña in New York. Write it in Spanish, the way you'd share it at your home group.",,,,,,Cómo enviar tu historia a La Viña,"Usa el formulario en línea de La Viña en aalavina.org/comparte, envíala por correo electrónico a manuscritoslv@aagrapevine.org o mándala por correo postal a La Viña en Nueva York. Escríbela en español, como la compartirías en tu grupo base.",,,,,,,,https://www.aalavina.org/comparte,https://www.aalavina.org/guia-para-contribuciones,"Owner's decision 2026-10-02 (RESUME.md round 4, r4 SPEC UPDATE 4): La Vina story address = manuscritoslv@aagrapevine.org (config links.lv_email_editorial); lveditorial@ only as the monthly workshop's contact - never for stories. Online form: aalavina.org/comparte ('Carga tu historia o foto o ilustracion', read 2026-10-02). Mail: La Vina, 475 Riverside Drive, New York, NY 10115."
message-service-ask-us,yes,message,both,service;gvr;rlv,,,,,,Curious about GVR or RLV service?,It's one of the simplest service positions in AA: the link between your home group and our meeting in print. Ask us at this table. We're glad to share our experience.,,,,,,¿Te interesa el servicio de RLV o GVR?,Es uno de los puestos de servicio más sencillos de AA: el enlace entre tu grupo base y nuestra reunión impresa. Pregúntanos en esta mesa; con gusto compartimos nuestra experiencia.,,,,,,,,{site}orientation/,,Wording follows the site's GVR / RLV corner (src/_i18n/read.json read.gvr.job_text). The QR opens GVR / RLV 101 (six short sessions for new reps).
message-service-group-decides,yes,message,both,service;traditions,,,,,,"Your group, your decision","Everything at this table is information for your group conscience. Ask questions, take what helps and let your group decide what fits (Tradition Four).",,,,,,"Tu grupo, su decisión","Todo lo que hay en esta mesa es información para la conciencia de tu grupo. Pregunta, llévate lo que te sirva y deja que tu grupo decida qué le conviene (Cuarta Tradición).",,,,,,,,,,"Attraction, not promotion: the 1960 'informative attitude' (M-39 p. 52) and Tradition Four. Heading as in GVR / RLV 101 (config/orientation.yml)."
message-fun-welcome-event,yes,message,both,message;welcome,,,,,,Welcome to our table!,"Grapevine and La Viña, our “meeting in print,” are right here. Take a look, ask us anything or just stop by to say hello.",,,,,,¡Bienvenidos a nuestra mesa!,"Aquí están La Viña y Grapevine, «nuestra reunión impresa». Échales un vistazo, pregúntanos lo que quieras o simplemente pasa a saludar.",,,,,,,,{site},https://www.aa.org/aa-grapevine-and-la-vina-our-meetings-print,"No {event}: booth.defaults.event_name is empty by default and the player's fill() drops an empty {event} with the space before it, so the earlier title read 'Welcome to!' / 'Stories everywhere at' / 'Thanks for stopping by at' whenever no event name was set; auto:welcome already greets by event name when one is set, and the header shows it. 'Meeting in print': P-52 (AA Grapevine and La Viña: Our Meetings in Print), p. 13; 'nuestra reunión impresa': RLV Manual 2025, p. 3 (read 2026-10-02). Reworded so the magazines, not the table, are the meeting in print."
message-fun-event-stories,yes,message,both,message;writing,,,,,,Everyone here has a story,"Grapevine and La Viña are written almost entirely by AA members, people just like you. Have a story to tell? Ask us how to send it.",,,,,,Aquí todos tenemos una historia,"La Viña y Grapevine están escritas casi en su totalidad por miembros de AA, personas como tú. ¿Tienes una historia? Pregúntanos cómo enviarla.",,,,,,,,{site}contribute/,https://www.aa.org/aa-grapevine-and-la-vina-our-meetings-print,"No {event}: booth.defaults.event_name is empty by default and the player's fill() drops an empty {event} with the space before it, so the earlier title read 'Welcome to!' / 'Stories everywhere at' / 'Thanks for stopping by at' whenever no event name was set; auto:welcome already greets by event name when one is set, and the header shows it. Fact: 'All articles for the magazine are contributed by A.A. members, with the exception of a few by nonalcoholics' (P-52, p. 9, read 2026-10-02); Service Manual, p. 81. No promise of publication."
message-fun-event-committee,yes,message,both,message;committee,,,,,,Thanks for stopping by,"The {committee} meets on Zoom every month, and every AA member is welcome. Ask us for the details.",,,,,,Gracias por visitarnos,El {committee} se reúne por Zoom cada mes y todos los miembros de AA son bienvenidos. Pídenos los detalles.,,,,,,,,{site}meetings/,https://neta65.org/trusted-servants/grapevine-la-vina/,"No {event}: booth.defaults.event_name is empty by default and the player's fill() drops an empty {event} with the space before it, so the earlier title read 'Welcome to!' / 'Stories everywhere at' / 'Thanks for stopping by at' whenever no event name was set; auto:welcome already greets by event name when one is set, and the header shows it. {committee} is always filled from booth.json site.committee_en / committee_es (EN 'NETA 65 Grapevine & La Viña Committee' / ES 'Comité de Grapevine y La Viña de NETA 65', hence 'The'/'El'). Committee meeting: 3rd Wednesday, 7 p.m. Central, Zoom; 'All AA members are welcome to attend.' (config/site.yml meeting; research.md E1)."
message-fun-gifts,yes,message,both,message;carry;gift,,,,,,A gift that carries the message,"For a sponsee, a newcomer or an alcoholic you’ll never meet. Ask us about gift subscriptions and the Carry the Message project.",,,,,,Un regalo que lleva el mensaje,"Para tu ahijado, un recién llegado o un alcohólico que nunca conocerás. Pregúntanos por las suscripciones de regalo y el proyecto Lleva el Mensaje.",,,,,,,,{site}shop/,https://www.aagrapevine.org/2023-carry-message-project,"Carry the Message: aagrapevine.org/2023-carry-message-project (read 2026-10-02: 'Grapevine will redeem the gift certificate(s) for an alcoholic in need'); research.md A6 (High); aalavina.org/lleva-el-mensaje. Title changed from 'make great gifts' (informative attitude, not a sales slogan). 'Gift', never 'donation'; no prices here (they change; /shop/ has the current ones). Review 2026-10-03: the project offers two ways to give. A gift certificate is for someone you know (family, a friend, a sponsee). A Carry the Message gift certificate is for someone you don't know, and Grapevine / La Viña redeems it for an alcoholic in need (aagrapevine.org/2023-carry-message-project; aalavina.org/lleva-el-mensaje). The text names both: 'gift subscriptions and the Carry the Message project'."
message-fun-read-listen-watch,yes,message,both,message;format;audio;online,,,,,,"Read, listen or watch","Grapevine and La Viña come in print, digital and audio, and on YouTube with members’ stories and short videos. Find the way that fits your day.",,,,,,"Lee, escucha o mira","La Viña y Grapevine vienen en versión impresa, digital y en audio, y también en YouTube, con historias de miembros y videos cortos. Encuentra la forma que va con tu día.",,,,,,,,{site}read/,https://www.aa.org/aa-grapevine-and-la-vina-our-meetings-print,"P-52 (2026), pp. 6 and 10: print, digital and audio; YouTube channel since 2018 with members' audio stories (research.md A5)."
qr-digital-listen,yes,qr,gv,podcast;online;website,,,,,,Listen on our site,"Both Grapevine podcasts in one place: the weekly show and the Weekly Open AA Meeting, with a player that remembers where you left off. Free.",,,,,,Escucha en nuestro sitio,"Los dos podcasts de Grapevine en un solo lugar (en inglés): el programa semanal y la Reunión Abierta Semanal, con un reproductor que recuerda dónde te quedaste. Gratis.",,,,,,,,{site}listen/,https://neta65.github.io/aagrapevine/listen/,Wording from our own page (src/_i18n/media.json media.listen_meta). Spanish twin: {site_es}listen/.
qr-fun-aagrapevine,yes,qr,gv,qr;online;official,,,,,,AA Grapevine online,"Grapevine’s official site: the magazine, the Story Archive, the Daily Quote, the podcast, the store and more.",,,,,,Grapevine en línea,"El sitio oficial de Grapevine (en inglés): la revista, el archivo de historias, la cita diaria (Daily Quote), el podcast, la tienda y más.",,,,,,,,https://www.aagrapevine.org/,https://www.aagrapevine.org/,"Story Archive, Daily Quote, podcast, store: research.md A5 (High)."
qr-write-graba-lv,yes,qr,lv,writing;recording,,,,,,Record your story for La Viña,"Call the ""Graba tu historia"" line at (559) 670-1601 and share for up to 7 minutes in Spanish. Instructions, tips and suggested topics are on La Viña's page.",,,,,,Graba tu historia,"Llama al (559) 670-1601 y comparte hasta 7 minutos, como en una reunión. Las instrucciones, los consejos y los temas sugeridos están en la página de La Viña.",,,,,,,,https://www.aalavina.org/graba-tu-historia,https://www.aalavina.org/graba-tu-historia,"aalavina.org/graba-tu-historia (data/site/audio_project.json checked 2026-10-02): (559) 670-1601, up to 7 minutes, long-distance charges may apply; instructions, tips, topics pages linked there. research.md C9."
qr-fun-aalavina,yes,qr,lv,qr;online;official,,,,,,La Viña online,"La Viña’s official site, in Spanish: the magazine, the Cita Diaria (daily quote), the store and how to share your story.",,,,,,La Viña en línea,"El sitio oficial de La Viña: la revista, la Cita Diaria, la tienda y cómo compartir tu historia.",,,,,,,,https://www.aalavina.org/,https://www.aalavina.org/,"Cita Diaria, store (tienda), /comparte: research.md A5, C6 (High)."
qr-service-gvr-corner,yes,qr,both,service;gvr;rlv,2,,,,,GVR / RLV corner,"First steps, resource kits and ideas for group reps, on our committee's website, in English and Spanish.",,,,,,Rincón del RLV / GVR,"Primeros pasos, kits de recursos e ideas para representantes de grupo, en el sitio web de nuestro comité, en español y en inglés.",,,,,,,,{site}gvr/,,QR to the committee's /gvr/ page. A phone set to Spanish is offered the Spanish page by the site's language banner.
qr-service-carry-the-message,yes,qr,both,service;carry-the-message;subscribe,,,,,,Carry the Message,"A gift subscription for someone you know, or a Carry the Message gift for an alcoholic in need, with links to the official stores.",,,,,,Lleva el Mensaje,"Una suscripción de regalo para alguien que conoces, o un regalo de Lleva el Mensaje para un alcohólico que lo necesita, con enlaces a las tiendas oficiales.",,,,,,,,{site}shop/#carry,,QR to the committee's /shop/ page (its Carry the Message section links aagrapevine.org/carry-the-message and aalavina.org/lleva-el-mensaje). No prices here: the live-prices slide shows them with an 'as of' date. Review 2026-10-03: #carry opens the Carry the Message section (src/pages/shop.njk).
qr-digital-watch,yes,qr,both,youtube;online;website,,,,,,Watch on our site,"The newest official Grapevine and La Viña videos: Weekly Open recordings, podcast episodes, ASL shares and La Viña audio stories, in English and Spanish.",,,,,,Mira en nuestro sitio,"Los videos oficiales más recientes de La Viña y Grapevine: grabaciones de la Reunión Abierta, episodios del podcast, historias en lengua de señas y audios de La Viña, en español e inglés.",,,,,,,,{site}watch/,https://neta65.github.io/aagrapevine/watch/,Wording from src/_i18n/media.json media.watch_sub/watch_meta; the videos play from the official @AAGrapevine channel. Spanish twin: {site_es}watch/.
qr-digital-shop,yes,qr,both,prices;subscribe;website,,,,,,Compare the plans,"Print, digital or Complete? Our Shop page shows the current prices from the official Grapevine and La Viña stores, with the date they were checked. You subscribe directly through the official stores.",,,,,,Compara los planes,"¿Impresa, digital o completa? Nuestra página Tienda muestra los precios actuales de las tiendas oficiales de La Viña y Grapevine, con la fecha en que se consultaron. La suscripción se hace directamente en las tiendas oficiales.",,,,,,,,{site}shop/,https://neta65.github.io/aagrapevine/shop/,"shop.prices_note: prices in US dollars from the stores, as of the date read; the store has the final price. Informative only, no urgency. Spanish twin: {site_es}shop/."
qr-digital-contribute,yes,qr,both,writing;audio;website,,,,,,"Your story, in writing or by phone","The current story themes and deadlines for Grapevine and La Viña, updated every day, plus how to write or record your story.",,,,,,"Tu historia, por escrito o por teléfono","Los temas y fechas límite actuales de La Viña y Grapevine, actualizados a diario, y cómo escribir o grabar tu historia.",,,,,,,,{site}contribute/,https://neta65.github.io/aagrapevine/contribute/,"research.md E3: /contribute/ has themes and deadlines with countdowns and recording by phone, refreshed by the daily sync (editorial.json, audio_project.json). Spanish twin: {site_es}contribute/."
qr-fun-site,yes,qr,both,qr;online,,,,,,"Our table, in your pocket","Our committee’s site: this month’s issues, events, story deadlines, the GVR/RLV corner and more, in English and Spanish.",,,,,,"Nuestra mesa, en tu bolsillo","El sitio de nuestro comité: los números del mes, eventos, fechas para enviar historias, el rincón del GVR/RLV y más, en español e inglés.",,,,,,,,{site},,"The site home ({site}). English pages offer Spanish-first browsers a '¿Prefieres español?' banner (src/_includes/partials/lang-banner.njk), so one QR serves both languages."
video-gv-twelfth-step-tools,yes,video,gv,video;official;about,2,,,,,AA’s Twelfth Step Tools: Grapevine and La Viña,"What Grapevine and La Viña are, where they fit in AA and how members use them, all in about five minutes.",,,,,AA Grapevine & La Viña on YouTube,Herramientas de AA para el Paso Doce: La Viña y Grapevine,"En inglés: qué son La Viña y Grapevine, su lugar en AA y cómo las usan los miembros, en unos cinco minutos.",,,,AA Grapevine & La Viña en YouTube,https://www.youtube.com/watch?v=V3RzyHdgQCY,,,,https://www.youtube.com/watch?v=V3RzyHdgQCY,"config/site.yml about_videos (required). 5:16 (2025-07-16); the booth plays the first webMediaMax seconds (120 s by default). Official title is in capitals; title_es = our translation from config/site.yml about_videos tr, reordered La Viña first (house style; config has 'Grapevine y La Viña'). Audio in English."
video-gv-victor-e-is-back,yes,video,gv,video;official;humor,,,,,,Victor E. is back,Victor E. returns with a quick tour of the ways Grapevine helps alcoholics in their recovery.,,,,,AA Grapevine & La Viña on YouTube,Victor E. ha vuelto,En inglés: Victor E. regresa con un recorrido rápido por las formas en que Grapevine ayuda a los alcohólicos en su recuperación.,,,,AA Grapevine & La Viña en YouTube,https://www.youtube.com/shorts/_mjB6hXYHn4,,,,https://www.youtube.com/watch?v=_mjB6hXYHn4,"Short, 0:44 (2025-11-18); also the /watch/ hero video. title translated (es). La Viña's own Spanish version is video-lv-victor-e-ha-vuelto."
video-gv-victor-e-meditation,yes,video,gv,video;official;books,,,,,,A simple meditation from Victor E.,Victor E. passes along a simple meditation from a Grapevine book.,,,,,AA Grapevine & La Viña on YouTube,Una meditación sencilla de Victor E.,En inglés: Victor E. comparte una meditación sencilla tomada de un libro de Grapevine.,,,,AA Grapevine & La Viña en YouTube,https://www.youtube.com/shorts/V5Kv6LJObvc,,,,https://www.youtube.com/watch?v=V5Kv6LJObvc,"Short, 1:05 (2026-01-26). Channel summary: the technique is from the Grapevine book Prayer and Meditation. title translated (es) — same wording as La Viña's own Spanish version (video-lv-victor-e-meditacion)."
video-gv-get-the-app,yes,video,gv,video;official;app,,,,,,Grapevine: get the app!,"A short clip about the Grapevine app, from the official channel.",,,,,AA Grapevine & La Viña on YouTube,Grapevine: ¡descarga la aplicación!,"En inglés: un video corto sobre la aplicación de Grapevine, del canal oficial.",,,,AA Grapevine & La Viña en YouTube,https://www.youtube.com/shorts/0uyVPlTcSeI,,,,https://www.youtube.com/watch?v=0uyVPlTcSeI,"Short, 2:08 (2026-01-27); the site's sidebar Short (config/site.yml sidebar_short). Official title 'Grapevine Get The App!' tidied. title translated (es)."
video-gv-apps-are-here,yes,video,gv,video;official;app,,,,,,The Grapevine and La Viña apps are here,The apps arrived in 2023 and are free to download from the App Store and Google Play.,,,,,AA Grapevine & La Viña on YouTube,Ya llegaron las aplicaciones de La Viña y Grapevine,En inglés: las aplicaciones llegaron en 2023 y se descargan gratis en App Store y Google Play.,,,,AA Grapevine & La Viña en YouTube,https://www.youtube.com/watch?v=gOC7HK0pIVE,,,,https://www.youtube.com/watch?v=gOC7HK0pIVE,"0:41 (2023-09-01). title translated (es; La Viña first, house style). Facts: 'In 2023, the Grapevine and La Viña mobile apps were introduced' (P-52, p. 10); 'Download the apps for free' from the App Store and Google Play (aagrapevine.org/apps, read 2026-10-02). The video's description gives $2.99 a month or $29.99 a year, still Grapevine's digital price as of 2026-10-01 (research.md A5)."
video-gv-subscription-types,yes,video,gv,video;official;subscribe,,,,,,What types of subscriptions does Grapevine offer?,"Print, digital or Complete: a quick look at the three kinds.",,,,,AA Grapevine & La Viña on YouTube,¿Qué tipos de suscripciones ofrece Grapevine?,"En inglés: un vistazo rápido a los tres tipos (impresa, digital y completa).",,,,AA Grapevine & La Viña en YouTube,https://www.youtube.com/shorts/ws_e71-N2eI,,,,https://www.youtube.com/watch?v=ws_e71-N2eI,"Short, 0:49 (2024-02-06). title translated (es). Informative, no prices in our text."
video-gv-carry-the-message,yes,video,gv,video;official;carry,,,,,,Carry the Message Project: AA Grapevine & La Viña,How a Carry the Message gift brings Grapevine or La Viña to an alcoholic in need.,,,,,AA Grapevine & La Viña on YouTube,Proyecto Lleva el Mensaje: La Viña y AA Grapevine,En inglés: cómo un regalo de Lleva el Mensaje hace llegar La Viña o Grapevine a un alcohólico que lo necesita.,,,,AA Grapevine & La Viña en YouTube,https://www.youtube.com/watch?v=V55DUDvlsCQ,,,,https://www.youtube.com/watch?v=V55DUDvlsCQ,"1:29 (2020-01-31). Official title in capitals, tidied to sentence/title case. title translated (es; La Viña first; 'Lleva el Mensaje' = aalavina.org's current name)."
video-gv-succeed-as-gvr,yes,video,gv,video;official;gvr;service,,,,,,How to succeed as a Grapevine rep,What a GVR does: the link between the magazine and the group.,,,,,AA Grapevine & La Viña on YouTube,Cómo tener éxito como representante de Grapevine,En inglés: qué hace un GVR como enlace entre la revista y el grupo.,,,,AA Grapevine & La Viña en YouTube,https://www.youtube.com/watch?v=A9_01Vqt4LQ,,,,https://www.youtube.com/watch?v=A9_01Vqt4LQ,"1:37 (2020-01-27), playlist GVR/RLV. title translated (es)."
video-gv-day-counters,yes,video,gv,video;official;story;newcomer,,,,,,Day Counters: “Feeling Again”,"A visual story from a Grapevine special section, Stories for Day Counters (actors, not AA members).",,,,,AA Grapevine & La Viña on YouTube,Para quienes cuentan los días: «Volver a sentir»,"En inglés: una historia visual de la sección especial «Stories for Day Counters» de Grapevine (con actores, no miembros de AA).",,,,AA Grapevine & La Viña en YouTube,https://www.youtube.com/watch?v=PbQq7sQ6358,,,,https://www.youtube.com/watch?v=PbQq7sQ6358,"3:44 (2019-11-05). Channel note: 'All video is stock footage from actors, not intended to represent an AA member.' Official title ends '- AA Grapevine' (dropped). title translated (es)."
video-gv-liz-happy-to-see-me,yes,video,gv,video;official;story,,,,,,Liz: “Nobody really cared. They were just happy to see me.”,"An audio story from Grapevine: after a relapse she tried to go it alone, until the women of her group surrounded her with support.",,,,,AA Grapevine & La Viña on YouTube,Liz: «A nadie le importó de verdad. Solo estaban felices de verme»,"En inglés: una historia en audio de Grapevine. Después de una recaída intentó salir adelante sola, hasta que las mujeres de su grupo la rodearon de apoyo.",,,,AA Grapevine & La Viña en YouTube,https://www.youtube.com/watch?v=VqVEQTztbnA,,,,https://www.youtube.com/watch?v=VqVEQTztbnA,"2:58 (2021-11-13), playlist A New Life. Audio story (picture + voice): best with sound or YouTube captions on. title translated (es)."
video-gv-ron-b-sponsor,yes,video,gv,video;official;story;newcomer,,,,,,"Ron B.: “I got a sponsor, a home group and I read the literature.”",An audio story from Grapevine: what he had to offer as a beginner turned out to be enough.,,,,,AA Grapevine & La Viña on YouTube,"Ron B.: «Conseguí un padrino, un grupo base y leí la literatura»",En inglés: una historia en audio de Grapevine. Lo que tenía para ofrecer como principiante resultó ser suficiente.,,,,AA Grapevine & La Viña en YouTube,https://www.youtube.com/watch?v=M985gNEGlHU,,,,https://www.youtube.com/watch?v=M985gNEGlHU,"1:58 (2023-04-22), playlist Voices of Men in AA. Audio story. title translated (es)."
video-gv-barbara-keep-coming,yes,video,gv,video;official;story,,,,,,Barbara: “Keep coming back — no matter what.”,"An audio story from Grapevine: she came back to AA years after leaving, and hopes no one will ever be afraid to return.",,,,,AA Grapevine & La Viña on YouTube,"Barbara: «Sigue viniendo, pase lo que pase»",En inglés: una historia en audio de Grapevine. Volvió a AA años después de irse y espera que nadie tenga nunca miedo de regresar.,,,,AA Grapevine & La Viña en YouTube,https://www.youtube.com/watch?v=Tr736faDC9k,,,,https://www.youtube.com/watch?v=Tr736faDC9k,"2:50 (2020-08-04), playlist From Relapse to Recovery. Audio story. Official title's stray quote marks fixed. title translated (es)."
video-gv-dave-s-good-things,yes,video,gv,video;official;story,,,,,,Dave S.: “I discovered that good things could happen.”,An audio story from Grapevine about finding a Higher Power of his own.,,,,,AA Grapevine & La Viña on YouTube,Dave S.: «Descubrí que podían pasar cosas buenas»,En inglés: una historia en audio de Grapevine sobre cómo encontró su propio Poder Superior.,,,,AA Grapevine & La Viña en YouTube,https://www.youtube.com/watch?v=inhyPnsr6GU,,,,https://www.youtube.com/watch?v=inhyPnsr6GU,"2:12 (2020-11-18), playlist Many Roads to Spirituality. Audio story. title translated (es)."
video-gv-asl-steps-1-2-3,yes,video,gv,video;official;asl;accessibility,,,,,,"Steps 1, 2 and 3 (ASL)","A member shares on the first three Steps, in American Sign Language.",,,,,AA Grapevine & La Viña on YouTube,"Pasos 1, 2 y 3 (en lengua de señas americana)","Un miembro comparte sobre los tres primeros Pasos, en lengua de señas americana (ASL).",,,,AA Grapevine & La Viña en YouTube,https://www.youtube.com/watch?v=tlhmFiW36Q0,,,,https://www.youtube.com/watch?v=tlhmFiW36Q0,"7:24 (2025-02-25), playlist American Sign Language (GSO's Accessibility Resources lists 'AA Grapevine ASL Videos for Deaf Alcoholics'). Visual, so it suits a muted booth; plays the first 120 s by default. title translated (es)."
video-lv-historia-e-impacto,yes,video,lv,video;official;history;about,2,,,,,La Viña: its history and its impact on AA’s Hispanic community,"In Spanish: how La Viña has supported the recovery of Spanish-speaking members, and how to send your story.",,,,,AA Grapevine & La Viña on YouTube,La Viña: su historia y el impacto en la Comunidad Hispana de AA,Cómo La Viña ha apoyado la recuperación de los miembros hispanohablantes y cómo enviar tu historia.,,,,AA Grapevine & La Viña en YouTube,https://www.youtube.com/watch?v=Bqb1FP0lx1E,,8:00,,https://www.youtube.com/watch?v=Bqb1FP0lx1E,"config/site.yml about_videos (required). 8:09 = 489 s (2024-08-21), 9 s over the 480 s limit, so end = 8:00: the booth never plays more than 480 s even if webMediaMax is raised (it can go to 900 s; default 120 s, so it plays the first 2 minutes). title_en = our translation from config/site.yml about_videos tr. Audio in Spanish."
video-lv-victor-e-ha-vuelto,yes,video,lv,video;official;humor,,,,,,Víctor E. is back,In Spanish: Víctor E. returns to walk you through La Viña’s services.,,,,,AA Grapevine & La Viña on YouTube,Víctor E. ha vuelto,Víctor E. regresa para presentarte los servicios de La Viña.,,,,AA Grapevine & La Viña en YouTube,https://www.youtube.com/shorts/BKW0tzYb9d4,,,,https://www.youtube.com/watch?v=BKW0tzYb9d4,"Short, 0:55 (2025-11-20). title translated (en). Grapevine's English version is video-gv-victor-e-is-back."
video-lv-victor-e-meditacion,yes,video,lv,video;official;books,,,,,,A simple meditation from Victor E.,In Spanish: Victor E. passes along a simple meditation from a La Viña book.,,,,,AA Grapevine & La Viña on YouTube,Una meditación sencilla de Victor E.,Victor E. comparte una meditación sencilla tomada de un libro de La Viña.,,,,AA Grapevine & La Viña en YouTube,https://www.youtube.com/shorts/aUxuYQfOfxk,,,,https://www.youtube.com/watch?v=aUxuYQfOfxk,"Short, 1:06 (2026-01-26). Channel summary: from La Viña's book Oración y meditación. title translated (en)."
video-lv-aplicaciones,no,video,lv,video;official;app,,,,,,The Grapevine and La Viña apps are here!,In Spanish: the apps arrived in 2023 and are free to download from the App Store and Google Play.,,,,,AA Grapevine & La Viña on YouTube,¡Las aplicaciones de La Viña y Grapevine ya están aquí!,Las aplicaciones llegaron en 2023 y se descargan gratis en App Store y Google Play.,,,,AA Grapevine & La Viña en YouTube,https://www.youtube.com/watch?v=ALhzJN6HhsQ,,,,https://www.youtube.com/watch?v=ALhzJN6HhsQ,"0:44 (2023-09-01). Official title '¡Las aplicaciones del Grapevine y La Viña ya están aquí!' tidied with La Viña first (house style). title translated (en). Facts: P-52, p. 10; aagrapevine.org/apps. PREVIEW before an event: the 2023 description gives '$2,99 al mes o $29,99 al año' (Grapevine's digital price); La Viña's digital is $14.99 a year as of 2026-10-01 (research.md A5). If the video shows that price as La Viña's, set on = no. Round 5 (lead): starts OFF until someone has watched it once (the price question above); set on = yes when it is fine."
video-lv-tipos-de-suscripciones,yes,video,lv,video;official;subscribe,,,,,,What types of subscriptions does La Viña offer?,"In Spanish: a quick look at the three kinds (print, digital and Complete).",,,,,AA Grapevine & La Viña on YouTube,¿Qué tipos de suscripciones ofrece La Viña?,"Impresa, digital o completa: un vistazo rápido a los tres tipos.",,,,AA Grapevine & La Viña en YouTube,https://www.youtube.com/shorts/voISL22_4Zg,,,,https://www.youtube.com/watch?v=voISL22_4Zg,"Short, 0:54 (2024-02-06). title translated (en)."
video-lv-lleve-el-mensaje,yes,video,lv,video;official;carry,,,,,,Carry the Message Project: AA Grapevine & La Viña,In Spanish: how a gift subscription can reach an alcoholic who needs it.,,,,,AA Grapevine & La Viña on YouTube,Proyecto Lleve el Mensaje: La Viña y AA Grapevine,Cómo una suscripción de regalo puede llegar a un alcohólico que la necesita.,,,,AA Grapevine & La Viña en YouTube,https://www.youtube.com/watch?v=4qb3ok1xiF4,,,,https://www.youtube.com/watch?v=4qb3ok1xiF4,"1:55 (2020-02-19). Official title in capitals ('PROYECTO LLEVE EL MENSAJE - AA GRAPEVINE & LA VIÑA'), tidied, La Viña first. The 2020 video says 'Lleve'; aalavina.org now says 'Lleva el Mensaje'. title translated (en)."
video-lv-servicio-de-rlv,yes,video,lv,video;official;rlv;service,,,,,,How to take part in RLV service,"In Spanish: the RLV links the group with La Viña, a Twelfth Step tool.",,,,,AA Grapevine & La Viña on YouTube,Cómo participar en el servicio de RLV,"El RLV conecta al grupo con La Viña, una herramienta del Paso Doce.",,,,AA Grapevine & La Viña en YouTube,https://www.youtube.com/watch?v=wV_9uHDCUow,,,,https://www.youtube.com/watch?v=wV_9uHDCUow,"1:51 (2020-01-29), playlists La Viña + GVR/RLV. Official title 'Como participar…' (accent added). title translated (en)."
video-lv-triangulo-y-circulo,yes,video,lv,video;official;story;traditions,,,,,,The triangle and the circle of AA,In Spanish: an audio story from La Viña (July–Aug. 2019) about AA’s symbol and the Three Legacies.,,,,,AA Grapevine & La Viña on YouTube,El triángulo y el círculo de AA,Una historia en audio de La Viña (julio-agosto de 2019) sobre el símbolo de AA y los Tres Legados.,,,,AA Grapevine & La Viña en YouTube,https://www.youtube.com/watch?v=H3nAKsdw-n0,,,,https://www.youtube.com/watch?v=H3nAKsdw-n0,"3:54 (2020-04-09), playlist Audios de La Viña del 2019; official title ends ""- Jul-Ago '19"" (moved into the caption). Audio story. title translated (en)."
video-lv-yasmin-c-detras-puerta,yes,video,lv,video;official;story,,,,,,Yasmin C.: Behind the door,"In Spanish: thanks to La Viña, she saw herself in another Hispanic woman’s story and knew she wasn’t alone.",,,,,AA Grapevine & La Viña on YouTube,Yasmin C.: Detrás de la puerta,"Gracias a La Viña, se vio reflejada en la historia de otra mujer hispana y supo que no estaba sola.",,,,AA Grapevine & La Viña en YouTube,https://www.youtube.com/watch?v=wXV91OszSTs,,,,https://www.youtube.com/watch?v=wXV91OszSTs,"2:11 (2025-11-29), playlist AMOR Y SERVICIO. Chosen because the story is about La Viña itself carrying the message. title translated (en)."
video-lv-recien-llegada,yes,video,lv,video;official;story;newcomer,,,,,,Newcomer and grateful,"In Spanish: a newcomer, two months sober, tells how her fellow members and the Steps gave her gratitude and purpose.",,,,,AA Grapevine & La Viña on YouTube,Recién llegada y agradecida,"Una recién llegada, con dos meses sin beber, cuenta cómo sus compañeros y los Pasos le dieron gratitud y un propósito.",,,,AA Grapevine & La Viña en YouTube,https://www.youtube.com/watch?v=eCtJSimJACE,,,,https://www.youtube.com/watch?v=eCtJSimJACE,"1:39 (2026-05-05), playlist UN DIA A LA VEZ. Audio story. title translated (en)."
audio-digital-podcast-hope,yes,audio,gv,podcast;audio;corrections,,,,,,Podcast: The Day Hope Arrived,"A member shares his experience in prison, and how a Grapevine he picked up by chance, and later the Big Book, opened the door to AA.",,,,,Grapevine Podcast (official),Podcast: El día que llegó la esperanza,"Episodio en inglés: un miembro habla de su experiencia en prisión y de cómo un ejemplar de Grapevine que tomó por casualidad, y luego el Libro Grande, le abrieron la puerta a AA.",,,,Podcast de Grapevine (oficial),https://episodes.captivate.fm/episode/3566b338-b747-455b-aa0b-7e353fdb922c.mp3,0,,{site}listen/,https://www.aagrapevine.org/podcasts,"AA Grapevine's Podcast S8E22 (June 2, 2025), 31 min; URL and category gv confirmed in data/site/episodes.json. The show notes say he talks about his experience in prison and picked up a Grapevine by mistake; they do not say where he found it, so the caption no longer says 'picked up in prison'. The ES title is our translation; the episode is in English. Caption paraphrases the show notes."
audio-digital-podcast-service-tool,yes,audio,gv,podcast;audio;service,,,,,,Podcast: Dreams Come True,"A member shares her recovery, and two others tell how they use Grapevine as a tool for service and recovery.",,,,,Grapevine Podcast (official),Podcast: Los sueños se hacen realidad,"Episodio en inglés: una compañera de AA comparte su recuperación, y otras dos personas cuentan cómo usan Grapevine como herramienta de servicio y de recuperación.",,,,Podcast de Grapevine (oficial),https://episodes.captivate.fm/episode/5df6a30a-83f1-4808-96dc-11b68556c7b7.mp3,0,,{site}listen/,https://www.aagrapevine.org/podcasts,"AA Grapevine's Podcast S9E9 (Sept. 1, 2025), about 27 min; URL and category gv confirmed in data/site/episodes.json. The show notes say 'we also hear from' two people on using Grapevine as a service and recovery tool; they don't call them listeners, so the caption says 'two others'. The ES title is our translation; the episode is in English."
audio-digital-podcast-grapevine-chair,yes,audio,gv,podcast;audio;service;gvr,,,,,,Podcast: Can't Wait to See What's Next,"A member whose story ran in Grapevine's technology issue talks about serving as a district webmaster, Grapevine chair and GSR.",,,,,Grapevine Podcast (official),Podcast: Con ganas de ver lo que viene,"Episodio en inglés: un miembro cuya historia salió en el número de Grapevine dedicado a la tecnología habla de su servicio como webmaster de distrito, coordinador de Grapevine y RSG.",,,,Podcast de Grapevine (oficial),https://episodes.captivate.fm/episode/0b443f92-28f4-4af3-b478-232e4f8f204c.mp3,0,,{site}listen/,https://www.aagrapevine.org/podcasts,"AA Grapevine's Podcast S9E14 (Oct. 6, 2025), about 27 min; URL and category gv confirmed in data/site/episodes.json; show notes: district web master, Grapevine chair, group GSR; story in the October 'Technology in AA' issue. The ES title is our translation; the episode is in English."
audio-digital-podcast-anyone-anywhere,yes,audio,gv,podcast;audio;newcomer,,,,,,"Podcast: Anyone, Anywhere","A member remembers being told to keep coming back, and how his group stayed close to him in his first days.",,,,,Grapevine Podcast (official),"Podcast: Cualquiera, dondequiera","Episodio en inglés: un miembro recuerda cuando le dijeron que siguiera viniendo, y cómo su grupo lo acompañó en sus primeros días.",,,,Podcast de Grapevine (oficial),https://episodes.captivate.fm/episode/7be46df0-ab12-4f2d-9d87-0f7dedf2bac0.mp3,0,,{site}listen/,https://www.aagrapevine.org/podcasts,"AA Grapevine's Podcast S9E20 (Nov. 17, 2025), about 26 min; URL and category gv confirmed in data/site/episodes.json. The ES title is our translation; the episode is in English. Caption paraphrases the show notes."
