Link,Title,Has Audio Version (audio icon),Month,Year,Theme,Written By,City,State,Brief,Audio Only (no article text),Texas Author?,Location (as published),Notes
https://www.aalavina.org/revista/septiembre-octubre-2026/detenido,Detenido,Yes,Septiembre / Octubre,2026,Servicio en AA,Gustavo S.,San Antonio,Texas,Caer en la cárcel se convirtió en una oportunidad para reflexionar sobre su vida y el rumbo que había tomado,No,Yes,"San Antonio, Texas",
https://www.aalavina.org/revista/septiembre-octubre-2026/esta-equilibrado-mi-triangulo,¿Está equilibrado mi triángulo?,Yes,Septiembre / Octubre,2026,Servicio en AA,J. D. O.,Santa Cruz,California,La participación en eventos de AA le despierta el deseo de participar y conocer más sobre la estructura de servicio,No,No,"Santa Cruz, California",
https://www.aalavina.org/revista/septiembre-octubre-2026/el-corazon-de-aa,El corazón de AA,Yes,Septiembre / Octubre,2026,Servicio en AA,Héctor H.,Madera,California,El bienestar común siempre debe tener la preferencia,No,No,"Madera, California",
https://www.aalavina.org/revista/septiembre-octubre-2026/reunion-virtual,Reunión virtual,Yes,Septiembre / Octubre,2026,Servicio en AA,Miguel C.,Phoenix,Arizona,Bill W. reconocía que AA debe seguir adaptando sus formas de comunicación y servicio para llegar al alcohólico que aún sufre,No,No,"Phoenix, Arizona",
https://www.aalavina.org/revista/septiembre-octubre-2026/llamada-de-esperanza,Llamada de esperanza,Yes,Septiembre / Octubre,2026,Servicio en AA,Jesús A.,Barcelona,,"Todo servicio en AA es voluntario, sencillo y profundamente transformador",No,No,Barcelona,
https://www.aalavina.org/revista/septiembre-octubre-2026/el-despertar-del-espiritu,El despertar del espíritu,Yes,Septiembre / Octubre,2026,Servicio en AA,Victor R.,Grand Prairie,Texas,"Servir no es una obligación, sino el privilegio de compartir con otros",No,Yes,"Grand Prairie, Texas",
https://www.aalavina.org/revista/septiembre-octubre-2026/noticias,Noticias,Yes,Septiembre / Octubre,2026,Servicio en AA,,,,El poder del amor en el servicio,No,Unknown (no location in byline),,
https://www.aalavina.org/revista/septiembre-octubre-2026/cartas-del-lector,Cartas del lector,Yes,Septiembre / Octubre,2026,Servicio en AA,,,,,No,Unknown (no location in byline),,
https://www.aalavina.org/revista/septiembre-octubre-2026/carta-de-bienvenida,Carta de Bienvenida,Yes,Septiembre / Octubre,2026,Servicio en AA,,,,,No,Unknown (no location in byline),,
https://www.aalavina.org/revista/septiembre-octubre-2026/humor,Humor,No,Septiembre / Octubre,2026,Servicio en AA,,,,,No,Unknown (no location in byline),,
https://www.aalavina.org/revista/septiembre-octubre-2026/acerca-del-alcoholismo,Acerca del alcoholismo,Yes,Septiembre / Octubre,2026,Servicio en AA,,,,"El alcohol y la salud: riesgos, beneficios y controversias",No,Unknown (no location in byline),,
https://www.aalavina.org/revista/septiembre-octubre-2026/las-sombras-de-mi-infancia,Las sombras de mi infancia,Yes,Septiembre / Octubre,2026,Servicio en AA,Juan Ricardo L.,Tehachapi,California,Desde pequeño observó el impacto del alcoholismo en su hogar y aprendió que nadie puede recuperarse por otro,No,No,"Tehachapi, California",
https://www.aalavina.org/revista/septiembre-octubre-2026/grandes-bendiciones,Grandes bendiciones,Yes,Septiembre / Octubre,2026,Servicio en AA,Andrés H.,Veracruz,,El servicio le dio herramientas para crecer como alcohólico en recuperación y como padre de familia,No,No,Veracruz,
https://www.aalavina.org/revista/septiembre-octubre-2026/alcohol-y-violencia,Alcohol y violencia,Yes,Septiembre / Octubre,2026,Servicio en AA,Eddie C.,San José,California,,No,No,"San José, California",
https://www.aalavina.org/revista/septiembre-octubre-2026/de-condado-en-condado,De condado en condado,Yes,Septiembre / Octubre,2026,Servicio en AA,Jair G.,San José,California,La sobriedad también puede devolver la dignidad y la esperanza,No,No,"San José, California",
https://www.aalavina.org/revista/septiembre-octubre-2026/el-precio-de-mi-alcoholismo,El precio de mi alcoholismo,Yes,Septiembre / Octubre,2026,Servicio en AA,María S.,Glendale,Arizona,La recuperación le exigió mirar de frente las heridas que dejó en su hijo y asumir su responsabilidad,No,No,"Glendale, Arizona",
https://www.aalavina.org/revista/septiembre-octubre-2026/atados-por-la-misma-enfermedad,Atados por la misma enfermedad,Yes,Septiembre / Octubre,2026,Servicio en AA,Noemi,Santa Ana,California,"Durante años, el alcoholismo ocupó el lugar que correspondía a la familia y a los sueños",No,No,"Santa Ana, California",
https://www.aalavina.org/revista/septiembre-octubre-2026/casados-sobrios-y-felices,"Casados, sobrios y felices",Yes,Septiembre / Octubre,2026,Servicio en AA,I. D.,North Hollywood,California,La experiencia de sus padrinos les ayuda a fortalecer su recuperación y su relación de pareja,No,No,"North Hollywood, California",
https://www.aalavina.org/revista/septiembre-octubre-2026/decisiones,Decisiones,Yes,Septiembre / Octubre,2026,Servicio en AA,Eliana M.,San Antonio,Texas,"Halló en las juntas de AA un lugar al que, por fin, pudo llamar hogar",No,Yes,"San Antonio, Texas",
https://www.aalavina.org/revista/septiembre-octubre-2026/la-fuerza-de-la-mujer-hispana,La fuerza de la mujer hispana,Yes,Septiembre / Octubre,2026,Servicio en AA,Brisa L.,Mesa,Arizona,"Convencida del valor del servicio, se dedica a motivar y fortalecer la participación de otras alcohólicas",No,No,"Mesa, Arizona",
https://www.aalavina.org/revista/septiembre-octubre-2026/un-dia-la-vez,Un día a la vez,Yes,Septiembre / Octubre,2026,Servicio en AA,Mauricio T.,Anaheim,California,La recuperación le enseña a dejar de preocuparse por el mañana y a vivir plenamente el presente,No,No,"Anaheim, California",
https://www.aalavina.org/revista/septiembre-octubre-2026/la-humildad-en-aa,La humildad en AA,Yes,Septiembre / Octubre,2026,Servicio en AA,Douglas B.,Tegucigalpa,,"El orgullo y la soberbia agrandan su propia imagen, impidiéndole ver más allá de sí mismo",No,No,Tegucigalpa,
https://www.aalavina.org/revista/septiembre-octubre-2026/reparando-relaciones,Reparando relaciones,Yes,Septiembre / Octubre,2026,Servicio en AA,Alfonso C.,Simi Valley,California,El Noveno Paso le regala la oportunidad de reconciliarse con su padre,No,No,"Simi Valley, California",
https://www.aalavina.org/revista/septiembre-octubre-2026/saliendo-de-la-oscuridad,Saliendo de la oscuridad,Yes,Septiembre / Octubre,2026,Servicio en AA,Ramón L.,San José,California,,No,No,"San José, California",
https://www.aalavina.org/revista/septiembre-octubre-2026/una-comunidad-unica,Una Comunidad única,Yes,Septiembre / Octubre,2026,Servicio en AA,Anónimo,Phoenix,Arizona,"“Encontrarás amigos para toda la vida. Te unirán a ellos nuevos y excelentes lazos, porque habrán escapado juntos del desastre”. Libro Grande, pág. 140",No,No,"Phoenix, Arizona",
https://www.aalavina.org/revista/septiembre-octubre-2026/somos-responsables,¡Somos responsables!,Yes,Septiembre / Octubre,2026,Servicio en AA,Anónimo,Las Vegas,Nevada,La unidad con los RSG y comités de distrito fortalecen su experiencia en el servicio,No,No,"Las Vegas, Nevada",
https://www.aalavina.org/revista/septiembre-octubre-2026/el-vacio-detras-de-la-fiesta,El vacío detrás de la fiesta,Yes,Septiembre / Octubre,2026,Servicio en AA,Jasmin O.,,Nueva Jersey,,No,No,Nueva Jersey,
https://www.aalavina.org/revista/septiembre-octubre-2026/resacas-emocionales,Resacas emocionales,Yes,Septiembre / Octubre,2026,Servicio en AA,Guillermo A.,San Juan,,¿Podemos mantenernos sobrios y emocionalmente equilibrados sean cuales sean las circunstancias?,No,No,San Juan,
https://www.aalavina.org/revista/septiembre-octubre-2026/tema-de-discusion-para-reuniones,Tema de discusión para reuniones,Yes,Septiembre / Octubre,2026,Servicio en AA,,,,,No,Unknown (no location in byline),,
https://www.aalavina.org/revista/julio-agosto-2026/el-corazon-de-aa,El corazón de AA,Yes,Julio / Agosto,2026,Prisiones / La Viña 30 Aniversario,Leo C.,Albuquerque,Nuevo México,"Un encierro inesperado que solo logra superar un día a la vez, con el apoyo de sus compañeros y las páginas de La Viña",No,No,"Albuquerque, Nuevo México",
https://www.aalavina.org/revista/julio-agosto-2026/aguafiestas,Aguafiestas,Yes,Julio / Agosto,2026,Prisiones / La Viña 30 Aniversario,Rosa F.,Houston,Texas,"“Si cientos de experiencias le han demostrado que una copa significa otro desastre..., ¿por qué se toma esa primera copa?” Libro Grande, pág. 22",No,Yes,"Houston, Texas",
https://www.aalavina.org/revista/julio-agosto-2026/publicada,Publicada,Yes,Julio / Agosto,2026,Prisiones / La Viña 30 Aniversario,Erika R.,Costa Mesa,California,El significado de llevar el mensaje por medio de la revista,No,No,"Costa Mesa, California",
https://www.aalavina.org/revista/julio-agosto-2026/anclado-mi-programa,Anclado a mi programa,Yes,Julio / Agosto,2026,Prisiones / La Viña 30 Aniversario,Mario C.,High Desert State Prison,Susanville,"Cumpliendo su condena, la literatura de AA lo ayuda a descubrir una nueva versión de sí mismo",No,No,"High Desert State Prison, Susanville",
https://www.aalavina.org/revista/julio-agosto-2026/hay-una-salida,Hay una salida,Yes,Julio / Agosto,2026,Prisiones / La Viña 30 Aniversario,Gonzalo G.,Carpentersville,Illinois,"Durante su encierro, las experiencias de la revista lo sostuvieron y le señalaron el camino hacia la libertad",No,No,"Carpentersville, Illinois",
https://www.aalavina.org/revista/julio-agosto-2026/la-luz-de-tu-mensaje,La luz de tu mensaje,Yes,Julio / Agosto,2026,Prisiones / La Viña 30 Aniversario,Raúl A.,Rowland Heights,California,Las historias de La Viña iluminan su camino y lo ayudan a encontrar su lugar en AA,No,No,"Rowland Heights, California",
https://www.aalavina.org/revista/julio-agosto-2026/ecos-de-tres-decadas,Ecos de tres décadas,Yes,Julio / Agosto,2026,Prisiones / La Viña 30 Aniversario,,,,,No,Unknown (no location in byline),,
https://www.aalavina.org/revista/julio-agosto-2026/motivando-otros,Motivando a otros,Yes,Julio / Agosto,2026,Prisiones / La Viña 30 Aniversario,Victor M. S.,Reedley,California,,No,No,"Reedley, California",
https://www.aalavina.org/revista/julio-agosto-2026/la-magia-de-tu-experiencia,La magia de tu experiencia,Yes,Julio / Agosto,2026,Prisiones / La Viña 30 Aniversario,Rogelio S.,Lake Forest,California,,No,No,"Lake Forest, California",
https://www.aalavina.org/revista/julio-agosto-2026/la-vina-en-la-era-digital,La Viña en la era digital,Yes,Julio / Agosto,2026,Prisiones / La Viña 30 Aniversario,Úrsula F.,San Juan Capistrano,California,,No,No,"San Juan Capistrano, California",
https://www.aalavina.org/revista/julio-agosto-2026/necesitamos-la-revista,¡Necesitamos la revista!,Yes,Julio / Agosto,2026,Prisiones / La Viña 30 Aniversario,Paul M.,Somerville,Massachusetts,,No,No,"Somerville, Massachusetts",
https://www.aalavina.org/revista/julio-agosto-2026/una-cuerda-salvavidas,Una cuerda salvavidas,Yes,Julio / Agosto,2026,Prisiones / La Viña 30 Aniversario,Oscar O.,Dallas,Texas,,No,Yes,"Dallas, Texas",
https://www.aalavina.org/revista/julio-agosto-2026/la-mano-de-aa,La mano de AA,Yes,Julio / Agosto,2026,Prisiones / La Viña 30 Aniversario,Mario G.,Reseda,California,,No,No,"Reseda, California",
https://www.aalavina.org/revista/julio-agosto-2026/el-poder-de-tu-historia,El poder de tu historia,Yes,Julio / Agosto,2026,Prisiones / La Viña 30 Aniversario,Manuel R.,Houston,Texas,,No,Yes,"Houston, Texas",
https://www.aalavina.org/revista/julio-agosto-2026/una-herramienta-esencial,Una herramienta esencial,Yes,Julio / Agosto,2026,Prisiones / La Viña 30 Aniversario,Eduardo T.,Mableton,Georgia,,No,No,"Mableton, Georgia",
https://www.aalavina.org/revista/julio-agosto-2026/tu-suscripcion-hace-la-diferencia,Tu suscripción hace la diferencia,Yes,Julio / Agosto,2026,Prisiones / La Viña 30 Aniversario,Javier F.,Tacoma,Washington,,No,No,"Tacoma, Washington",
https://www.aalavina.org/revista/julio-agosto-2026/nuestras-historias,Nuestras historias,Yes,Julio / Agosto,2026,Prisiones / La Viña 30 Aniversario,Lindolfo A.,Houston,Texas,,No,Yes,"Houston, Texas",
https://www.aalavina.org/revista/julio-agosto-2026/donde-todo-comenzo,Donde todo comenzó,Yes,Julio / Agosto,2026,Prisiones / La Viña 30 Aniversario,César F.,San Juan Capistrano,California,,No,No,"San Juan Capistrano, California",
https://www.aalavina.org/revista/julio-agosto-2026/mas-alla-de-las-paginas,Más allá de las páginas,Yes,Julio / Agosto,2026,Prisiones / La Viña 30 Aniversario,,,,El equipo de GV y LV comparte lo que significa formar parte de esta poderosa herramienta de recuperación,No,Unknown (no location in byline),,
https://www.aalavina.org/revista/julio-agosto-2026/carta-de-bienvenida-julioagosto-2026,Carta de Bienvenida julio/agosto 2026,Yes,Julio / Agosto,2026,Prisiones / La Viña 30 Aniversario,,,,,No,Unknown (no location in byline),,
https://www.aalavina.org/revista/julio-agosto-2026/humor-julioagosto-2026,Humor julio/agosto 2026,No,Julio / Agosto,2026,Prisiones / La Viña 30 Aniversario,,,,,No,Unknown (no location in byline),,
https://www.aalavina.org/revista/julio-agosto-2026/acerca-del-alcoholismo,Acerca del alcoholismo,Yes,Julio / Agosto,2026,Prisiones / La Viña 30 Aniversario,,,,"Cada año fallecen más de tres millones de personas, sobre todo varones, debido al consumo de alcohol y drogas",No,Unknown (no location in byline),,
https://www.aalavina.org/revista/julio-agosto-2026/12-anos-de-vida,12 años de vida,Yes,Julio / Agosto,2026,Prisiones / La Viña 30 Aniversario,Alberto M.,Santa Ana,California,"Tras años perdido en el alcohol, hoy celebra un cumpleaños rodeado del cariño de su familia y la Comunidad que lo ayudó a despertar",No,No,"Santa Ana, California",
https://www.aalavina.org/revista/julio-agosto-2026/relaciones-en-sobriedad,Relaciones en sobriedad,Yes,Julio / Agosto,2026,Prisiones / La Viña 30 Aniversario,R. O.,Fort Worth,Texas,"A través de pruebas y aprendizajes, descubre cómo convivir en armonía",No,Yes,"Fort Worth, Texas",
https://www.aalavina.org/revista/julio-agosto-2026/seguros-y-protegidos,Seguros y Protegidos,Yes,Julio / Agosto,2026,Prisiones / La Viña 30 Aniversario,Rosamar E.,San Antonio,Texas,"Después de una infancia difícil, una miembro encuentra en la recuperación la oportunidad de crear un hogar diferente",No,Yes,"San Antonio, Texas",
https://www.aalavina.org/revista/julio-agosto-2026/limpieza-espiritual,Limpieza espiritual,Yes,Julio / Agosto,2026,Prisiones / La Viña 30 Aniversario,Elizabeth R.,San José,California,"Su enfermedad avanzaba y el dolor crecía, pero aún no podía ver que el alcoholismo era su verdadero problema",No,No,"San José, California",
https://www.aalavina.org/revista/julio-agosto-2026/cuentas-por-saldar,Cuentas por saldar,Yes,Julio / Agosto,2026,Prisiones / La Viña 30 Aniversario,Mónica E.,Los Baños,California,¿Cuán generosa era cuando andaba por los bares?,No,No,"Los Baños, California",
https://www.aalavina.org/revista/julio-agosto-2026/asumiendo-responsabilidades,Asumiendo responsabilidades,Yes,Julio / Agosto,2026,Prisiones / La Viña 30 Aniversario,Arturo P.,Filmore,California,"“Estas eran algunas de las formas en las que el temor conspiraba con el orgullo para impedir que hiciéramos una lista...” -Doce Pasos y Doce Tradiciones, pág. 78",No,No,"Filmore, California",
https://www.aalavina.org/revista/julio-agosto-2026/sin-temor,Sin temor,Yes,Julio / Agosto,2026,Prisiones / La Viña 30 Aniversario,Lisseth L.,Arkansas City,Kansas,"“Nos enfrentamos con aquellos graves defectos de carácter que originalmente nos convirtieron en bebedores problema, defectos que tenemos que intentar remediar...” -Doce Pasos y Doce Tradiciones, pág. 71",No,No,"Arkansas City, Kansas",
https://www.aalavina.org/revista/julio-agosto-2026/tema-de-discusion,Tema de discusión,Yes,Julio / Agosto,2026,Prisiones / La Viña 30 Aniversario,,,,,No,Unknown (no location in byline),,
https://www.aalavina.org/revista/julio-agosto-2026/cartas-del-lector,Cartas del lector,Yes,Julio / Agosto,2026,Prisiones / La Viña 30 Aniversario,,,,,No,Unknown (no location in byline),,
https://www.aalavina.org/revista/mayo-junio-2026/sosteniendonos,Sosteniéndonos,Yes,Mayo / Junio,2026,Pase lo que pase,Anónimo,,,"Al abrazar su identidad, descubrió la alegría de ayudar a quienes también se sienten diferentes",No,Unknown (no location in byline),,
https://www.aalavina.org/revista/mayo-junio-2026/tomando-y-manejando,Tomando y manejando,Yes,Mayo / Junio,2026,Pase lo que pase,Rafael R.,Houston,Texas,"Ignorando las señales, aceleró sin freno hacia un destino que podía costarle quince años de prisión",No,Yes,"Houston, Texas",
https://www.aalavina.org/revista/mayo-junio-2026/el-primer-sorbo,El primer sorbo,Yes,Mayo / Junio,2026,Pase lo que pase,Antonio,Oklahoma City,Oklahoma,"Gracias a un acto providencial, sus hermanos y madre encontraron AA, transformando su historia en amor y esperanza",No,No,"Oklahoma City, Oklahoma",
https://www.aalavina.org/revista/mayo-junio-2026/volviendo-brillar,Volviendo a brillar,Yes,Mayo / Junio,2026,Pase lo que pase,Pilar G.,Ciudad de México,,La recuperación le devolvió la ilusión y el color a la vida,No,No,Ciudad de México,
https://www.aalavina.org/revista/mayo-junio-2026/viaje-espiritual,Viaje espiritual,Yes,Mayo / Junio,2026,Pase lo que pase,Blas A.,Mesa,Arizona,"En sobriedad encontró dirección, familia y compañeros que comparten el mismo destino feliz",No,No,"Mesa, Arizona",
https://www.aalavina.org/revista/mayo-junio-2026/su-sonrisa,Su sonrisa,Yes,Mayo / Junio,2026,Pase lo que pase,Rosalinda G.,National City,California,Una madre comparte cómo AA la sostuvo tras la muerte de su hijo por alcoholismo. Hoy sigue pasando el mensaje con la ayuda de sus compañeros,No,No,"National City, California",
https://www.aalavina.org/revista/mayo-junio-2026/con-amor,Con amor,Yes,Mayo / Junio,2026,Pase lo que pase,Marcela M.,Weed,California,"Con el apoyo de su madrina y el abrazo del grupo, comenzó a reconciliarse consigo misma",No,No,"Weed, California",
https://www.aalavina.org/revista/mayo-junio-2026/la-salida,La salida,Yes,Mayo / Junio,2026,Pase lo que pase,Ericka E.,Phoenix,Arizona,"Solo hay una llave... Al quitar el cerrojo con la buena voluntad, la puerta casi se abre por sí misma. -Doce Pasos y Doce Tradiciones, pág. 33",No,No,"Phoenix, Arizona",
https://www.aalavina.org/revista/mayo-junio-2026/dolor-compartido-dolor-reducido,"Dolor compartido, dolor reducido",Yes,Mayo / Junio,2026,Pase lo que pase,Susana S.,Oklahoma City,Oklahoma,"Trabajando con otras mujeres se fue fortaleciendo, encontrando paz y crecimiento espiritual",No,No,"Oklahoma City, Oklahoma",
https://www.aalavina.org/revista/mayo-junio-2026/humor-mayojunio-2026,Humor mayo/junio 2026,No,Mayo / Junio,2026,Pase lo que pase,,,,,No,Unknown (no location in byline),,
https://www.aalavina.org/revista/mayo-junio-2026/acerca-del-alcoholismo,Acerca del alcoholismo,Yes,Mayo / Junio,2026,Pase lo que pase,,,,El alcohol y el deterioro cognitivo: lo que nos dice la ciencia,No,Unknown (no location in byline),,
https://www.aalavina.org/revista/mayo-junio-2026/completo,Completo,Yes,Mayo / Junio,2026,Pase lo que pase,Miguel S.,Covina,California,"Cuando lo perdió todo y llegó a AA, descubrió en el apoyo de sus compañeros la pieza que le faltaba",No,No,"Covina, California",
https://www.aalavina.org/revista/mayo-junio-2026/flotando,Flotando,Yes,Mayo / Junio,2026,Pase lo que pase,José M.,Santa Ana,California,Encontró una manera de elevar su vida más allá del dolor y la oscuridad,No,No,"Santa Ana, California",
https://www.aalavina.org/revista/mayo-junio-2026/te-comprendemos,¡Te comprendemos!,Yes,Mayo / Junio,2026,Pase lo que pase,Audiencio S.,Fresno,California,"Entre lágrimas y dolor, descubres que la fuerza de un grupo radica en escuchar y transformar la soledad en apoyo",No,No,"Fresno, California",
https://www.aalavina.org/revista/mayo-junio-2026/perspectiva,Perspectiva,Yes,Mayo / Junio,2026,Pase lo que pase,Ramón C.,Delano,California,"Aunque su visión se vio limitada, asumió cada desafío con aceptación y determinación",No,No,"Delano, California",
https://www.aalavina.org/revista/mayo-junio-2026/dejandome-guiar,Dejándome guiar,Yes,Mayo / Junio,2026,Pase lo que pase,Vicente M.,Oxnard,California,"Le mostraron el camino; caminarlo, junto a otros, fue su responsabilidad",No,No,"Oxnard, California",
https://www.aalavina.org/revista/mayo-junio-2026/lecciones-de-vida,Lecciones de vida,Yes,Mayo / Junio,2026,Pase lo que pase,Nemecio C.,Delano,California,,No,No,"Delano, California",
https://www.aalavina.org/revista/mayo-junio-2026/despojado,Despojado,Yes,Mayo / Junio,2026,Pase lo que pase,Carlos V.,Sylmar,California,"Debemos derrumbar las barreras rígidas que nos hemos impuesto -Doce Pasos y Doce Tradiciones, pág. 66.",No,No,"Sylmar, California",
https://www.aalavina.org/revista/mayo-junio-2026/tema-de-discusion-para-reuniones,Tema de discusión para reuniones,Yes,Mayo / Junio,2026,Pase lo que pase,,,,,No,Unknown (no location in byline),,
https://www.aalavina.org/revista/mayo-junio-2026/enteramente-dispuesta,Enteramente dispuesta,Yes,Mayo / Junio,2026,Pase lo que pase,Gabriela A.,Mountain View,California,"En el momento más oscuro, aprendió que rendirse al programa no era perder, sino empezar a florecer",No,No,"Mountain View, California",
https://www.aalavina.org/revista/mayo-junio-2026/junto-ella,Junto a ella,Yes,Mayo / Junio,2026,Pase lo que pase,Nancy M.,Austin,Texas,"Vivió junto a su madre cada momento, aprendiendo que incluso el dolor más profundo se puede atravesar con sano juicio y gratitud",No,Yes,"Austin, Texas",
https://www.aalavina.org/revista/mayo-junio-2026/determinacion,Determinación,Yes,Mayo / Junio,2026,Pase lo que pase,Eliseo S.,Houston,Texas,"Aun ante pruebas duras, mantuvo la sobriedad y atravesó obstáculos, un día a la vez",No,Yes,"Houston, Texas",
https://www.aalavina.org/revista/mayo-junio-2026/enfermedad-espiritual,Enfermedad espiritual,Yes,Mayo / Junio,2026,Pase lo que pase,Erling B.,Philadelphia,Pennsylvania,"Cada vez que intenta mirar en su interior, tanto su orgullo como sus temores le hacen retroceder -Doce Pasos y Doce Tradiciones, pág. 47",No,No,"Philadelphia, Pennsylvania",
https://www.aalavina.org/revista/mayo-junio-2026/gracia-infinita,Gracia infinita,Yes,Mayo / Junio,2026,Pase lo que pase,Eduardo L.,Sylmar,California,"La sobriedad le permitió vivir con aceptación, gratitud y la alegría de ser un padre presente",No,No,"Sylmar, California",
https://www.aalavina.org/revista/mayo-junio-2026/sostenido,Sostenido,Yes,Mayo / Junio,2026,Pase lo que pase,René L.,Chulavista,California,"El alcohol solo profundizó la herida. El Quinto Paso le reveló que, aún en la oscuridad, nunca caminó solo",No,No,"Chulavista, California",
https://www.aalavina.org/revista/mayo-junio-2026/cartas-del-lector,Cartas del lector,Yes,Mayo / Junio,2026,Pase lo que pase,,,,,No,Unknown (no location in byline),,
https://www.aalavina.org/revista/mayo-junio-2026/abundancia-espiritual,Abundancia espiritual,Yes,Mayo / Junio,2026,Pase lo que pase,Chelita L.,Indio,California,"No pudo cambiar las circunstancias, pero sí su manera de enfrentarlas",No,No,"Indio, California",
https://www.aalavina.org/revista/mayo-junio-2026/noticias,Noticias,Yes,Mayo / Junio,2026,Pase lo que pase,,,,Primer Foro Especial en línea para miembros sordos de AA,No,Unknown (no location in byline),,
https://www.aalavina.org/revista/mayo-junio-2026/coraje,Coraje,Yes,Mayo / Junio,2026,Pase lo que pase,Alejandro,Carpentersville,Illinois,"La vida no fue fácil, pero aprendió a enfrentar cada obstáculo sin perder su sobriedad ni su equilibrio emocional",No,No,"Carpentersville, Illinois",
https://www.aalavina.org/revista/mayo-junio-2026/cadenas,Cadenas,Yes,Mayo / Junio,2026,Pase lo que pase,Francisco R.,Dallas,Texas,El alcohol había sido un síntoma de patrones más profundos que lo mantenían atado,No,Yes,"Dallas, Texas",
https://www.aalavina.org/revista/mayo-junio-2026/carta-de-bienvenida,Carta de Bienvenida,Yes,Mayo / Junio,2026,Pase lo que pase,,,,,No,Unknown (no location in byline),,
https://www.aalavina.org/revista/marzo-abril-2026/noticias,Noticias,Yes,Marzo / Abril,2026,Jóvenes,,,,Foros Regionales 2026: bienvenidos todos,No,Unknown (no location in byline),,
https://www.aalavina.org/revista/marzo-abril-2026/cartas-del-lector,Cartas del lector,Yes,Marzo / Abril,2026,Jóvenes,,,,,No,Unknown (no location in byline),,
https://www.aalavina.org/revista/marzo-abril-2026/carta-de-bienvenida,Carta de Bienvenida,Yes,Marzo / Abril,2026,Jóvenes,,,,,No,Unknown (no location in byline),,
https://www.aalavina.org/revista/marzo-abril-2026/envenenado,Envenenado,Yes,Marzo / Abril,2026,Jóvenes,Jaime V.,Conthey,,La caricatura de un hombre encerrado en una botella le mostró lo que no quería ver,No,No,Conthey,
https://www.aalavina.org/revista/marzo-abril-2026/mis-companeros,Mis compañeros,Yes,Marzo / Abril,2026,Jóvenes,Alejandro F.,,,"Hoy sirve, guiado por la fe y el compromiso de llevar el mensaje",No,No,Área Coahuila Oriente,Group/institution: Área Coahuila Oriente
https://www.aalavina.org/revista/marzo-abril-2026/una-puerta-que-no-cierra,Una puerta que no cierra,Yes,Marzo / Abril,2026,Jóvenes,Anghelov M.,Richmond,Texas,Encontró en Alcohólicos Anónimos un nuevo rumbo y la fuerza para enfrentar la vida sobrio,No,Yes,"Richmond, Texas",
https://www.aalavina.org/revista/marzo-abril-2026/el-mejor-negocio,El mejor negocio,Yes,Marzo / Abril,2026,Jóvenes,Amilcar G.,Houston,Texas,"La sobriedad le abrió la puerta a una vida plena, rodeado de amigos, servicio y la compañía de su padre",No,Yes,"Houston, Texas",
https://www.aalavina.org/revista/marzo-abril-2026/paso-doce,Paso Doce,Yes,Marzo / Abril,2026,Jóvenes,José C.,Fremont,California,De la mano de su padrino descubrió que el sufrimiento puede transformarse en servicio,No,No,"Fremont, California",
https://www.aalavina.org/revista/marzo-abril-2026/24-horas,24 horas,Yes,Marzo / Abril,2026,Jóvenes,Daniel S.,Austin,Texas,"AA le devolvió la luz, amistades verdaderas y un día a la vez lleno de sentido",No,Yes,"Austin, Texas",
https://www.aalavina.org/revista/marzo-abril-2026/tema-de-discusion-para-reuniones,Tema de discusión para reuniones,Yes,Marzo / Abril,2026,Jóvenes,,,,,No,Unknown (no location in byline),,
https://www.aalavina.org/revista/marzo-abril-2026/despiadada-enfermedad,Despiadada enfermedad,Yes,Marzo / Abril,2026,Jóvenes,Guillermo J.,San José,California,"Cuando todo parecía perderse en la oscuridad, una señal inesperada cambia su rumbo",No,No,"San José, California",
https://www.aalavina.org/revista/marzo-abril-2026/en-vancouver,En Vancouver,Yes,Marzo / Abril,2026,Jóvenes,Francisco T.,Omaha,Nebraska,Celebrando 90 años de AA y los frutos de la recuperación,No,No,"Omaha, Nebraska",
https://www.aalavina.org/revista/marzo-abril-2026/conciencia-abierta,Conciencia abierta,Yes,Marzo / Abril,2026,Jóvenes,Annia B.,San José,California,Un paso de fe hacia un Poder Superior marcó el inicio de su recuperación y la paz interior,No,No,"San José, California",
https://www.aalavina.org/revista/marzo-abril-2026/legado-en-accion,Legado en acción,Yes,Marzo / Abril,2026,Jóvenes,Raul CH.,Los Ángeles,California,"Conectado con La Viña desde sus inicios, dedica su vida al servicio y al compromiso de llevar el mensaje de AA por todos lados",No,No,"Los Ángeles, California",
https://www.aalavina.org/revista/marzo-abril-2026/el-arte-de-sanar,El arte de sanar,Yes,Marzo / Abril,2026,Jóvenes,Alex R.,San José,California,"La violencia marcó su infancia; la bebida, su juventud. Hoy, la sobriedad marca una etapa de amor y armonía",No,No,"San José, California",
https://www.aalavina.org/revista/marzo-abril-2026/voz-de-esperanza,Voz de esperanza,Yes,Marzo / Abril,2026,Jóvenes,Héctor R.,Westminster,California,"A pesar del temor, decide compartir y la fortaleza y aceptación que encontró fue algo que jamás habría imaginado",No,No,"Westminster, California",
https://www.aalavina.org/revista/marzo-abril-2026/la-llave-maestra,La llave maestra,Yes,Marzo / Abril,2026,Jóvenes,Antonio G.,Bogotá,,"Examinar con sinceridad nuestra historia personal nos permite alcanzar comprensión, perdón y libertad",No,No,Bogotá,
https://www.aalavina.org/revista/marzo-abril-2026/sabiduria-compartida,Sabiduría compartida,Yes,Marzo / Abril,2026,Jóvenes,Camelia P.,Guaynabo,,"Descubrió en AA que la sobriedad se construye con honestidad, apoyo y la decisión de vivir un día a la vez",No,No,Guaynabo,
https://www.aalavina.org/revista/marzo-abril-2026/falsas-sensaciones,Falsas sensaciones,Yes,Marzo / Abril,2026,Jóvenes,Laura O.,Santa Ana,California,"En cada copa buscaba valor y seguridad, pero su refugio era solo una ilusión",No,No,"Santa Ana, California",
https://www.aalavina.org/revista/marzo-abril-2026/creando-memorias,Creando memorias,Yes,Marzo / Abril,2026,Jóvenes,Misael M.,Houston,Texas,"Cada celebración es ahora un espacio de conexión, amor y armonía, lejos del alcohol que antes dominaba su vida",No,Yes,"Houston, Texas",
https://www.aalavina.org/revista/marzo-abril-2026/rompiendo-ciclos,Rompiendo ciclos,Yes,Marzo / Abril,2026,Jóvenes,Eddy D. A.,San José,California,"Cuando el alcohol dominaba su vida, la sobriedad le enseñó los pasos hacia un nuevo destino",No,No,"San José, California",
https://www.aalavina.org/revista/marzo-abril-2026/amor-propio,Amor propio,Yes,Marzo / Abril,2026,Jóvenes,Juan R.,,Jalisco,Aprendió que la dignidad de ser uno mismo es una luz que nunca se apaga,No,No,Jalisco,
https://www.aalavina.org/revista/marzo-abril-2026/promesas,Promesas,Yes,Marzo / Abril,2026,Jóvenes,Olga A.,Bogotá,,"Podemos mirar de frente al mundo; podemos estar solos y perfectamente tranquilos y en paz ~Libro Grande, Cap. 6, pág. 75",No,No,Bogotá,
https://www.aalavina.org/revista/marzo-abril-2026/inevitable,Inevitable,Yes,Marzo / Abril,2026,Jóvenes,Leidy H.,Bogotá,,Ya no necesita esconderse en el alcohol. La recuperación le devolvió su dignidad y amor propio,No,No,Bogotá,
https://www.aalavina.org/revista/marzo-abril-2026/cicatrices,Cicatrices,Yes,Marzo / Abril,2026,Jóvenes,María P.,,Yucatán,,No,No,Yucatán,
https://www.aalavina.org/revista/marzo-abril-2026/acerca-del-alcoholismo-marzoabril-2026,Acerca del alcoholismo marzo/abril 2026,Yes,Marzo / Abril,2026,Jóvenes,,,,Alcohol: datos y cifras,No,Unknown (no location in byline),,
https://www.aalavina.org/revista/marzo-abril-2026/un-cafe-y-un-paso-doce,Un café y un Paso Doce,Yes,Marzo / Abril,2026,Jóvenes,Victoria R.,Guadalajara,,"No hay nada que asegure tanto la inmunidad a la bebida como el trabajo intensivo con otros alcohólicos ~Libro Grande, pág. 89",No,No,Guadalajara,
https://www.aalavina.org/revista/marzo-abril-2026/laberinto,Laberinto,Yes,Marzo / Abril,2026,Jóvenes,Carlos V.,San José,California,"Deambulando sin rumbo, encontró el camino de regreso hacia la sobriedad y la vida paso a paso",No,No,"San José, California",
https://www.aalavina.org/revista/marzo-abril-2026/yo-soy-responsable,¡Yo soy responsable!,Yes,Marzo / Abril,2026,Jóvenes,H. H.,Austin,Texas,"Como RLV, aprende, sirve y se mantiene conectado, compartiendo el regalo de la recuperación con otros",No,Yes,"Austin, Texas",
https://www.aalavina.org/revista/marzo-abril-2026/humor-marzoabril-2026,Humor marzo/abril 2026,No,Marzo / Abril,2026,Jóvenes,,,,,No,Unknown (no location in byline),,
https://www.aalavina.org/revista/enerofebrero-2026/la-fuerza-de-nuestra-unidad,La fuerza de nuestra unidad,Yes,Enero / Febrero,2026,Nuevos,Julio M.,Bayamón,,Un principio visionario que ha mantenido a AA firme por décadas,No,No,Bayamón,
https://www.aalavina.org/revista/enerofebrero-2026/solo-por-hoy,Solo por hoy,Yes,Enero / Febrero,2026,Nuevos,Armando F.,Spanaway,Washington,"Noventa años de AA, una garantía de vida y esperanza diaria",No,No,"Spanaway, Washington",
https://www.aalavina.org/revista/enerofebrero-2026/realidad-alterna,Realidad alterna,Yes,Enero / Febrero,2026,Nuevos,Ezequiel P.,San Luis Potosí,,Solo cuando aceptó su alcoholismo pudo caminar hacia la sobriedad y la plenitud,No,No,San Luis Potosí,
https://www.aalavina.org/revista/enerofebrero-2026/lo-mejor-esta-por-venir,Lo mejor está por venir,Yes,Enero / Febrero,2026,Nuevos,Arturo V.,Ciudad de México,,Su caída más profunda lo llevó a descubrir la fuerza interior que desconocía,No,No,Ciudad de México,
https://www.aalavina.org/revista/enerofebrero-2026/muerte-prematura,Muerte prematura,Yes,Enero / Febrero,2026,Nuevos,Emilia E.,,Yucatán,,No,No,Yucatán,
https://www.aalavina.org/revista/enerofebrero-2026/aceptandome,Aceptándome,Yes,Enero / Febrero,2026,Nuevos,Lupita B.,Vista,California,"Guiada por los Pasos de AA y una madrina, superó el estigma y aprendió a vivir auténticamente",No,No,"Vista, California",
https://www.aalavina.org/revista/enerofebrero-2026/para-la-cruda,Para la cruda,Yes,Enero / Febrero,2026,Nuevos,Yanira G.,San José,California,"Cada día encontraba excusas para beber, sin darse cuenta de que perdía tiempo valioso con su familia",No,No,"San José, California",
https://www.aalavina.org/revista/enerofebrero-2026/resistencia,Resistencia,Yes,Enero / Febrero,2026,Nuevos,Claudio R.,San José,California,"Un fondo que lo llevó al borde de la desesperanza, sin hogar y sumido en la soledad",No,No,"San José, California",
https://www.aalavina.org/revista/enerofebrero-2026/rumbo-seguro,Rumbo seguro,Yes,Enero / Febrero,2026,Nuevos,Ricardo F.,San José,California,Tomando el volante de su destino hacia la claridad y la serenidad,No,No,"San José, California",
https://www.aalavina.org/revista/enerofebrero-2026/sobria,Sobria,Yes,Enero / Febrero,2026,Nuevos,Blanca C.,Millbrae,California,"Hoy transmite el mensaje que una vez le dio esperanza, reparando vínculos y viviendo con intención",No,No,"Millbrae, California",
https://www.aalavina.org/revista/enerofebrero-2026/un-padre-presente,Un padre presente,Yes,Enero / Febrero,2026,Nuevos,Jorge G.,Houston,Texas,La sobriedad le devolvió algo invaluable: el lazo con su familia,No,Yes,"Houston, Texas",
https://www.aalavina.org/revista/enerofebrero-2026/persistencia,Persistencia,Yes,Enero / Febrero,2026,Nuevos,Julio O.,Tomball,Texas,"La oración constante se convirtió en su ancla, su fuerza y le reveló una nueva visión",No,Yes,"Tomball, Texas",
https://www.aalavina.org/revista/enerofebrero-2026/destructivo-despiadado-y-mas-poderoso-que-yo,"Destructivo, despiadado y más poderoso que yo",Yes,Enero / Febrero,2026,Nuevos,G. O.,Canoga Park,California,,No,No,"Canoga Park, California",
https://www.aalavina.org/revista/enerofebrero-2026/hacia-adelante,Hacia adelante,Yes,Enero / Febrero,2026,Nuevos,Javier M.,Tacoma,Washington,Su compromiso con AA es reflejo de una vida transformada por la gratitud y el amor al servicio,No,No,"Tacoma, Washington",
https://www.aalavina.org/revista/enerofebrero-2026/acerca-del-alcoholismo,Acerca del alcoholismo,Yes,Enero / Febrero,2026,Nuevos,,,,"La relación entre la toma de riesgos por parte de los adolescentes, la plasticidad cerebral y el consumo de alcohol",No,Unknown (no location in byline),,
https://www.aalavina.org/revista/enerofebrero-2026/sometido,Sometido,Yes,Enero / Febrero,2026,Nuevos,Iván M.,Austin,Texas,"El alcoholismo no tiene cura, pero existe una solución",No,Yes,"Austin, Texas",
https://www.aalavina.org/revista/enerofebrero-2026/la-conciencia-de-grupo,La conciencia de grupo,Yes,Enero / Febrero,2026,Nuevos,,,,"“Una guía para los asuntos del grupo mucho más infalible que el criterio de cualquier miembro individual, por bueno o sabio que sea” ~El lenguaje del corazón, pág. 79",No,Unknown (no location in byline),,
https://www.aalavina.org/revista/enerofebrero-2026/humor-enerofebrero-2026,Humor enero/febrero 2026,No,Enero / Febrero,2026,Nuevos,,,,,No,Unknown (no location in byline),,
https://www.aalavina.org/revista/enerofebrero-2026/noticias-enerofebrero-2026,Noticias enero/febrero 2026,Yes,Enero / Febrero,2026,Nuevos,,,,Alcohólicos Anónimos hacia el futuro,No,Unknown (no location in byline),,
https://www.aalavina.org/revista/enerofebrero-2026/tema-de-discusion-para-reuniones,Tema de discusión para reuniones,Yes,Enero / Febrero,2026,Nuevos,,,,,No,Unknown (no location in byline),,
https://www.aalavina.org/revista/enerofebrero-2026/es-posible,Es posible,Yes,Enero / Febrero,2026,Nuevos,Esteban B.,Dallas,Texas,"Aunque su alcoholismo le susurre que puede beber, hoy encuentra fuerza en el ejemplo de sus compañeros",No,Yes,"Dallas, Texas",
https://www.aalavina.org/revista/enerofebrero-2026/aqui-y-ahora,Aquí y ahora,Yes,Enero / Febrero,2026,Nuevos,Frida L.,San Antonio,Texas,"Una joven comparte cómo la recuperación le devolvió su dignidad, su familia y un nuevo comienzo",No,Yes,"San Antonio, Texas",
https://www.aalavina.org/revista/enerofebrero-2026/paz-interior,Paz interior,Yes,Enero / Febrero,2026,Nuevos,Gustavo M.,San José,California,"Donde antes veía oscuridad, aprendió a cultivar serenidad y alegría",No,No,"San José, California",
https://www.aalavina.org/revista/enerofebrero-2026/una-nueva-familia,Una nueva familia,Yes,Enero / Febrero,2026,Nuevos,Leo R.,San José,California,"Nuestro verdadero propósito es ponernos en condiciones para servir al máximo a Dios y a los que nos rodean ~Libro Grande, pág. 77",No,No,"San José, California",
https://www.aalavina.org/revista/enerofebrero-2026/en-sus-manos,En sus manos,Yes,Enero / Febrero,2026,Nuevos,Jesús S.,Lake Forest,California,"Sin ayuda resulta demasiado para nosotros. Pero, hay Uno que tiene todo el poder — Dios. ¡Ojalá Lo encuentres! ~Libro Grande, págs. 58-59",No,No,"Lake Forest, California",
https://www.aalavina.org/revista/enerofebrero-2026/puro-amor,Puro amor,Yes,Enero / Febrero,2026,Nuevos,Úrsula L.,San Juan Capistrano,California,"Al rendirse con fe y gratitud, halló la serenidad que tanto había buscado",No,No,"San Juan Capistrano, California",
https://www.aalavina.org/revista/enerofebrero-2026/consecuencias,Consecuencias,Yes,Enero / Febrero,2026,Nuevos,Bruno M.,Santa Ana,California,"Entre arrestos y pérdidas, encontró en AA el camino hacia la sobriedad y la unión familiar",No,No,"Santa Ana, California",
https://www.aalavina.org/revista/enerofebrero-2026/cartas-del-lector-enerofebrero-2026,Cartas del lector enero/febrero 2026,Yes,Enero / Febrero,2026,Nuevos,,,,,No,Unknown (no location in byline),,
https://www.aalavina.org/revista/enerofebrero-2026/carta-de-bienvenida-enerofebrero-2026,Carta de Bienvenida enero/febrero 2026,Yes,Enero / Febrero,2026,Nuevos,,,,,No,Unknown (no location in byline),,
https://www.aalavina.org/revista/noviembre-diciembre-2025/mi-mayor-recompensa,Mi mayor recompensa,Yes,Noviembre / Diciembre,2025,Fiestas en Sobriedad,Berna,Austin,Texas,"Gracias a su cambio interior, hoy celebra a su familia con serenidad y sin remordimientos",No,Yes,"Austin, Texas",
https://www.aalavina.org/revista/noviembre-diciembre-2025/vital-sexto-sentido,Vital sexto sentido,Yes,Noviembre / Diciembre,2025,Fiestas en Sobriedad,Ramona A.,San José,California,"Hemos empezado a sentir dentro de nosotros mismos el flujo de Su Espíritu ~Libro Grande, pág. 85",No,No,"San José, California",
https://www.aalavina.org/revista/noviembre-diciembre-2025/autonomia,Autonomía,Yes,Noviembre / Diciembre,2025,Fiestas en Sobriedad,Nadja F.,Granbury,Texas,La diversidad en la manera de trabajar fortalece nuestra unidad cuando el propósito primordial de llevar el mensaje se mantiene vivo,No,Yes,"Granbury, Texas",
https://www.aalavina.org/revista/noviembre-diciembre-2025/bomba-de-tiempo,Bomba de tiempo,Yes,Noviembre / Diciembre,2025,Fiestas en Sobriedad,Francisco,Riverside,California,"Creía estar celebrando, pero era solo otra explosión anunciada. El alcohol lo convirtió en una amenaza para los que más quería",No,No,"Riverside, California",
https://www.aalavina.org/revista/noviembre-diciembre-2025/sin-alcohol-ni-culpa,Sin alcohol ni culpa,Yes,Noviembre / Diciembre,2025,Fiestas en Sobriedad,Socorro L.,San José,California,"Descubrió que la vida se celebra riendo y compartiendo, y lo mejor es despertarse al día siguiente recordándolo todo",No,No,"San José, California",
https://www.aalavina.org/revista/noviembre-diciembre-2025/carta-de-bienvenida,Carta de Bienvenida,Yes,Noviembre / Diciembre,2025,Fiestas en Sobriedad,,,,,No,Unknown (no location in byline),,
https://www.aalavina.org/revista/noviembre-diciembre-2025/la-alegria-de-estar-sobrio,La alegría de estar sobrio,Yes,Noviembre / Diciembre,2025,Fiestas en Sobriedad,Manuel E.,San Antonio,Texas,La bebida ya no es una necesidad para compartir un buen momento; hoy puede disfrutar plenamente sin ella,No,Yes,"San Antonio, Texas",
https://www.aalavina.org/revista/noviembre-diciembre-2025/enteramente-dispuesto,Enteramente dispuesto,Yes,Noviembre / Diciembre,2025,Fiestas en Sobriedad,Christian C.,Austin,Texas,"Durante años culpó a su familia para justificar su forma de beber, sin saber que el cambio empezaba en él",No,Yes,"Austin, Texas",
https://www.aalavina.org/revista/noviembre-diciembre-2025/tema-de-discusion-para-reuniones,Tema de discusión para reuniones,Yes,Noviembre / Diciembre,2025,Fiestas en Sobriedad,,,,,No,Unknown (no location in byline),,
https://www.aalavina.org/revista/noviembre-diciembre-2025/deseo-imperioso,Deseo imperioso,Yes,Noviembre / Diciembre,2025,Fiestas en Sobriedad,Doris N.,San Diego,California,"La obsesión no tuvo compasión, pero la sobriedad le regala un futuro lleno de vida",No,No,"San Diego, California",
https://www.aalavina.org/revista/noviembre-diciembre-2025/cubierto-de-amor,Cubierto de amor,Yes,Noviembre / Diciembre,2025,Fiestas en Sobriedad,Fernando T.,Lixa,,"El alcohol fue su refugio de dolor, hasta que una comunidad inclusiva le mostró un nuevo camino",No,No,Lixa,
https://www.aalavina.org/revista/noviembre-diciembre-2025/abrazo-internacional,Abrazo Internacional,Yes,Noviembre / Diciembre,2025,Fiestas en Sobriedad,Román M.,,Nuevo León,"Un encuentro mundial que dejó recuerdos inolvidables en Vancouver, donde miles celebraron la recuperación",No,No,Nuevo León,
https://www.aalavina.org/revista/noviembre-diciembre-2025/no-mas-peleas,No más peleas,Yes,Noviembre / Diciembre,2025,Fiestas en Sobriedad,Álvaro D.,Pasadena,Texas,"Y hemos cesado de pelearnos con todo y con todos, aun con el alcohol ~Libro Grande, pág. 84",No,Yes,"Pasadena, Texas",
https://www.aalavina.org/revista/noviembre-diciembre-2025/noticias-noviembrediciembre-2025,Noticias noviembre/diciembre 2025,Yes,Noviembre / Diciembre,2025,Fiestas en Sobriedad,,,,El extenso mundo de AA La Viña habla con Irene D. sobre la Oficina Internacional de AA,No,Unknown (no location in byline),,
https://www.aalavina.org/revista/noviembre-diciembre-2025/cartas-del-lector-noviembrediciembre-2025,Cartas del lector noviembre/diciembre 2025,Yes,Noviembre / Diciembre,2025,Fiestas en Sobriedad,,,,,No,Unknown (no location in byline),,
https://www.aalavina.org/revista/noviembre-diciembre-2025/soltandome,Soltándome,Yes,Noviembre / Diciembre,2025,Fiestas en Sobriedad,Jorge M.,Dallas,Texas,"Cansado de huir del pasado y de la ansiedad por beber, se rindió… y tomó en sus manos algo más valioso que cualquier copa: un camino con propósito",No,Yes,"Dallas, Texas",
https://www.aalavina.org/revista/noviembre-diciembre-2025/tocando-fondo,Tocando fondo,Yes,Noviembre / Diciembre,2025,Fiestas en Sobriedad,Rogelio R.,Houston,Texas,"Sumergido en un círculo vicioso, no imaginaba que al rendirse descubriría que, aun con una enfermedad incurable, existía una solución",No,Yes,"Houston, Texas",
https://www.aalavina.org/revista/noviembre-diciembre-2025/acerca-del-alcoholismo-noviembrediciembre-2025,Acerca del alcoholismo noviembre/diciembre 2025,Yes,Noviembre / Diciembre,2025,Fiestas en Sobriedad,,,,Efectos del alcohol en el cerebro,No,Unknown (no location in byline),,
https://www.aalavina.org/revista/noviembre-diciembre-2025/del-infierno-la-gloria,Del infierno a la gloria,Yes,Noviembre / Diciembre,2025,Fiestas en Sobriedad,Sylvia A.,,Ontario,"El alcohólico es como un huracán rugiente que pasa por las vidas de otros. Se destrozan corazones. Mueren las dulces relaciones ~Libro Grande, pág. 25",No,No,Ontario,
https://www.aalavina.org/revista/noviembre-diciembre-2025/bendecida,Bendecida,Yes,Noviembre / Diciembre,2025,Fiestas en Sobriedad,Rosa S.,San Diego,California,,No,No,"San Diego, California",
https://www.aalavina.org/revista/noviembre-diciembre-2025/engranaje-de-amor-y-servicio,Engranaje de amor y servicio,Yes,Noviembre / Diciembre,2025,Fiestas en Sobriedad,Adán O.,National City,California,"Más que en una tarea, servir se convirtió en un motor que los impulsaba a avanzar juntos",No,No,"National City, California",
https://www.aalavina.org/revista/noviembre-diciembre-2025/invitacion-divina,Invitación divina,Yes,Noviembre / Diciembre,2025,Fiestas en Sobriedad,Luis Noe R.,Veracruz,,"En su primera Convención Internacional descubrió que, cuando la voluntad se une a la fe, siempre hay un camino…",No,No,Veracruz,
https://www.aalavina.org/revista/noviembre-diciembre-2025/aferrado,Aferrado,Yes,Noviembre / Diciembre,2025,Fiestas en Sobriedad,Chepe,Mamaroneck,New York,"No hay palabras para describir la soledad y desesperación que encontré en ese cenagal de autoconmiseración; sus arenas movedizas se extendían por todos lados. No pude más. Estaba hundido ~Libro Grande, pág. 8",No,No,"Mamaroneck, New York",
https://www.aalavina.org/revista/noviembre-diciembre-2025/sorpresas,Sorpresas,Yes,Noviembre / Diciembre,2025,Fiestas en Sobriedad,Liliana R.,Houston,Texas,"Mi primer cumpleaños sobria me regaló lo que nunca imaginé: apoyo, paz… y amor propio",No,Yes,"Houston, Texas",
https://www.aalavina.org/revista/noviembre-diciembre-2025/alegria-genuina,Alegría genuina,Yes,Noviembre / Diciembre,2025,Fiestas en Sobriedad,Luz,San Antonio,Texas,El poder del agradecimiento le abrió las puertas a una dimensión que nunca hubiera imaginado,No,Yes,"San Antonio, Texas",
https://www.aalavina.org/revista/noviembre-diciembre-2025/humor,Humor,No,Noviembre / Diciembre,2025,Fiestas en Sobriedad,,,,,No,Unknown (no location in byline),,
https://www.aalavina.org/revista/septiembre-octubre-2025/anestesiada,Anestesiada,Yes,Septiembre / Octubre,2025,Amor al servicio,Amneris R.,Trujillo Alto,,"Mientras todo parecía funcionar por fuera, el alcohol adormecía lo que más dolía por dentro",No,No,Trujillo Alto,
https://www.aalavina.org/revista/septiembre-octubre-2025/tema-de-discusion-para-reuniones,Tema de discusión para reuniones,Yes,Septiembre / Octubre,2025,Amor al servicio,,,,,No,Unknown (no location in byline),,
https://www.aalavina.org/revista/septiembre-octubre-2025/frutos-de-esperanza,Frutos de esperanza,Yes,Septiembre / Octubre,2025,Amor al servicio,Rigo A.,Dallas,Texas,La literatura de AA le dio sentido a su servicio y un nuevo propósito,No,Yes,"Dallas, Texas",
https://www.aalavina.org/revista/septiembre-octubre-2025/paso-paso,Paso a paso,Yes,Septiembre / Octubre,2025,Amor al servicio,Claudio A.,San Antonio,Texas,"En su grupo base entendió su enfermedad, inició un camino firme y encontró esperanza en el servicio",No,Yes,"San Antonio, Texas",
https://www.aalavina.org/revista/septiembre-octubre-2025/devocion-y-destino,Devoción y destino,Yes,Septiembre / Octubre,2025,Amor al servicio,Anónimo,Riverside,California,"Lo que empezó como un castigo se convirtió en el camino hacia la sobriedad, la fe y el servicio",No,No,"Riverside, California",
https://www.aalavina.org/revista/septiembre-octubre-2025/humor-septiembreoctubre-2025,Humor septiembre/octubre 2025,No,Septiembre / Octubre,2025,Amor al servicio,,,,,No,Unknown (no location in byline),,
https://www.aalavina.org/revista/septiembre-octubre-2025/una-comunidad-solidaria,Una comunidad solidaria,Yes,Septiembre / Octubre,2025,Amor al servicio,Alejandro A.,McFarland,California,"Su compromiso con el grupo, el servicio y las Tradiciones le ayudó a liberarse por completo de la obsesión por beber",No,No,"McFarland, California",
https://www.aalavina.org/revista/septiembre-octubre-2025/no-estas-sola,No estás sola,Yes,Septiembre / Octubre,2025,Amor al servicio,Ross G.,San Diego,California,"Caminó entre el abandono y la tristeza, hasta que AA la llevó a encontrarse consigo misma",No,No,"San Diego, California",
https://www.aalavina.org/revista/septiembre-octubre-2025/el-servicio-es-recuperacion,¿El Servicio es recuperación?,Yes,Septiembre / Octubre,2025,Amor al servicio,Paz P.,Tucson,Arizona,"Llegué sin intención de servir…, pero el amor y el ejemplo despertaron en mí un llamado más grande",No,No,"Tucson, Arizona",
https://www.aalavina.org/revista/septiembre-octubre-2025/como-entender-el-anonimato,Cómo entender el anonimato,Yes,Septiembre / Octubre,2025,Amor al servicio,Adrian B.,Mar del Plata,,"Con el tiempo entendí que el anonimato no se trata de silencios, sino de propósito ~Lo mejor de La Viña I",No,No,Mar del Plata,
https://www.aalavina.org/revista/septiembre-octubre-2025/sano-juicio,Sano juicio,Yes,Septiembre / Octubre,2025,Amor al servicio,Angel L.,Arlington,Texas,Aprendió a pensar distinto y empezó a vivir distinto,No,Yes,"Arlington, Texas",
https://www.aalavina.org/revista/septiembre-octubre-2025/nada-nos-detiene,Nada nos detiene,Yes,Septiembre / Octubre,2025,Amor al servicio,Chilo G.,Pasadena,Texas,"Lo detuvieron camino a un aniversario de AA, pero el mensaje fue más fuerte que el mal rato",No,Yes,"Pasadena, Texas",
https://www.aalavina.org/revista/septiembre-octubre-2025/la-luz-del-mensaje,La luz del mensaje,Yes,Septiembre / Octubre,2025,Amor al servicio,Samuel I.,Cleburne,Texas,"No esperó a tener más tiempo, siguió asistiendo y fue aprendiendo con cada paso que dio",No,Yes,"Cleburne, Texas",
https://www.aalavina.org/revista/septiembre-octubre-2025/conectando-corazones,Conectando corazones,Yes,Septiembre / Octubre,2025,Amor al servicio,Martin J.,Anaheim,California,"Su compromiso con La Viña lo convirtió en un puente entre historias, grupos y corazones en recuperación",No,No,"Anaheim, California",
https://www.aalavina.org/revista/septiembre-octubre-2025/viaje-con-proposito,Viaje con propósito,Yes,Septiembre / Octubre,2025,Amor al servicio,Roberto T.,Mesa,Arizona,"Una mujer encontró a La Viña en el tren y, con ella, la voluntad de seguir sirviendo",No,No,"Mesa, Arizona",
https://www.aalavina.org/revista/septiembre-octubre-2025/cartas-del-lector,Cartas del lector,Yes,Septiembre / Octubre,2025,Amor al servicio,,,,,No,Unknown (no location in byline),,
https://www.aalavina.org/revista/septiembre-octubre-2025/carta-de-bienvenida,Carta de Bienvenida,Yes,Septiembre / Octubre,2025,Amor al servicio,,,,,No,Unknown (no location in byline),,
https://www.aalavina.org/revista/septiembre-octubre-2025/mas-alla-del-templo,Más allá del templo,Yes,Septiembre / Octubre,2025,Amor al servicio,Tere L.,Arvin,California,"Gracias a un simple regalo de mi hermana, llegué al programa y entendí que la espiritualidad no busca prestigio, sino paz interior",No,No,"Arvin, California",
https://www.aalavina.org/revista/septiembre-octubre-2025/que-hiciera-su-voluntad,¡Que hiciera su voluntad!,Yes,Septiembre / Octubre,2025,Amor al servicio,Maria G.,Costa Mesa,California,"El día que la vida me puso un alto, comenzó un viaje hacia la verdad, la sobriedad y una libertad que nunca antes había conocido",No,No,"Costa Mesa, California",
https://www.aalavina.org/revista/septiembre-octubre-2025/sanando-la-nina,Sanando a la niña,Yes,Septiembre / Octubre,2025,Amor al servicio,M. L.,Tyler,Texas,"Solo cuando me enfrenté a la verdad sobre mí misma, comenzó mi libertad",No,Yes,"Tyler, Texas",
https://www.aalavina.org/revista/septiembre-octubre-2025/cada-amanecer-una-nueva-oportunidad,"Cada amanecer, una nueva oportunidad",Yes,Septiembre / Octubre,2025,Amor al servicio,Gerardo S.,Fort Worth,Texas,,No,Yes,"Fort Worth, Texas",
https://www.aalavina.org/revista/septiembre-octubre-2025/dulce-serenidad,Dulce serenidad,Yes,Septiembre / Octubre,2025,Amor al servicio,Reny R.,Bakersfield,California,"No sabía a dónde iba, pero sí de dónde ya no quería regresar",No,No,"Bakersfield, California",
https://www.aalavina.org/revista/septiembre-octubre-2025/servir-un-privilegio,Servir: un privilegio,Yes,Septiembre / Octubre,2025,Amor al servicio,Pedro M.,San Francisco,California,,No,No,"San Francisco, California",
https://www.aalavina.org/revista/septiembre-octubre-2025/aroma-de-sobriedad,Aroma de sobriedad,Yes,Septiembre / Octubre,2025,Amor al servicio,César F.,San Juan Capistrano,California,"El mejor café no lo preparó con las manos, sino con el corazón",No,No,"San Juan Capistrano, California",
https://www.aalavina.org/revista/septiembre-octubre-2025/al-filo-del-abismo,Al filo del abismo,Yes,Septiembre / Octubre,2025,Amor al servicio,Nancy V.,Santa Ana,California,,No,No,"Santa Ana, California",
https://www.aalavina.org/revista/septiembre-octubre-2025/acerca-del-alcoholismo,Acerca del alcoholismo,Yes,Septiembre / Octubre,2025,Amor al servicio,,,,Las personas que beben esta cantidad de alcohol semanal tienen más riesgo de desarrollar demencia,No,Unknown (no location in byline),,
https://www.aalavina.org/revista/septiembre-octubre-2025/pura-vida,Pura vida,Yes,Septiembre / Octubre,2025,Amor al servicio,Guillermo G.,Chula Vista,California,"Sus 50 los celebra rodeado de amor, servicio y verdaderos amigos",No,No,"Chula Vista, California",
https://www.aalavina.org/revista/julio-agosto-2025/advertencia,¡Advertencia!,Yes,Julio / Agosto,2025,Prisiones,Hugo A.,Richland Hills,Texas,Vivía sumergido en su enfermedad hasta que el mensaje de AA lo sacó del fondo,No,Yes,"Richland Hills, Texas",
https://www.aalavina.org/revista/julio-agosto-2025/hambre-de-amor,Hambre de amor,Yes,Julio / Agosto,2025,Prisiones,Pablo A.,Houston,Texas,Dejó de ser un padre ausente y aprende a llenar esos vacíos emocionales que un día heredó,No,Yes,"Houston, Texas",
https://www.aalavina.org/revista/julio-agosto-2025/practica-pero-no-sermonees,"Practica, pero no sermonees",Yes,Julio / Agosto,2025,Prisiones,Eddie B.,Ahwahnee,California,"Del libro Ateos y Agnósticos de La Viña, una historia que refleja el espíritu de la Tercera Tradición: en AA todos son bienvenidos ~Bajo el mismo techo, pág. 97",No,No,"Ahwahnee, California",
https://www.aalavina.org/revista/julio-agosto-2025/entre-sombras,Entre Sombras,Yes,Julio / Agosto,2025,Prisiones,Alfonso I.,Los Baños,California,Hundido en la oscuridad del alcoholismo,No,No,"Los Baños, California",
https://www.aalavina.org/revista/julio-agosto-2025/requisitos,Requisitos,Yes,Julio / Agosto,2025,Prisiones,Rosa F.,Pflugerville,Texas,"Descubre que la verdadera libertad no venía del juez, sino del programa",No,Yes,"Pflugerville, Texas",
https://www.aalavina.org/revista/julio-agosto-2025/infracciones,Infracciones,Yes,Julio / Agosto,2025,Prisiones,Oscar C.,Mesa,Arizona,"En el caos de su vida, un nuevo ser y un despertar le brindaron una segunda oportunidad",No,No,"Mesa, Arizona",
https://www.aalavina.org/revista/julio-agosto-2025/cartas-del-lector-julioagosto-2025,Cartas del lector julio/agosto 2025,Yes,Julio / Agosto,2025,Prisiones,,,,,No,Unknown (no location in byline),,
https://www.aalavina.org/revista/julio-agosto-2025/carta-de-bienvenida-julioagosto-2025,Carta de Bienvenida julio/agosto 2025,Yes,Julio / Agosto,2025,Prisiones,,,,,No,Unknown (no location in byline),,
https://www.aalavina.org/revista/julio-agosto-2025/tiempo-para-amar,A tiempo para amar,Yes,Julio / Agosto,2025,Prisiones,Luis A.,Delano,California,"Con el corazón abierto y los pies firmes, llegó a tiempo para ofrecer amor, no excusas",No,No,"Delano, California",
https://www.aalavina.org/revista/julio-agosto-2025/rutas-cerradas-nuevos-caminos,"Rutas cerradas, nuevos caminos",Yes,Julio / Agosto,2025,Prisiones,José R.,Tucson,Arizona,"Desde una celda, el mensaje de AA le da el valor y el deseo de alcanzar la libertad interior",No,No,"Tucson, Arizona",
https://www.aalavina.org/revista/julio-agosto-2025/brotes-de-vida,Brotes de vida,Yes,Julio / Agosto,2025,Prisiones,Mónica M.,Chula Vista,California,"Aceptar su enfermedad no fue fácil, pero en esa primera reunión supo que estaba en el lugar correcto",No,No,"Chula Vista, California",
https://www.aalavina.org/revista/julio-agosto-2025/tema-de-discusion-para-reuniones-julioagosto-2025,Tema de discusión para reuniones julio/agosto 2025,Yes,Julio / Agosto,2025,Prisiones,,,,,No,Unknown (no location in byline),,
https://www.aalavina.org/revista/julio-agosto-2025/el-alcohol-mata,El alcohol mata,Yes,Julio / Agosto,2025,Prisiones,Luis P.,Fresno,California,"Solo fue por una firma, pero el sufrimiento de su amigo le mostró el verdadero espíritu de AA",No,No,"Fresno, California",
https://www.aalavina.org/revista/julio-agosto-2025/no-estas-solo,¡No estás solo!,Yes,Julio / Agosto,2025,Prisiones,Julio R.,San Antonio,Texas,El privilegio de llevar el mensaje,No,Yes,"San Antonio, Texas",
https://www.aalavina.org/revista/julio-agosto-2025/recuperacion-en-instituciones,Recuperación en instituciones,Yes,Julio / Agosto,2025,Prisiones,Ramiro R.,Mesa,Arizona,,No,No,"Mesa, Arizona",
https://www.aalavina.org/revista/julio-agosto-2025/direccion-espiritual,Dirección espiritual,Yes,Julio / Agosto,2025,Prisiones,Salvador A.,Houston,Texas,Un cambio de rumbo y actitud fueron suficientes para comenzar una vida de sobriedad y servicio,No,Yes,"Houston, Texas",
https://www.aalavina.org/revista/julio-agosto-2025/heridas-del-alma,Heridas del alma,Yes,Julio / Agosto,2025,Prisiones,Juan M.,Santa Ana,California,"A pesar de mantener el hogar, rompía lo más valioso: el corazón de su familia",No,No,"Santa Ana, California",
https://www.aalavina.org/revista/julio-agosto-2025/cruzando-limites,Cruzando límites,Yes,Julio / Agosto,2025,Prisiones,Avelino G.,Mesa,Arizona,"Se estaba hundiendo, pero no veía que el verdadero peligro era seguir negando su alcoholismo",No,No,"Mesa, Arizona",
https://www.aalavina.org/revista/julio-agosto-2025/artimanas,Artimañas,Yes,Julio / Agosto,2025,Prisiones,Andrés H.,Veracruz,,La seducción fue sutil y llegó disfrazada de nostalgia,No,No,Veracruz,
https://www.aalavina.org/revista/julio-agosto-2025/nuevos-despertares,Nuevos despertares,Yes,Julio / Agosto,2025,Prisiones,Ruben M.,Austin,Texas,,No,Yes,"Austin, Texas",
https://www.aalavina.org/revista/julio-agosto-2025/la-insidia-del-alcohol,La insidia del alcohol,Yes,Julio / Agosto,2025,Prisiones,Benjamín Z.,Alabaster,Alabama,"Creía tener el control…, pero su enfermedad lo llevó al borde de la locura",No,No,"Alabaster, Alabama",
https://www.aalavina.org/revista/julio-agosto-2025/mi-fondo,Mi fondo,Yes,Julio / Agosto,2025,Prisiones,Armando R.,San Marcos,California,En lo más hondo encontró algo inesperado: su verdadera libertad,No,No,"San Marcos, California",
https://www.aalavina.org/revista/julio-agosto-2025/hacia-una-nueva-vida,Hacia una nueva vida,Yes,Julio / Agosto,2025,Prisiones,Misael M.,Pasadena,Texas,"Cruzaron el umbral de AA armados nada más que con la humilde admisión de su impotencia ante el alcohol ~Prólogo a la tercera edición, pág. xii",No,Yes,"Pasadena, Texas",
https://www.aalavina.org/revista/julio-agosto-2025/voz-de-esperanza,Voz de esperanza,Yes,Julio / Agosto,2025,Prisiones,Israel B.,Davenport,Nebraska,Servicio de Padrinos Visitantes Internos,No,No,"Davenport, Nebraska",
https://www.aalavina.org/revista/julio-agosto-2025/acerca-del-alcoholismo-julioagosto-2025,Acerca del alcoholismo julio/agosto 2025,Yes,Julio / Agosto,2025,Prisiones,,,,¿Debe el alcohol llevar etiqueta de advertencia sobre cáncer?,No,Unknown (no location in byline),,
https://www.aalavina.org/revista/julio-agosto-2025/humor-julioagosto-2025,Humor julio/agosto 2025,No,Julio / Agosto,2025,Prisiones,,,,,No,Unknown (no location in byline),,
https://www.aalavina.org/revista/julio-agosto-2025/mascara-de-soberbia,Máscara de soberbia,Yes,Julio / Agosto,2025,Prisiones,Norma L.,Mesquite,Texas,Rendirse fue el primer paso hacia la libertad,No,Yes,"Mesquite, Texas",
https://www.aalavina.org/revista/julio-agosto-2025/noticias-julioagosto-2025,Noticias julio/agosto 2025,Yes,Julio / Agosto,2025,Prisiones,,,,"Alcohólicos Anónimos celebrará 90 años de recuperación en la Convención Internacional de 2025 en Vancouver, Canadá, del 3 al 6 de julio",No,Unknown (no location in byline),,
https://www.aalavina.org/revista/mayo-junio-2025/recarga-espiritual,Recarga espiritual,Yes,Mayo / Junio,2025,Apadrinamiento,L. S.,Sierra Vista,Arizona,Saliendo de la desesperación,No,No,"Sierra Vista, Arizona",
https://www.aalavina.org/revista/mayo-junio-2025/la-fuerza-de-la-comunidad,La fuerza de la comunidad,Yes,Mayo / Junio,2025,Apadrinamiento,Julio B.,Santa Fe Springs,California,"“Hemos descubierto una solución común. Tenemos una salida en la que podemos estar completamente de acuerdo” ~Libro Grande, pág. 17",No,No,"Santa Fe Springs, California",
https://www.aalavina.org/revista/mayo-junio-2025/fatales-consecuencias,Fatales consecuencias,Yes,Mayo / Junio,2025,Apadrinamiento,Víctor M.,Reedley,California,Cuando temer la vida duele más que temer a la muerte,No,No,"Reedley, California",
https://www.aalavina.org/revista/mayo-junio-2025/cartas-del-lector-mayojunio-2025,Cartas del lector mayo/junio 2025,Yes,Mayo / Junio,2025,Apadrinamiento,,,,,No,Unknown (no location in byline),,
https://www.aalavina.org/revista/mayo-junio-2025/noticias,Noticias,Yes,Mayo / Junio,2025,Apadrinamiento,,,,"Una entrevista con Scott H., presidente de la Junta de Servicios Generales",No,Unknown (no location in byline),,
https://www.aalavina.org/revista/mayo-junio-2025/la-llama-de-la-recuperacion,La llama de la recuperación,Yes,Mayo / Junio,2025,Apadrinamiento,J. D.,Dos Palos,California,Encendiendo la luz para otros,No,No,"Dos Palos, California",
https://www.aalavina.org/revista/mayo-junio-2025/despertando,Despertando,Yes,Mayo / Junio,2025,Apadrinamiento,Benjamín L.,Fresno,Caifornia,"“Una nueva luz había penetrado el mundo oscuro del alcohólico” ~Libro Grande, Prólogo, pág. XIX",No,No,"Fresno, Caifornia",
https://www.aalavina.org/revista/mayo-junio-2025/una-conexion-divina,Una conexión divina,Yes,Mayo / Junio,2025,Apadrinamiento,Livi C.,San Antonio,Texas,,No,Yes,"San Antonio, Texas",
https://www.aalavina.org/revista/mayo-junio-2025/mi-verdadero-problema,Mi verdadero problema,Yes,Mayo / Junio,2025,Apadrinamiento,Arturo P.,Filmore,California,En las reuniones de AA entendí que el cambio debía empezar en mí,No,No,"Filmore, California",
https://www.aalavina.org/revista/mayo-junio-2025/independientes-y-unidos,Independientes y unidos,Yes,Mayo / Junio,2025,Apadrinamiento,N. A.,Wenonah,New Jersey,"“Un testimonio que muestra cómo la unidad y autonomía de los grupos de AA son fundamentales para la recuperación colectiva” ~El Grupo Base: Corazón de AA, págs. 84-85",No,No,"Wenonah, New Jersey",
https://www.aalavina.org/revista/mayo-junio-2025/agenda-de-grupo-lv-una-herramienta-espiritual,Agenda de Grupo LV: Una Herramienta Espiritual,Yes,Mayo / Junio,2025,Apadrinamiento,,,,,No,Unknown (no location in byline),,
https://www.aalavina.org/revista/mayo-junio-2025/en-sus-garras,En sus garras,Yes,Mayo / Junio,2025,Apadrinamiento,Enrique L.,San Antonio,Texas,"“El alcohólico necesita ser liberado de su deseo imperioso por el alcohol” ~Libro Grande, La Opinión del Médico. pág. XXIX",No,Yes,"San Antonio, Texas",
https://www.aalavina.org/revista/mayo-junio-2025/siguiendo-sus-pasos,Siguiendo sus pasos,Yes,Mayo / Junio,2025,Apadrinamiento,Jesús A.,Barcelona,,"“Se nos ha dado una vida nueva o, si se prefiere, ‘un plan para vivir’ que resulta verdaderamente efectivo” ~Libro Grande, pág. 28",No,No,Barcelona,
https://www.aalavina.org/revista/mayo-junio-2025/llave-espiritual,Llave espiritual,Yes,Mayo / Junio,2025,Apadrinamiento,Julián B.,San Antonio,Texas,Abriendo la puerta a una nueva vida,No,Yes,"San Antonio, Texas",
https://www.aalavina.org/revista/mayo-junio-2025/carta-de-bienvenida,Carta de Bienvenida,Yes,Mayo / Junio,2025,Apadrinamiento,,,,,No,Unknown (no location in byline),,
https://www.aalavina.org/revista/mayo-junio-2025/aferrada-la-botella,Aferrada a la botella,Yes,Mayo / Junio,2025,Apadrinamiento,Olga M.,Los Ángeles,California,"“¿Tienen ustedes algún substituto?- Sí, hay un substituto y es mucho más que eso” ~Libro Grande, pág. 152",No,No,"Los Ángeles, California",
https://www.aalavina.org/revista/mayo-junio-2025/prevencion,Prevención,Yes,Mayo / Junio,2025,Apadrinamiento,Yolanda L.,Houston,Texas,Aprendiendo a cambiar la palabra culpa por responsabilidad,No,Yes,"Houston, Texas",
https://www.aalavina.org/revista/mayo-junio-2025/lazos-rotos,Lazos rotos,Yes,Mayo / Junio,2025,Apadrinamiento,Alfredo C.,Van Nuys,California,No podía concebir una vida sin alcohol ni darse cuenta del daño que causaba a sus seres más cercanos,No,No,"Van Nuys, California",
https://www.aalavina.org/revista/mayo-junio-2025/sirviendo-con-gratitud,Sirviendo con gratitud,Yes,Mayo / Junio,2025,Apadrinamiento,Pablo C.,Caruthers,California,Su sufrimiento se transforma en un propósito que le da una nueva razón para vivir,No,No,"Caruthers, California",
https://www.aalavina.org/revista/mayo-junio-2025/gracias-padrinos,¡Gracias padrinos!,Yes,Mayo / Junio,2025,Apadrinamiento,Héctor H.,Madera,California,"“No hay nada que asegure tanto la inmunidad a la bebida como el trabajo intensivo con otros alcohólicos” ~Alcohólicos Anónimos, pág. 89",No,No,"Madera, California",
https://www.aalavina.org/revista/mayo-junio-2025/dosis-diaria-de-espiritualidad,Dosis diaria de espiritualidad,Yes,Mayo / Junio,2025,Apadrinamiento,Pablo N.,De Valle,Texas,,No,Yes,"De Valle, Texas",
https://www.aalavina.org/revista/mayo-junio-2025/bendecidos,Bendecidos,Yes,Mayo / Junio,2025,Apadrinamiento,Mario G.,San Antonio,Texas,"“Era particularmente imperioso trabajar con otros, tal como él lo había hecho conmigo” ~Libro Grande, pág. 14""",No,Yes,"San Antonio, Texas",
https://www.aalavina.org/revista/mayo-junio-2025/tema-de-discusion-para-reuniones,Tema de discusión para reuniones,Yes,Mayo / Junio,2025,Apadrinamiento,,,,,No,Unknown (no location in byline),,
https://www.aalavina.org/revista/mayo-junio-2025/unidos-en-sobriedad,Unidos en sobriedad,Yes,Mayo / Junio,2025,Apadrinamiento,Daniel M.,Pacoima,California,"Al alejarse de la Comunidad, también se alejó de su recuperación. Hoy sabe que juntos es más fácil",No,No,"Pacoima, California",
https://www.aalavina.org/revista/mayo-junio-2025/veinte-dolares,Veinte dólares,Yes,Mayo / Junio,2025,Apadrinamiento,Daniel F.,La Puente,California,"Cuando las dificultades no siempre son obstáculos, sino puertas hacia algo mejor",No,No,"La Puente, California",
https://www.aalavina.org/revista/mayo-junio-2025/acerca-del-alcoholismo,Acerca del alcoholismo,Yes,Mayo / Junio,2025,Apadrinamiento,,,,"George Koob, de los Institutos Nacionales de la Salud, explica cómo la adicción cambia el cerebro y aumenta las muertes relacionadas con el alcohol",No,Unknown (no location in byline),,
https://www.aalavina.org/revista/mayo-junio-2025/conexion-espiritual,Conexión espiritual,Yes,Mayo / Junio,2025,Apadrinamiento,José E.,Rosemead,California,"“El Reino del Espíritu es amplio, espacioso, siempre inclusivo nunca exclusivo o prohibitivo para aquellos que lo buscan con sinceridad” ~Libro Grande, pág. 46",No,No,"Rosemead, California",
https://www.aalavina.org/revista/mayo-junio-2025/solucion-espiritual,Solución espiritual,Yes,Mayo / Junio,2025,Apadrinamiento,Audencio S.,Fresno,California,"“Rara vez hemos visto fracasar a una persona que haya seguido concienzudamente nuestro camino...” ~Libro Grande, pág. 58",No,No,"Fresno, California",
https://www.aalavina.org/revista/mayo-junio-2025/puente-de-comprension,Puente de comprensión,Yes,Mayo / Junio,2025,Apadrinamiento,David L.,Houston,Texas,La recuperación es más que solo dejar de beber,No,Yes,"Houston, Texas",
https://www.aalavina.org/revista/mayo-junio-2025/humor-mayojunio-2025,Humor mayo/junio 2025,No,Mayo / Junio,2025,Apadrinamiento,,,,,No,Unknown (no location in byline),,
https://www.aalavina.org/revista/marzo-abril-2025/convencion-internacional-de-aa,Convención Internacional de AA,Yes,Marzo / Abril,2025,Nuevos,,,,del 3 al 6 de julio de 2025 Centro de Convenciones de Vancouver y Estadio BC Place,No,Unknown (no location in byline),,
https://www.aalavina.org/revista/marzo-abril-2025/sirviendo-en-mi-grupo,Sirviendo en mi grupo,Yes,Marzo / Abril,2025,Nuevos,Berenice M.,Phoenix,Arizona,"Abatida y confundida, pero con una mente abierta y buena voluntad",No,No,"Phoenix, Arizona",
https://www.aalavina.org/revista/marzo-abril-2025/mi-sitio-en-aa,Mi sitio en AA,Yes,Marzo / Abril,2025,Nuevos,Máximo M.,Ambler,Pennsylvania,"Lo que comenzó como un intento por ayudar a alguien más, terminó revelándole su propio problema",No,No,"Ambler, Pennsylvania",
https://www.aalavina.org/revista/marzo-abril-2025/una-herramienta-invaluable,Una herramienta invaluable,Yes,Marzo / Abril,2025,Nuevos,Carlos R.,San José,California,"A través de la revista, seguimos rompiendo barreras y sembrando esperanza en innumerables alcohólicos",No,No,"San José, California",
https://www.aalavina.org/revista/marzo-abril-2025/listo,¿Listo?,Yes,Marzo / Abril,2025,Nuevos,Jorge M.,Dallas,Texas,"A pesar de su corta edad, ya había tocado fondo y, por suerte, había encontrado AA",No,Yes,"Dallas, Texas",
https://www.aalavina.org/revista/marzo-abril-2025/enganchado,Enganchado,Yes,Marzo / Abril,2025,Nuevos,Leandro C.,Santa Ana,California,Un compromiso de vida lo libera de las cadenas del alcoholismo,No,No,"Santa Ana, California",
https://www.aalavina.org/revista/marzo-abril-2025/acerca-del-alcoholismo,Acerca del alcoholismo,Yes,Marzo / Abril,2025,Nuevos,,,,,No,Unknown (no location in byline),,
https://www.aalavina.org/revista/marzo-abril-2025/presente-y-sobria,Presente y sobria,Yes,Marzo / Abril,2025,Nuevos,Mari G.,Manor,Texas,Una madre transforma su edad en propósito y nueva esperanza,No,Yes,"Manor, Texas",
https://www.aalavina.org/revista/marzo-abril-2025/despertando-una-nueva-realidad,Despertando a una nueva realidad,Yes,Marzo / Abril,2025,Nuevos,Ramona A.,San José,California,Una mujer comparte su lucha contra la negación y el caos que el alcoholismo trajo a su vida,No,No,"San José, California",
https://www.aalavina.org/revista/marzo-abril-2025/la-mente-de-una-alcoholica,La mente de una alcohólica,Yes,Marzo / Abril,2025,Nuevos,Adriana C.,San José,California,"De nuestro libro Mujeres en AA: Un profundo dolor emocional y conflictos personales la condujeron a las salas de AA, donde, con su madrina y un Poder Superior, comienza a sanar y transformar su vida",No,No,"San José, California",
https://www.aalavina.org/revista/marzo-abril-2025/humor-marzoabril-2025,Humor marzo/abril 2025,No,Marzo / Abril,2025,Nuevos,,,,,No,Unknown (no location in byline),,
https://www.aalavina.org/revista/marzo-abril-2025/primera-tradicion,Primera Tradición,Yes,Marzo / Abril,2025,Nuevos,,,,"Bill W., cofundador de Alcohólicos Anónimos, escribió más de 150 artículos entre 1944 y 1970. En uno de ellos, hace una profunda reflexión sobre la primera tradición de AA",No,Unknown (no location in byline),,
https://www.aalavina.org/revista/marzo-abril-2025/cantando-en-sobriedad,Cantando en sobriedad,Yes,Marzo / Abril,2025,Nuevos,María R.,New York,New York,"Trabajando los Pasos, fortalece su espíritu y encuentra una voz auténtica",No,No,"New York, New York",
https://www.aalavina.org/revista/marzo-abril-2025/percepcion,Percepción,Yes,Marzo / Abril,2025,Nuevos,Roberto R.,Manor,Texas,"Ya no nos enfrentamos solos al mundo. Tal vez hemos estado huyendo de él, toda la vida",No,Yes,"Manor, Texas",
https://www.aalavina.org/revista/marzo-abril-2025/altruismo,Altruismo,Yes,Marzo / Abril,2025,Nuevos,Víctor R.,Grand Prairie,Texas,"Contribuir con AA no solo era un privilegio, sino un acto de gratitud",No,Yes,"Grand Prairie, Texas",
https://www.aalavina.org/revista/marzo-abril-2025/el-valor-del-tiempo,El valor del tiempo,Yes,Marzo / Abril,2025,Nuevos,Alonso B.,Houston,Texas,Cada minuto en sobriedad se convierte en una oportunidad para crecer y vivir plenamente,No,Yes,"Houston, Texas",
https://www.aalavina.org/revista/marzo-abril-2025/tema-de-discusion-para-reuniones,Tema de discusión para reuniones,Yes,Marzo / Abril,2025,Nuevos,,,,,No,Unknown (no location in byline),,
https://www.aalavina.org/revista/marzo-abril-2025/impotencia-personal,Impotencia personal,Yes,Marzo / Abril,2025,Nuevos,Abigaíl B.,Covina,California,"""La base segura sobre la que se puede construir una vida feliz y útil"", Doce Pasos y Doce Tradiciones, pág. 19",No,No,"Covina, California",
https://www.aalavina.org/revista/marzo-abril-2025/reconexion-espiritual,Reconexión espiritual,Yes,Marzo / Abril,2025,Nuevos,Carlos P.,San Antonio,Texas,"""Un nuevo estado de conciencia y una nueva forma de ser"" Doce Pasos y Doce Tradiciones, pág. 105",No,Yes,"San Antonio, Texas",
https://www.aalavina.org/revista/marzo-abril-2025/sobrio-en-guadalajara,Sobrio en Guadalajara,Yes,Marzo / Abril,2025,Nuevos,Aldo R.,,Jalisco,Agradecido por estar vivo y ser un miembro de AA,No,No,Jalisco,
https://www.aalavina.org/revista/marzo-abril-2025/diseno-de-vida,Diseño de vida,Yes,Marzo / Abril,2025,Nuevos,Gume T.,Long Beach,California,"“Debía acudir al Padre de la Luz que preside sobre todos nosotros” Libro Grande, pág. 14",No,No,"Long Beach, California",
https://www.aalavina.org/revista/marzo-abril-2025/estabilidad-emocional,Estabilidad emocional,Yes,Marzo / Abril,2025,Nuevos,Luis G.,Wildomar,California,"Su despertar espiritual comenzó con la aceptación de que la recuperación es posible, incluso para un ateo",No,No,"Wildomar, California",
https://www.aalavina.org/revista/marzo-abril-2025/saliendo-del-hoyo,Saliendo del hoyo,Yes,Marzo / Abril,2025,Nuevos,Donna T.,San José,California,El amor de su familia y su fe en un Poder Superior le dieron el impulso para dar ese Primer Paso,No,No,"San José, California",
https://www.aalavina.org/revista/marzo-abril-2025/soltando-las-riendas,Soltando las riendas,Yes,Marzo / Abril,2025,Nuevos,Gabriela,Santa Ana,California,"""Pero, hay Uno que tiene todo el poder — Dios. ¡Ojalá Lo encuentres!"" Libro Grande, pág. 58",No,No,"Santa Ana, California",
https://www.aalavina.org/revista/marzo-abril-2025/carta-de-bienvenida,Carta de Bienvenida,Yes,Marzo / Abril,2025,Nuevos,,,,,No,Unknown (no location in byline),,
https://www.aalavina.org/revista/marzo-abril-2025/cartas-del-lector,Cartas del lector,Yes,Marzo / Abril,2025,Nuevos,,,,,No,Unknown (no location in byline),,
https://www.aalavina.org/revista/marzo-abril-2025/bienvenido,Bienvenido,Yes,Marzo / Abril,2025,Nuevos,Alex P.,Van Nuys,California,"Derrotado, pero dispuesto a hacer lo que haga falta para librarse de esta terrible obsesión",No,No,"Van Nuys, California",
https://www.aalavina.org/revista/marzo-abril-2025/victoria,Victoria,Yes,Marzo / Abril,2025,Nuevos,Carlos C.,San Antonio,Texas,"“Nuestros primeros pasos hacia la liberación y la fortaleza” Doce Pasos y Doce Tradiciones, pág. 19",No,Yes,"San Antonio, Texas",
https://www.aalavina.org/revista/marzo-abril-2025/aplausos,¿Aplausos?,Yes,Marzo / Abril,2025,Nuevos,Héctor T.,Phoenix,Arizona,De la celebración a la reflexión,No,No,"Phoenix, Arizona",
https://www.aalavina.org/revista/marzo-abril-2025/sin-control,Sin control,Yes,Marzo / Abril,2025,Nuevos,Porfirio A.,Houston,Texas,Tras duras consecuencias entendió que la aceptación era la respuesta a todos sus problemas,No,Yes,"Houston, Texas",
https://www.aalavina.org/revista/marzo-abril-2025/el-mensaje,El mensaje,Yes,Marzo / Abril,2025,Nuevos,Isaías A.,Orange,California,Una llamada lo saca de la oscuridad del alcoholismo hacia una decisión que cambiaría su vida,No,No,"Orange, California",
https://www.aalavina.org/revista/enero-febrero-2025/noticias,Noticias,Yes,Enero / Febrero,2025,Despertar espiritual,,,,¡Marquen sus calendarios para la Convención Internacional de AA de 2025!,No,Unknown (no location in byline),,
https://www.aalavina.org/revista/enero-febrero-2025/cartas-del-lector,Cartas del lector,Yes,Enero / Febrero,2025,Despertar espiritual,,,,,No,Unknown (no location in byline),,
https://www.aalavina.org/revista/enero-febrero-2025/carta-de-bienvenida,Carta de bienvenida,Yes,Enero / Febrero,2025,Despertar espiritual,,,,,No,Unknown (no location in byline),,
https://www.aalavina.org/revista/enero-febrero-2025/falsa-grandeza,Falsa grandeza,Yes,Enero / Febrero,2025,Despertar espiritual,AANR,Bronx,New York,La soberbia es el principal obstáculo para un verdadero crecimiento espiritual,No,No,"Bronx, New York",
https://www.aalavina.org/revista/enero-febrero-2025/tema-de-discusion-para-reuniones,Tema de discusión para reuniones,Yes,Enero / Febrero,2025,Despertar espiritual,,,,,No,Unknown (no location in byline),,
https://www.aalavina.org/revista/enero-febrero-2025/bancarrota-espiritual,Bancarrota espiritual,Yes,Enero / Febrero,2025,Despertar espiritual,Enrique G.,Tucson,Arizona,Solo un acto de la providencia podría liberarme de esta fatal obsesión,No,No,"Tucson, Arizona",
https://www.aalavina.org/revista/enero-febrero-2025/mi-experiencia,Mi experiencia,Yes,Enero / Febrero,2025,Despertar espiritual,Domingo U.,,Jalisco,,No,No,Jalisco,
https://www.aalavina.org/revista/enero-febrero-2025/mi-fuente-de-vida,Mi fuente de vida,Yes,Enero / Febrero,2025,Despertar espiritual,Gerardo C.,Heartland,Texas,No sabía que anhelaba profundamente la luz espiritual que había perdido,No,Yes,"Heartland, Texas",
https://www.aalavina.org/revista/enero-febrero-2025/poder-divino,Poder divino,Yes,Enero / Febrero,2025,Despertar espiritual,Miguel A.,San Tan Valley,Arizona,Confiar en una fuerza superior me liberó del alcoholismo y me llevó hacia una paz espiritual que nunca creí posible,No,No,"San Tan Valley, Arizona",
https://www.aalavina.org/revista/enero-febrero-2025/mensajes-de-esperanza,Mensajes de esperanza,Yes,Enero / Febrero,2025,Despertar espiritual,José J. R.,Cartago,,La fuerza de los eslóganes de AA,No,No,Cartago,
https://www.aalavina.org/revista/enero-febrero-2025/sentimiento-de-culpa,Sentimiento de culpa,Yes,Enero / Febrero,2025,Despertar espiritual,Gustavo L.,,Guanajuato,La desobediencia a principios espirituales trae consecuencias,No,No,Guanajuato,
https://www.aalavina.org/revista/enero-febrero-2025/un-mar-tenebroso,Un mar tenebroso,Yes,Enero / Febrero,2025,Despertar espiritual,Héctor O.,Veracruz,,"En la tempestad del alcoholismo, el programa de AA se convierte en la luz que ilumina su camino",No,No,Veracruz,
https://www.aalavina.org/revista/enero-febrero-2025/conciencia-de-grupo,Conciencia de grupo,Yes,Enero / Febrero,2025,Despertar espiritual,Eduardo G.,Santa Ana,California,El poder transformador de la Segunda Tradición,No,No,"Santa Ana, California",
https://www.aalavina.org/revista/enero-febrero-2025/la-gran-realidad,La gran realidad,Yes,Enero / Febrero,2025,Despertar espiritual,Erika R.,Costa Mesa,California,"“Hemos sido propulsados a una cuarta dimensión de la existencia con la que ni siquiera habíamos soñado” Libro Grande, pág. 25",No,No,"Costa Mesa, California",
https://www.aalavina.org/revista/enero-febrero-2025/el-peligro-de-la-autosuficiencia,El peligro de la autosuficiencia,Yes,Enero / Febrero,2025,Despertar espiritual,Francisco S.,Gijón,,"La dependencia en un Poder Superior no era una debilidad, sino una principal fuente de fortaleza",No,No,Gijón,
https://www.aalavina.org/revista/enero-febrero-2025/un-paso-seguro,Un paso seguro,Yes,Enero / Febrero,2025,Despertar espiritual,Crispín P.,San José,California,"“La verdadera humildad y amplitud de mente pueden llevarnos a la fe” Doce Pasos y Doce Tradiciones, pág. 31",No,No,"San José, California",
https://www.aalavina.org/revista/enero-febrero-2025/el-precio-del-alcoholismo,El precio del alcoholismo,Yes,Enero / Febrero,2025,Despertar espiritual,Ignacio A.,San José,California,Cuando el dinero nubla las verdaderas prioridades,No,No,"San José, California",
https://www.aalavina.org/revista/enero-febrero-2025/plegarias,Plegarias,Yes,Enero / Febrero,2025,Despertar espiritual,Juan G.,Phoenix,Arizona,Ver a su hijo orar a su lado fue la señal que necesitaba para cambiar su destino,No,No,"Phoenix, Arizona",
https://www.aalavina.org/revista/enero-febrero-2025/floreciendo,Floreciendo,Yes,Enero / Febrero,2025,Despertar espiritual,Jackie A.,El Monte,California,"Un despertar que le permite enfrentar sus miedos, abrazar su esencia y tomar las riendas de su vida",No,No,"El Monte, California",
https://www.aalavina.org/revista/enero-febrero-2025/la-llave-de-la-buena-voluntad,La llave de la buena voluntad,Yes,Enero / Febrero,2025,Despertar espiritual,Francisco V.,Houston,Texas,"“Nuestras ideas no servían; pero la idea de Dios sí” Libro Grande, pág. 52",No,Yes,"Houston, Texas",
https://www.aalavina.org/revista/enero-febrero-2025/recuperando-la-fe,Recuperando la fe,Yes,Enero / Febrero,2025,Despertar espiritual,Luis D.,Houston,Texas,"Con la ayuda de su padrino, descubrió el poder de la oración y la espiritualidad",No,Yes,"Houston, Texas",
https://www.aalavina.org/revista/enero-febrero-2025/obstinacion,Obstinación,Yes,Enero / Febrero,2025,Despertar espiritual,Antonio V.,Tyler,Texas,"“El alcohol, ahora convertido en nuestro acreedor más despiadado, nos despoja de toda confianza en nosotros mismos” Doce Pasos y Doce Tradiciones, pág. 20",No,Yes,"Tyler, Texas",
https://www.aalavina.org/revista/enero-febrero-2025/mi-testimonio,Mi testimonio,Yes,Enero / Febrero,2025,Despertar espiritual,Isidro G.,Pasadena,Texas,La voz de la verdad,No,Yes,"Pasadena, Texas",
https://www.aalavina.org/revista/enero-febrero-2025/volver-nacer,Volver a nacer,Yes,Enero / Febrero,2025,Despertar espiritual,Manuel A.M.,Houston,Texas,"“...me ofrezco a Ti para que obres en mí y hagas conmigo Tu voluntad” Libro Grande, pág. 63",No,Yes,"Houston, Texas",
https://www.aalavina.org/revista/enero-febrero-2025/comienzos,Comienzos,Yes,Enero / Febrero,2025,Despertar espiritual,Cristóbal G.,Houston,Texas,Agradecido por una nueva vida y la oportunidad de honrar la promesa que un día hizo a sus padres,No,Yes,"Houston, Texas",
https://www.aalavina.org/revista/enero-febrero-2025/mi-renacer,Mi renacer,Yes,Enero / Febrero,2025,Despertar espiritual,Silvia,Austin,Texas,Una mujer luchadora encuentra una nueva familia y su propósito en la comunidad de AA,No,Yes,"Austin, Texas",
https://www.aalavina.org/revista/enero-febrero-2025/energia-divina,Energía divina,Yes,Enero / Febrero,2025,Despertar espiritual,Anónimo,Chowchilla,California,"“...sí puedes. Se te olvida que acabas de encontrar una fuente de poder mucho más grande que tú mismo” Libro Grande, pág. 163",No,No,"Chowchilla, California",
https://www.aalavina.org/revista/enero-febrero-2025/en-las-nubes,En las nubes,Yes,Enero / Febrero,2025,Despertar espiritual,Kathy,Madrid,,"Desde que llegó a AA, su despertar hacia una vida de armonía y gratitud continúa, guiada por Dios y sus compañeros",No,No,Madrid,
https://www.aalavina.org/revista/enero-febrero-2025/intentalo,¡Inténtalo!,Yes,Enero / Febrero,2025,Despertar espiritual,Manuel R.,Los Ángeles,California,"“Se nos ha dado una vida nueva o, si se prefiere, ‘un plan para vivir’ que resulta verdaderamente efectivo” Libro Grande, pág. 28",No,No,"Los Ángeles, California",
https://www.aalavina.org/revista/enero-febrero-2025/acerca-del-alcoholismo,Acerca del alcoholismo,Yes,Enero / Febrero,2025,Despertar espiritual,,,,El ciclo de la adicción al alcohol,No,Unknown (no location in byline),,
https://www.aalavina.org/revista/enero-febrero-2025/humor-enero-febrero-2025,Humor Enero,No,Enero / Febrero,2025,Despertar espiritual,,,,,No,Unknown (no location in byline),,
https://www.aalavina.org/revista/noviembre-diciembre-2024/humor,Humor,No,Noviembre / Diciembre,2024,Fiestas en Sobriedad,Amilcar G.,Houston,Texas,,No,Yes,"Houston, Texas",
https://www.aalavina.org/revista/noviembre-diciembre-2024/acerca-del-alcoholismo,Acerca del alcoholismo,Yes,Noviembre / Diciembre,2024,Fiestas en Sobriedad,,,,El alcohol y el cerebro del adolescente,No,Unknown (no location in byline),,
https://www.aalavina.org/revista/noviembre-diciembre-2024/enamorado-del-servicio,Enamorado del servicio,Yes,Noviembre / Diciembre,2024,Fiestas en Sobriedad,Audiencio S.,Fresno,California,"Estaba dispuesto a servir donde fuera necesario, siempre que pudiera ayudar a otro alcohólico y mantenerse sobrio",No,No,"Fresno, California",
https://www.aalavina.org/revista/noviembre-diciembre-2024/la-ira-un-obstaculo-en-el-camino-la-sobriedad,La ira: Un obstáculo en el camino a la sobriedad,Yes,Noviembre / Diciembre,2024,Fiestas en Sobriedad,Victor S.,Reedley,California,Un obstáculo en el camino a la sobriedad,No,No,"Reedley, California",
https://www.aalavina.org/revista/noviembre-diciembre-2024/meta-espiritual,Meta espiritual,Yes,Noviembre / Diciembre,2024,Fiestas en Sobriedad,Ma. Guadalupe G.,Sacramento,California,"Caminando los Pasos de recuperación, encuentra el equilibrio en su vida",No,No,"Sacramento, California",
https://www.aalavina.org/revista/noviembre-diciembre-2024/espiritu-de-servicio,Espíritu de servicio,Yes,Noviembre / Diciembre,2024,Fiestas en Sobriedad,Rosalba V.,Oakland,California,Un acto de amor le da la humildad que necesitaba y el deseo de extender su mano a otras alcohólicas,No,No,"Oakland, California",
https://www.aalavina.org/revista/noviembre-diciembre-2024/la-soberbia-peligro-latente,La soberbia: Peligro latente,Yes,Noviembre / Diciembre,2024,Fiestas en Sobriedad,Miguel M.,Sacramento,California,Se creía demasiado listo y no podía aceptar que necesitaba ayuda,No,No,"Sacramento, California",
https://www.aalavina.org/revista/noviembre-diciembre-2024/de-victima-victorioso,De víctima a victorioso,Yes,Noviembre / Diciembre,2024,Fiestas en Sobriedad,Antonio R.,Delano,California,En AA descubre que algunas consecuencias vienen disfrazadas de bendiciones,No,No,"Delano, California",
https://www.aalavina.org/revista/noviembre-diciembre-2024/la-duodecima-tradicion,La Duodécima Tradición,Yes,Noviembre / Diciembre,2024,Fiestas en Sobriedad,,,,"El anonimato es la base espiritual de todas nuestras Tradiciones, recordándonos siempre anteponer los principios a las personalidades",No,Unknown (no location in byline),,
https://www.aalavina.org/revista/noviembre-diciembre-2024/la-undecima-tradicion,La Undécima Tradición,Yes,Noviembre / Diciembre,2024,Fiestas en Sobriedad,,,,"Nuestra política de relaciones públicas se basa más bien en la atracción que en la promoción; necesitamos mantener siempre nuestro anonimato personal ante la prensa, la radio y el cine",No,Unknown (no location in byline),,
https://www.aalavina.org/revista/noviembre-diciembre-2024/principios-espirituales,Principios espirituales,Yes,Noviembre / Diciembre,2024,Fiestas en Sobriedad,Guillermo,San Juan,,"Trabajando los Pasos de recuperación, encuentra el camino hacia la libertad",No,No,San Juan,
https://www.aalavina.org/revista/noviembre-diciembre-2024/tema-de-discusion-para-reuniones,Tema de discusión para reuniones,Yes,Noviembre / Diciembre,2024,Fiestas en Sobriedad,,,,,No,Unknown (no location in byline),,
https://www.aalavina.org/revista/noviembre-diciembre-2024/los-tamalitos-de-mi-viejita,Los tamalitos de mi viejita,Yes,Noviembre / Diciembre,2024,Fiestas en Sobriedad,Elías L.,Houston,Texas,Recordando momentos especiales en familia,No,Yes,"Houston, Texas",
https://www.aalavina.org/revista/noviembre-diciembre-2024/una-bendicion-de-dios,Una bendición de Dios,Yes,Noviembre / Diciembre,2024,Fiestas en Sobriedad,Oscar D.,,Jalisco,Una devastadora pérdida lo llenó de un odio que solo un Poder Superior pudo sanar,No,No,Jalisco,
https://www.aalavina.org/revista/noviembre-diciembre-2024/sin-jaleos,Sin jaleos,Yes,Noviembre / Diciembre,2024,Fiestas en Sobriedad,Roberto F.,Gran Canaria,,"Las noches de locura quedaron atrás, ahora la paz y serenidad iluminan su hogar",No,No,Gran Canaria,
https://www.aalavina.org/revista/noviembre-diciembre-2024/solo-una-copa,¿Sólo una copa?,Yes,Noviembre / Diciembre,2024,Fiestas en Sobriedad,Edwin C.,Houston,Texas,,No,Yes,"Houston, Texas",
https://www.aalavina.org/revista/noviembre-diciembre-2024/convencion-internacional-de-aa,Convención Internacional de AA,Yes,Noviembre / Diciembre,2024,Fiestas en Sobriedad,,,,del 3 al 6 de julio de 2025,No,Unknown (no location in byline),,
https://www.aalavina.org/revista/noviembre-diciembre-2024/el-espiritu-navideno-de-aa,El espíritu navideño de AA,Yes,Noviembre / Diciembre,2024,Fiestas en Sobriedad,Paulina,,Jalisco,Descubriendo la alegría de esa primera fiesta en sobriedad,No,No,Jalisco,
https://www.aalavina.org/revista/noviembre-diciembre-2024/un-instrumento,Un instrumento,Yes,Noviembre / Diciembre,2024,Fiestas en Sobriedad,Jorge P.,,,"“Donde haya error, que lleve yo la Verdad. Donde haya desesperación, que lleve yo la Alegría. Donde haya tinieblas, que lleve yo la Luz” ...",No,Unknown (no location in byline),,
https://www.aalavina.org/revista/noviembre-diciembre-2024/la-poderosa-energia-de-aa,La poderosa energía de AA,Yes,Noviembre / Diciembre,2024,Fiestas en Sobriedad,Juventino S.,Riverside,California,Un recién llegado descubre la verdadera magia de la Navidad,No,No,"Riverside, California",
https://www.aalavina.org/revista/noviembre-diciembre-2024/en-alerta,En alerta,Yes,Noviembre / Diciembre,2024,Fiestas en Sobriedad,Jesús A.,Barcelona,,"La sobriedad es su tesoro más valioso, y está comprometido a hacer lo que sea necesario para preservarla",No,No,Barcelona,
https://www.aalavina.org/revista/noviembre-diciembre-2024/rendida,Rendida,Yes,Noviembre / Diciembre,2024,Fiestas en Sobriedad,Alvina S.,Delano,California,Se arrodilló y puso su vida y todo lo que tenía en manos de un Dios poderoso,No,No,"Delano, California",
https://www.aalavina.org/revista/noviembre-diciembre-2024/aislado,Aislado,Yes,Noviembre / Diciembre,2024,Fiestas en Sobriedad,Luis Noé R.,Veracruz,,"Cuando su vida parecía no tener sentido, un mensaje inesperado ilumina su camino",No,No,Veracruz,
https://www.aalavina.org/revista/noviembre-diciembre-2024/armonia-familiar,Armonía familiar,Yes,Noviembre / Diciembre,2024,Fiestas en Sobriedad,Héctor H.,,Jalisco,El tesoro más preciado,No,No,Jalisco,
https://www.aalavina.org/revista/noviembre-diciembre-2024/memorias-en-sobriedad,Memorias en sobriedad,Yes,Noviembre / Diciembre,2024,Fiestas en Sobriedad,E.O.H.,Livermore,California,"De un pasado de terror y malas noches, a un presente lleno de esperanza y muchas Nochebuenas",No,No,"Livermore, California",
https://www.aalavina.org/revista/noviembre-diciembre-2024/un-espiritu-libre,Un espíritu libre,Yes,Noviembre / Diciembre,2024,Fiestas en Sobriedad,Blanca S.,Houston,Texas,"“Vamos a conocer una libertad y una felicidad nuevas”, Libro Grande pág. 83",No,Yes,"Houston, Texas",
https://www.aalavina.org/revista/noviembre-diciembre-2024/el-mejor-regalo,El mejor regalo,Yes,Noviembre / Diciembre,2024,Fiestas en Sobriedad,Genaro G.,San José,California,La magia de la Navidad ahora se manifiesta en todas las bendiciones que ha recibido en su camino de sobriedad,No,No,"San José, California",
https://www.aalavina.org/revista/noviembre-diciembre-2024/acciones-recomendables-de-la-conferencia-de-2024,Acciones recomendables de la Conferencia de 2024,Yes,Noviembre / Diciembre,2024,Fiestas en Sobriedad,,,,,No,Unknown (no location in byline),,
https://www.aalavina.org/revista/noviembre-diciembre-2024/noticias-noviembrediciembre-2024,Noticias noviembre/diciembre 2024,Yes,Noviembre / Diciembre,2024,Fiestas en Sobriedad,,,,"La 74.a Conferencia de Servicios Generales: “Conectándonos con amor, unidad y servicio”",No,Unknown (no location in byline),,
https://www.aalavina.org/revista/noviembre-diciembre-2024/cartas-del-lector,Cartas del lector,Yes,Noviembre / Diciembre,2024,Fiestas en Sobriedad,,,,,No,Unknown (no location in byline),,
https://www.aalavina.org/revista/noviembre-diciembre-2024/carta-de-bienvenida,Carta de Bienvenida,Yes,Noviembre / Diciembre,2024,Fiestas en Sobriedad,,,,,No,Unknown (no location in byline),,
https://www.aalavina.org/revista/septiembre-octubre-2024/la-luz-del-espiritu,La luz del espíritu,Yes,Septiembre / Octubre,2024,Reparaciones,Rodrigo D.,Medellín,,Disfrutando de las recompensas de la sobriedad emocional,No,No,Medellín,
https://www.aalavina.org/revista/septiembre-octubre-2024/con-los-vagos-del-barrio,Con los vagos del barrio,Yes,Septiembre / Octubre,2024,Reparaciones,Tomás E.,Fort Worth,Texas,"Lo pierde todo llevando una vida de libertinaje, pero en su grupo encuentra una fraternidad espiritual y mucho más",No,Yes,"Fort Worth, Texas",
https://www.aalavina.org/revista/septiembre-octubre-2024/la-ultima-copa,La última copa,Yes,Septiembre / Octubre,2024,Reparaciones,Roberto Q.,Las Vegas,Nevada,,No,No,"Las Vegas, Nevada",
https://www.aalavina.org/revista/septiembre-octubre-2024/nuestra-literatura,Nuestra literatura,Yes,Septiembre / Octubre,2024,Reparaciones,Santiago R.,Anaheim,California,"En estos libros “leerás una y otra vez que la fe hizo por nosotros lo que solos no pudimos hacer por nosotros mismos” (Alcohólicos Anónimos, pág. 124)",No,No,"Anaheim, California",
https://www.aalavina.org/revista/septiembre-octubre-2024/el-sindrome-de-madeira,El Síndrome de Madeira,Yes,Septiembre / Octubre,2024,Reparaciones,J.,Madrid,,El final de un infierno de alcoholismo,No,No,Madrid,
https://www.aalavina.org/revista/septiembre-octubre-2024/decima-tradicion,Décima Tradición,Yes,Septiembre / Octubre,2024,Reparaciones,,,,"A.A. no tiene opinión acerca de asunto ajenos a sus actividades; por consiguiente, su nombre nunca debe mezclarse en polémicas públicas",No,Unknown (no location in byline),,
https://www.aalavina.org/revista/septiembre-octubre-2024/novena-tradicion,Novena Tradición,Yes,Septiembre / Octubre,2024,Reparaciones,,,,A.A. como tal nunca debe ser organizada; pero podemos crear juntas o comités de servicio que sean directamente responsable ante aquellos a quienes sirven,No,Unknown (no location in byline),,
https://www.aalavina.org/revista/septiembre-octubre-2024/peligro-inminente,Peligro inminente,Yes,Septiembre / Octubre,2024,Reparaciones,Jesús L.,Fort Worth,Texas,No podía detenerse a pesar de que el alcohol lo iba destruyendo lentamente,No,Yes,"Fort Worth, Texas",
https://www.aalavina.org/revista/septiembre-octubre-2024/tema-de-discusion-para-reuniones-septiembreoctubre-2024,Tema de discusión para reuniones septiembre/octubre 2024,Yes,Septiembre / Octubre,2024,Reparaciones,,,,,No,Unknown (no location in byline),,
https://www.aalavina.org/revista/septiembre-octubre-2024/el-perdon-una-expresion-de-amor,El Perdón. Una expresión de amor,Yes,Septiembre / Octubre,2024,Reparaciones,Isauro B.,Santa Ana,California,"No nos lamentaremos por el pasado ni desearemos cerrar la puerta que nos lleva a él (Libro Grande, Pág. 83)",No,No,"Santa Ana, California",
https://www.aalavina.org/revista/septiembre-octubre-2024/de-raiz,De Raíz,Yes,Septiembre / Octubre,2024,Reparaciones,Anónimo,Garden Grove,California,Solo un acto de la Providencia podría arrancar esa fatal obsesión,No,No,"Garden Grove, California",
https://www.aalavina.org/revista/septiembre-octubre-2024/fuga-geografica,Fuga Geográfica,Yes,Septiembre / Octubre,2024,Reparaciones,Oscar G.,Las Vegas,Nevada,"Ni las diez hospitalizaciones que había sufrido pudieron detenerlo, pero no estaba dispuesto a perder lo más preciado en su vida",No,No,"Las Vegas, Nevada",
https://www.aalavina.org/revista/septiembre-octubre-2024/perdido,Perdido,Yes,Septiembre / Octubre,2024,Reparaciones,Raúl D.,Vancouver,Washington,Una derrota absoluta y un nuevo camino de sorpresas,No,No,"Vancouver, Washington",
https://www.aalavina.org/revista/septiembre-octubre-2024/al-borde-de-la-locura,Al Borde de la Locura,Yes,Septiembre / Octubre,2024,Reparaciones,Anónimo,Las Vegas,Nevada,Nunca imaginó el tormento que viviría si no aceptaba su derrota total,No,No,"Las Vegas, Nevada",
https://www.aalavina.org/revista/septiembre-octubre-2024/cartas-del-lector-sepoct-2024,Cartas del lector Sep/Oct 2024,Yes,Septiembre / Octubre,2024,Reparaciones,,,,,No,Unknown (no location in byline),,
https://www.aalavina.org/revista/septiembre-octubre-2024/carta-de-bienvenida-septiembreoctubre-2024,Carta de Bienvenida septiembre/octubre 2024,Yes,Septiembre / Octubre,2024,Reparaciones,,,,,No,Unknown (no location in byline),,
https://www.aalavina.org/revista/septiembre-octubre-2024/humor-septiembreoctubre-2024,Humor septiembre/octubre 2024,No,Septiembre / Octubre,2024,Reparaciones,,,,,No,Unknown (no location in byline),,
https://www.aalavina.org/revista/septiembre-octubre-2024/acerca-del-alcoholismo-septiembreoctubre-2024,Acerca del alcoholismo septiembre/octubre 2024,Yes,Septiembre / Octubre,2024,Reparaciones,,,,Las mujeres y el alcohol,No,Unknown (no location in byline),,
https://www.aalavina.org/revista/septiembre-octubre-2024/la-piedra-clave,La piedra clave,Yes,Septiembre / Octubre,2024,Reparaciones,Jesús A.,Barcelona,,"Cruzando ese nuevo arco triunfal por el que pasamos a la libertad (Libro Grande, Pág. 62)",No,No,Barcelona,
https://www.aalavina.org/revista/septiembre-octubre-2024/trazando-mi-propio-camino,Trazando mi propio camino,Yes,Septiembre / Octubre,2024,Reparaciones,Filogonio F.,Atlanta,Georgia,,No,No,"Atlanta, Georgia",
https://www.aalavina.org/revista/septiembre-octubre-2024/una-guia-espiritual,Una guía espiritual,Yes,Septiembre / Octubre,2024,Reparaciones,Karla Y.,Mission Hills,California,"Sigue los mandatos de un Poder Superior y pronto vivirás en un mundo nuevo y maravilloso, no importa cuál sea tu situación actual (Libro Grande, pág. 100)",No,No,"Mission Hills, California",
https://www.aalavina.org/revista/septiembre-octubre-2024/mujeres-hispanas,Mujeres hispanas,Yes,Septiembre / Octubre,2024,Reparaciones,Claudia M.,Costa Mesa,California,"Un camino difícil que le toca recorrer, pero ya no está sola. Encontró una Fuente de Vida",No,No,"Costa Mesa, California",
https://www.aalavina.org/revista/septiembre-octubre-2024/paso-nueve-una-palmadita-en-la-espalda,Paso Nueve: Una palmadita en la espalda,Yes,Septiembre / Octubre,2024,Reparaciones,Dale C.,Tacoma,Washington,De nuestro libro Lo Mejor de La Viña: Un inspirador testimonio sobre el perdón y ese mágico momento en el que un Poder Superior se manifiesta,No,No,"Tacoma, Washington",
https://www.aalavina.org/revista/septiembre-octubre-2024/lo-que-el-alcohol-se-llevo,Lo que el alcohol se llevó,Yes,Septiembre / Octubre,2024,Reparaciones,Susi S.,San Francisco,California,Una familia experimenta el terrible poder del alcoholismo y el milagro de la recuperación,No,No,"San Francisco, California",
https://www.aalavina.org/revista/septiembre-octubre-2024/es-como-un-sueno,Es como un sueño,Yes,Septiembre / Octubre,2024,Reparaciones,R.O.,Fort Worth,Texas,"Había recuperado los colores de su vida, ya no vivía en la oscuridad",No,Yes,"Fort Worth, Texas",
https://www.aalavina.org/revista/septiembre-octubre-2024/la-semilla-de-mi-sobriedad,La semilla de mi sobriedad,Yes,Septiembre / Octubre,2024,Reparaciones,Fermín R.,San Francisco,California,En la cárcel encuentra una revista La Viña que lo inspira en su camino de recuperación,No,No,"San Francisco, California",
https://www.aalavina.org/revista/septiembre-octubre-2024/el-enemigo-en-casa,El enemigo en casa,Yes,Septiembre / Octubre,2024,Reparaciones,Angélica O.,Las Vegas,Nevada,Cuando la familia también se enferma,No,No,"Las Vegas, Nevada",
https://www.aalavina.org/revista/septiembre-octubre-2024/convencion-internacional-de-aa,Convención Internacional de AA,Yes,Septiembre / Octubre,2024,Reparaciones,,,,del 3 al 6 de julio de 2025,No,Unknown (no location in byline),,
https://www.aalavina.org/revista/septiembre-octubre-2024/que-lujo,¡Qué lujo!,Yes,Septiembre / Octubre,2024,Reparaciones,Yasmin C.,Mansfield,Texas,Las acciones hablan más que las palabras,No,Yes,"Mansfield, Texas",
https://www.aalavina.org/revista/septiembre-octubre-2024/sanando-el-alma,Sanando el alma,Yes,Septiembre / Octubre,2024,Reparaciones,Ana M.,San Francisco,California,Ahora estaba lista para mirar en su interior y comenzar a hacer reparaciones,No,No,"San Francisco, California",
https://www.aalavina.org/revista/julio-agosto-2024/humor-julioagosto-2024,Humor julio/agosto 2024,No,Julio / Agosto,2024,Prisiones,,,,,No,Unknown (no location in byline),,
https://www.aalavina.org/revista/julio-agosto-2024/acerca-del-alcoholismo-julioagosto-2024,Acerca del Alcoholismo julio/agosto 2024,Yes,Julio / Agosto,2024,Prisiones,,,,Mitos y realidades sobre el alcohol,No,Unknown (no location in byline),,
https://www.aalavina.org/revista/julio-agosto-2024/con-un-corazon-humilde,Con un corazón humilde,Yes,Julio / Agosto,2024,Prisiones,Evelia G.,Austin,Texas,Una recaída que le enseña el verdadero significado del amor y del servicio en AA,No,Yes,"Austin, Texas",
https://www.aalavina.org/revista/julio-agosto-2024/pequenos-placeres,Pequeños placeres,Yes,Julio / Agosto,2024,Prisiones,Jaime B.,,,Fue en las salas de AA donde encontró un substituto para su gran problema,No,Unknown (no location in byline),,
https://www.aalavina.org/revista/julio-agosto-2024/el-hoyo-negro,El hoyo negro,Yes,Julio / Agosto,2024,Prisiones,Eduardo P.,Watsonville,California,"Eran esos ""secretos"" que no podía revelar lo que lo mantenían enfermo y aislado",No,No,"Watsonville, California",
https://www.aalavina.org/revista/julio-agosto-2024/dolor-sin-sobriedad,Dolor sin sobriedad,Yes,Julio / Agosto,2024,Prisiones,S.O.,Phoenix,Arizona,Una noticia devastadora sería una prueba más de su gran crecimiento espiritual,No,No,"Phoenix, Arizona",
https://www.aalavina.org/revista/julio-agosto-2024/celebrando-la-sobriedad,Celebrando la sobriedad,Yes,Julio / Agosto,2024,Prisiones,Carol O.,Dallas,Texas,"Los años más satisfactorios de tu existencia están por delante (Libro Grande, pág. 152)",No,Yes,"Dallas, Texas",
https://www.aalavina.org/revista/julio-agosto-2024/todo-pasa,Todo pasa,Yes,Julio / Agosto,2024,Prisiones,Gabriela G.,Houston,Texas,Una mujer y madre alcohólica decide luchar por su vida y esta le devuelve mucho más de lo que nunca hubiese imaginado,No,Yes,"Houston, Texas",
https://www.aalavina.org/revista/julio-agosto-2024/una-dolorosa-obsesion-mental-y-una-solucion-espiritual,Una dolorosa obsesión mental y una solución espiritual,Yes,Julio / Agosto,2024,Prisiones,Raúl J.,Lemon Grove,California,,No,No,"Lemon Grove, California",
https://www.aalavina.org/revista/julio-agosto-2024/mis-verdaderos-amigos,Mis verdaderos amigos,Yes,Julio / Agosto,2024,Prisiones,Dorindo L.,Falls Church,Virginia,"Te unirán a ellos nuevos y excelentes lazos, porque habrán escapado juntos del desastre y, hombro con hombro, iniciarán el camino... (Libro Grande, pág 153 )",No,No,"Falls Church, Virginia",
https://www.aalavina.org/revista/julio-agosto-2024/la-transformacion,La transformación,Yes,Julio / Agosto,2024,Prisiones,Julio R.,San Antonio,Texas,Unas copas que lo liberaban de su timidez y de una realidad que no aceptaba,No,Yes,"San Antonio, Texas",
https://www.aalavina.org/revista/julio-agosto-2024/el-sendero-de-la-vida,El Sendero de la Vida,Yes,Julio / Agosto,2024,Prisiones,José N.,Corona,California,"La felicidad no era el destino, ni el camino, sino la forma de caminar",No,No,"Corona, California",
https://www.aalavina.org/revista/julio-agosto-2024/convencion-internacional-de-aa,Convención Internacional de AA,Yes,Julio / Agosto,2024,Prisiones,,,,del 3 al 6 de julio de 2025,No,Unknown (no location in byline),,
https://www.aalavina.org/revista/julio-agosto-2024/felices-24,¡Felices 24!,Yes,Julio / Agosto,2024,Prisiones,Martin M.,Tucson,Arizona,El significado de vivir un día a la vez,No,No,"Tucson, Arizona",
https://www.aalavina.org/revista/julio-agosto-2024/la-balanza-de-la-vida,La balanza de la vida,Yes,Julio / Agosto,2024,Prisiones,Oscar P.,Irving,Texas,Manteniendo un equilibrio espiritual,No,Yes,"Irving, Texas",
https://www.aalavina.org/revista/julio-agosto-2024/yo-puedo-solo,Yo puedo solo,Yes,Julio / Agosto,2024,Prisiones,Walter A.,Houston,Texas,De la autosuficiencia a la humildad,No,Yes,"Houston, Texas",
https://www.aalavina.org/revista/julio-agosto-2024/octava-tradicion,Octava Tradición,Yes,Julio / Agosto,2024,Prisiones,,,,"AA nunca tendrá carácter profesional, pero nuestros centros de servicio pueden emplear trabajadores especiales.",No,Unknown (no location in byline),,
https://www.aalavina.org/revista/julio-agosto-2024/septima-tradicion,Séptima Tradición,Yes,Julio / Agosto,2024,Prisiones,,,,"Todo grupo de AA debe mantenerse completamente a sí mismo, negándose a recibir contribuciones de afuera.",No,Unknown (no location in byline),,
https://www.aalavina.org/revista/julio-agosto-2024/hagase-su-voluntad-no-la-mia,"Hágase su voluntad, no la mía",Yes,Julio / Agosto,2024,Prisiones,Brenda S.,Córdoba,,"No era creyente, pero no tiene otra opción, y en un momento de desesperación comienza a orar",No,No,Córdoba,
https://www.aalavina.org/revista/julio-agosto-2024/tema-de-discusion-para-reuniones-julago-2024,Tema de discusión para reuniones Jul/Ago 2024,Yes,Julio / Agosto,2024,Prisiones,,,,,No,Unknown (no location in byline),,
https://www.aalavina.org/revista/julio-agosto-2024/detras-de-los-muros,Detrás de los muros,Yes,Julio / Agosto,2024,Prisiones,Juan Ricardo L.,CCI State Prison,California,"Un alcohólico que en prisión encuentra la libertad del espíritu, nos escribe nuevamente con otra gran noticia...",No,No,"CCI State Prison, California",
https://www.aalavina.org/revista/julio-agosto-2024/sano-juicio,Sano Juicio,Yes,Julio / Agosto,2024,Prisiones,José O.,Portland,Oregon,Una segunda oportunidad que le abrió el camino hacia la sobriedad,No,No,"Portland, Oregon",
https://www.aalavina.org/revista/julio-agosto-2024/astuto-desconcertante-y-poderoso,"Astuto, desconcertante y poderoso",Yes,Julio / Agosto,2024,Prisiones,Lucio R.,FCC Florence,Colorado,"Ahora ya no buscaba la solución en la botella, la escuchaba en el mensaje de sus compañeros alcohólicos",No,No,"FCC Florence, Colorado",
https://www.aalavina.org/revista/julio-agosto-2024/de-parranda,De parranda,Yes,Julio / Agosto,2024,Prisiones,Caren U.,CCWF Chowchilla,California,Ahora su vida en sobriedad es una fiesta que nunca termina,No,No,"CCWF Chowchilla, California",
https://www.aalavina.org/revista/julio-agosto-2024/mi-segundo-hogar,Mi segundo hogar,Yes,Julio / Agosto,2024,Prisiones,Isabel S.,Santa Ana,California,"Su grupo, una fuente de vida y esperanza",No,No,"Santa Ana, California",
https://www.aalavina.org/revista/julio-agosto-2024/dejando-la-ira,Dejando la ira,Yes,Julio / Agosto,2024,Prisiones,Efraín A.,Phoenix,Arizona,Cuando el milagro de la recuperación sucede para una familia,No,No,"Phoenix, Arizona",
https://www.aalavina.org/revista/julio-agosto-2024/malas-decisiones,Malas decisiones,Yes,Julio / Agosto,2024,Prisiones,Pedro,Allende,Coahuila,Una condena que termina siendo su camino a la recuperación,No,No,"Allende, Coahuila",
https://www.aalavina.org/revista/julio-agosto-2024/noticias-julioagosto-2024,Noticias julio/agosto 2024,Yes,Julio / Agosto,2024,Prisiones,,,,Grapevine y La Viña pasan a la siguiente fase,No,Unknown (no location in byline),,
https://www.aalavina.org/revista/julio-agosto-2024/cartas-del-lector-julioagosto-2024,Cartas del lector julio/agosto 2024,Yes,Julio / Agosto,2024,Prisiones,,,,,No,Unknown (no location in byline),,
https://www.aalavina.org/revista/julio-agosto-2024/carta-de-bienvenida-julioagosto-2024,Carta de Bienvenida julio/agosto 2024,Yes,Julio / Agosto,2024,Prisiones,,,,,No,Unknown (no location in byline),,
https://www.aalavina.org/revista/mayo-junio-2024/humor-mayojunio-2024,Humor mayo/junio 2024,No,Mayo / Junio,2024,Recaídas,,,,,No,Unknown (no location in byline),,
https://www.aalavina.org/revista/mayo-junio-2024/acerca-del-alcoholismo-mayojunio-2024,Acerca del Alcoholismo mayo/junio 2024,Yes,Mayo / Junio,2024,Recaídas,,,,Mitos y realidades sobre el alcohol,No,Unknown (no location in byline),,
https://www.aalavina.org/revista/mayo-junio-2024/mi-nuevo-patron,Mi nuevo patrón,Yes,Mayo / Junio,2024,Recaídas,Ismael M.,Tucson,Arizona,¿Cómo puedo servirte mejor?,No,No,"Tucson, Arizona",
https://www.aalavina.org/revista/mayo-junio-2024/naufragando,Naufragando,Yes,Mayo / Junio,2024,Recaídas,Angélica G.,Las Vegas,Nevada,,No,No,"Las Vegas, Nevada",
https://www.aalavina.org/revista/mayo-junio-2024/un-gran-despertar,Un gran despertar,Yes,Mayo / Junio,2024,Recaídas,Flor T.,Ensenada,Baja California,La misma carta de un ser amado que le rompe el corazón se convierte en la motivación para reconstruir su vida,No,No,"Ensenada, Baja California",
https://www.aalavina.org/revista/mayo-junio-2024/presente-para-ellos,Presente para ellos,Yes,Mayo / Junio,2024,Recaídas,Elías P.,Moreno Valley,California,Una tragedia familiar que no hubiese podido superar sin el gran apoyo de sus compañeros de AA,No,No,"Moreno Valley, California",
https://www.aalavina.org/revista/mayo-junio-2024/con-dignidad,Con dignidad,Yes,Mayo / Junio,2024,Recaídas,Doris N.,San Diego,California,"Ya no tenía que convencer a nadie, sus acciones hablaban más que sus palabras",No,No,"San Diego, California",
https://www.aalavina.org/revista/mayo-junio-2024/la-union-es-la-fuerza,La unión es la fuerza,Yes,Mayo / Junio,2024,Recaídas,Flor R.,Pacoima,California,,No,No,"Pacoima, California",
https://www.aalavina.org/revista/mayo-junio-2024/la-soberbia,La soberbia,Yes,Mayo / Junio,2024,Recaídas,Shawn E.,San José,California,Un virus que corrompe el alma,No,No,"San José, California",
https://www.aalavina.org/revista/mayo-junio-2024/nuestras-convenciones,Nuestras convenciones,Yes,Mayo / Junio,2024,Recaídas,AANR,New Rochelle,New York,"El compañerismo, la risa, el cariño y la comprensión — amontonados, apretados y rebosantes",No,No,"New Rochelle, New York",
https://www.aalavina.org/revista/mayo-junio-2024/momento-de-cambio,Momento de cambio,Yes,Mayo / Junio,2024,Recaídas,Manuel R.,Mesa,Arizona,"Si hay una buena voluntad, hay un camino",No,No,"Mesa, Arizona",
https://www.aalavina.org/revista/mayo-junio-2024/una-chispa-de-esperanza,Una chispa de esperanza,Yes,Mayo / Junio,2024,Recaídas,Nezib S.,Tigard,Oregon,Cuando una valiente mujer decide soltar las riendas,No,No,"Tigard, Oregon",
https://www.aalavina.org/revista/mayo-junio-2024/un-llamado-divino,Un llamado divino,Yes,Mayo / Junio,2024,Recaídas,Abel L.,Dallas,Texas,Un alcohólico es detenido cuando iba en camino a terminar con su vida... ¿Coincidencia?,No,Yes,"Dallas, Texas",
https://www.aalavina.org/revista/mayo-junio-2024/respirando-gratitud,Respirando gratitud,Yes,Mayo / Junio,2024,Recaídas,Jose L. M.,Vernon Hills,Illinois,Un cambio de vida y una lluvia de bendiciones,No,No,"Vernon Hills, Illinois",
https://www.aalavina.org/revista/mayo-junio-2024/sexta-tradicion,Sexta Tradición,Yes,Mayo / Junio,2024,Recaídas,,,,"Un grupo de A.A. nunca debe respaldar, financiar o prestar el nombre de A.A. a ninguna entidad allegada o empresa ajena, para evitar que los problemas de dinero, propiedad y prestigio nos desvíen de nuestro objetivo primordial.",No,Unknown (no location in byline),,
https://www.aalavina.org/revista/mayo-junio-2024/quinta-tradicion,Quinta Tradición,Yes,Mayo / Junio,2024,Recaídas,,,,"Cada grupo tiene un solo objetivo primordial: llevar el mensaje al alcohólico que aún está sufriendo. No importa qué tan diferentes sean nuestras propias preocupaciones, todos estamos unidos por una RESPONSABILIDAD común… llevar el mensaje al alcohólico que aún sufre.",No,Unknown (no location in byline),,
https://www.aalavina.org/revista/mayo-junio-2024/yo-soy-la-solucion,Yo soy la solución,Yes,Mayo / Junio,2024,Recaídas,Debora S.,Atlanta,Georgia,Un inventario que sería el camino a la liberación y a la sanidad espiritual,No,No,"Atlanta, Georgia",
https://www.aalavina.org/revista/mayo-junio-2024/tema-de-discusion-para-reuniones-marzoabril-2024,Tema de Discusión para Reuniones marzo/abril 2024,Yes,Mayo / Junio,2024,Recaídas,,,,,No,Unknown (no location in byline),,
https://www.aalavina.org/revista/mayo-junio-2024/falsa-seguridad,Falsa seguridad,Yes,Mayo / Junio,2024,Recaídas,Napoleón A.,La Libertad,,Cuando la autosuficiencia es peligrosa,No,No,La Libertad,
https://www.aalavina.org/revista/mayo-junio-2024/lecciones-de-una-recaida,Lecciones de una recaída,Yes,Mayo / Junio,2024,Recaídas,Francisco S.,Gijón,,"“Un espíritu de intolerancia repelería a alcohólicos a quienes podría habérseles salvado la vida...” (Libro Azul, pág. 103)",No,No,Gijón,
https://www.aalavina.org/revista/mayo-junio-2024/borrachera-seca,Borrachera seca,Yes,Mayo / Junio,2024,Recaídas,José R.,Blue Mound,Texas,"El alcohólico es como un huracán rugiente que pasa por las vidas de otros. Se destrozan corazones. Mueren las dulces relaciones (Libro Azul, pág. 82)",No,Yes,"Blue Mound, Texas",
https://www.aalavina.org/revista/mayo-junio-2024/amor-y-servicio,Amor y servicio,Yes,Mayo / Junio,2024,Recaídas,Javier,Lamont,California,,No,No,"Lamont, California",
https://www.aalavina.org/revista/mayo-junio-2024/neurosis,Neurosis,Yes,Mayo / Junio,2024,Recaídas,Marco R.,Santa Ana,California,Una laguna mental que se convierte en un momento de claridad,No,No,"Santa Ana, California",
https://www.aalavina.org/revista/mayo-junio-2024/el-inicio-de-un-gran-peregrinar,El inicio de un gran peregrinar,Yes,Mayo / Junio,2024,Recaídas,José O.,México D.F,,Una vida inundada de alcohol transformada en una vida inundada de bendiciones,No,No,México D.F,
https://www.aalavina.org/revista/mayo-junio-2024/presa-facil,Presa fácil,Yes,Mayo / Junio,2024,Recaídas,Melquiades V.,Santa Ana,California,Nunca imaginó que se convertiría en aquello que tanto había rechazado,No,No,"Santa Ana, California",
https://www.aalavina.org/revista/mayo-junio-2024/el-resucitado,El resucitado,Yes,Mayo / Junio,2024,Recaídas,Eduardo C.,Sonoma,California,Cuando la vida te ofrece una segunda oportunidad,No,No,"Sonoma, California",
https://www.aalavina.org/revista/mayo-junio-2024/cartas-del-lector-mayojunio-2024,Cartas del lector mayo/junio 2024,Yes,Mayo / Junio,2024,Recaídas,,,,,No,Unknown (no location in byline),,
https://www.aalavina.org/revista/mayo-junio-2024/carta-de-bienvenida-mayojunio-2024,Carta de Bienvenida mayo/junio 2024,Yes,Mayo / Junio,2024,Recaídas,,,,,No,Unknown (no location in byline),,
https://www.aalavina.org/magazine/2024/mayo/audio/la-union-hace-la-fuerza,La unión hace la fuerza,Yes,Mayo / Junio,2024,EFE Mujeres en AA Servicio,,,,,Yes,Unknown (no location in byline),,Audio-only entry: the page has the audio player but no article text
https://www.aalavina.org/magazine/2024/mayo/audio/tema-de-discusion-para-reuniones-mayojunio-2024,Tema de Discusión para Reuniones mayo/junio 2024,Yes,Mayo / Junio,2024,,,,,,Yes,Unknown (no location in byline),,"Site shows placeholder text (""Topics Ninguna"") instead of a theme; Audio-only entry: the page has the audio player but no article text"
https://www.aalavina.org/revista/marzo-abril-2024/humor-marzoabril-2024,Humor Marzo/abril 2024,Yes,Marzo / Abril,2024,Cortos,,,,,No,Unknown (no location in byline),,
https://www.aalavina.org/revista/marzo-abril-2024/acerca-del-alcoholismo-marzoabril-2024,Acerca del Alcoholismo Marzo/Abril 2024,Yes,Marzo / Abril,2024,Cortos,,,,,No,Unknown (no location in byline),,
https://www.aalavina.org/revista/marzo-abril-2024/puerto-seguro,Puerto seguro,Yes,Marzo / Abril,2024,Cortos,Cristian O.,Hermosillo,Sonora,"Esa persona que estaba condenada a una muerte alcohólica, hoy es un padre de familia, y un ser íntegro y útil en la sociedad",No,No,"Hermosillo, Sonora",
https://www.aalavina.org/revista/marzo-abril-2024/con-la-llave-de-la-buena-voluntad,Con la llave de la buena voluntad,Yes,Marzo / Abril,2024,Cortos,Raymundo L.,Las Vegas,Nevada,,No,No,"Las Vegas, Nevada",
https://www.aalavina.org/revista/marzo-abril-2024/recuerdos-de-la-pandemia,Recuerdos de la Pandemia,Yes,Marzo / Abril,2024,Cortos,Martin L.,Fresno,California,El amor y el deseo de seguir sobrios reflejados en un taller de escritura de La Viña,No,No,"Fresno, California",
https://www.aalavina.org/revista/marzo-abril-2024/momentos-perdidos,Momentos Perdidos,Yes,Marzo / Abril,2024,Cortos,Pablo G.,Atlanta,Georgia,Agradecido por una nueva vida y la oportunidad de construir nuevas memorias en sobriedad,No,No,"Atlanta, Georgia",
https://www.aalavina.org/revista/marzo-abril-2024/responsabilidad,Responsabilidad,Yes,Marzo / Abril,2024,Cortos,Ramiro M.,Everett,Washington,,No,No,"Everett, Washington",
https://www.aalavina.org/revista/marzo-abril-2024/dolor-del-alma,Dolor del Alma,Yes,Marzo / Abril,2024,Cortos,José Luis A.,Cayey,,Una infancia que lo lleva por un camino de destrucción Los Doce Pasos de AA le muestran el camino a la sobriedad,No,No,Cayey,
https://www.aalavina.org/revista/marzo-abril-2024/edredon-de-sobriedad,Edredón de sobriedad,Yes,Marzo / Abril,2024,Cortos,Nadja F.,Granbury,Texas,"Una nueva vida con retazos de experiencias, esperanza y fortaleza",No,Yes,"Granbury, Texas",
https://www.aalavina.org/revista/marzo-abril-2024/lo-logramos,¡Lo logramos!,Yes,Marzo / Abril,2024,Cortos,Juan Ch.,Phoenix,Arizona,De la derrota a la victoria,No,No,"Phoenix, Arizona",
https://www.aalavina.org/revista/marzo-abril-2024/suenos,Sueños,Yes,Marzo / Abril,2024,Cortos,Victorino M.,Othello,Washington,Sus aspiraciones se ven amenazadas cuando el alcohol comienza a controlar su vida,No,No,"Othello, Washington",
https://www.aalavina.org/revista/marzo-abril-2024/entre-sombras-familiares,Entre sombras familiares,Yes,Marzo / Abril,2024,Cortos,Miguel Z.,Coachella,California,,No,No,"Coachella, California",
https://www.aalavina.org/revista/marzo-abril-2024/la-mejor-inversion-de-mi-vida,La mejor inversión de mi vida,Yes,Marzo / Abril,2024,Cortos,Dolores F.,Bronx,New York,"No podía concebir una vida sin alcohol pero descubre que, con una buena voluntad, siempre hay una forma",No,No,"Bronx, New York",
https://www.aalavina.org/revista/marzo-abril-2024/cuarta-tradicion,Cuarta Tradición,Yes,Marzo / Abril,2024,Cortos,,,,"Cada grupo debe ser autónomo, excepto en asuntos que afecten a otros grupos o a Alcohólicos Anónimos, considerado como un todo",No,Unknown (no location in byline),,
https://www.aalavina.org/revista/marzo-abril-2024/tercera-tradicion,Tercera Tradición,Yes,Marzo / Abril,2024,Cortos,,,,El único requisito para ser miembro de A.A. es querer dejar de beber,No,Unknown (no location in byline),,
https://www.aalavina.org/revista/marzo-abril-2024/creer-no-es-suficiente,Creer no es suficiente,Yes,Marzo / Abril,2024,Cortos,Antonio G.,Bogotá,,Una reflexión sobre el Segundo Paso,No,No,Bogotá,
https://www.aalavina.org/revista/marzo-abril-2024/tema-de-discusion-para-reuniones-marzoabril-2024,Tema de Discusión para Reuniones marzo/abril 2024,Yes,Marzo / Abril,2024,Cortos,,,,,No,Unknown (no location in byline),,
https://www.aalavina.org/revista/marzo-abril-2024/zona-de-confort,Zona de confort,Yes,Marzo / Abril,2024,Cortos,Iván R.,Pacoima,California,"La solución no estaba en aislarse, sino en aprender a conectarse",No,No,"Pacoima, California",
https://www.aalavina.org/revista/marzo-abril-2024/espejo-de-defectos-y-virtudes,Espejo de defectos y virtudes,Yes,Marzo / Abril,2024,Cortos,Julieta C.,Indio,California,Cuando amarse a sí mismo se convierte en el mayor acto de amor,No,No,"Indio, California",
https://www.aalavina.org/revista/marzo-abril-2024/anonimato,Anonimato,Yes,Marzo / Abril,2024,Cortos,Cesar F.,Las Vegas,Nevada,¿Siguiendo el principio de atracción o de promoción?,No,No,"Las Vegas, Nevada",
https://www.aalavina.org/revista/marzo-abril-2024/en-un-pueblo-de-espana,En un pueblo de España,Yes,Marzo / Abril,2024,Cortos,Diana M.,Henderson,Nevada,"El español no era su idioma, pero todos hablaban el lenguaje del corazón",No,No,"Henderson, Nevada",
https://www.aalavina.org/revista/marzo-abril-2024/la-tribuna,La tribuna,Yes,Marzo / Abril,2024,Cortos,Sandra C.,Salt Lake City,Utah,Abriendo el corazón y sanando el alma,No,No,"Salt Lake City, Utah",
https://www.aalavina.org/revista/marzo-abril-2024/extiendele-la-mano,Extiéndele la mano,Yes,Marzo / Abril,2024,Cortos,Rafael A.,Layton,Utah,Reflexionando sorbe nuestro objetivo primordial,No,No,"Layton, Utah",
https://www.aalavina.org/revista/marzo-abril-2024/estabilidad,Estabilidad,Yes,Marzo / Abril,2024,Cortos,Roberto G.,Austin,Texas,Aprendiendo a vivir en armonía,No,Yes,"Austin, Texas",
https://www.aalavina.org/revista/marzo-abril-2024/destruccion,Destrucción,Yes,Marzo / Abril,2024,Cortos,Patricia P.,Guadalajara,Jalisco,Nunca imaginaría que recuperaría las ganas de vivir y encontraría una nueva familia en AA,No,No,"Guadalajara, Jalisco",
https://www.aalavina.org/revista/marzo-abril-2024/atrapada-en-sobriedad,Atrapada en sobriedad,Yes,Marzo / Abril,2024,Cortos,Cristina G.,Guadalajara,Jalisco,El amor que experimenta al llegar a AA sigue creciendo y la sigue motivando,No,No,"Guadalajara, Jalisco",
https://www.aalavina.org/revista/marzo-abril-2024/carrera-alcoholica,Carrera Alcohólica,Yes,Marzo / Abril,2024,Cortos,José G.,Alvarado,Texas,"No podía detenerse, a pesar de las consecuencias",No,Yes,"Alvarado, Texas",
https://www.aalavina.org/revista/marzo-abril-2024/la-vina-en-las-vegas,La Viña en Las Vegas,Yes,Marzo / Abril,2024,Cortos,Leo C.,Las Vegas,Nevada,Recuerdos de un inolvidable aniversario,No,No,"Las Vegas, Nevada",
https://www.aalavina.org/revista/marzo-abril-2024/un-privilegio,Un privilegio,Yes,Marzo / Abril,2024,Cortos,P.N.,Del Valle,Texas,AA como un todo,No,Yes,"Del Valle, Texas",
https://www.aalavina.org/revista/marzo-abril-2024/la-trampa,La Trampa,Yes,Marzo / Abril,2024,Cortos,Roque Jesús,Villahermosa,Tabasco,Nunca imaginó que la búsqueda de placer lo llevaría a perderlo todo,No,No,"Villahermosa, Tabasco",
https://www.aalavina.org/revista/marzo-abril-2024/despertares,Despertares,Yes,Marzo / Abril,2024,Cortos,Omar,San Fernando,California,El valor de contemplar una vida en sobriedad,No,No,"San Fernando, California",
https://www.aalavina.org/revista/marzo-abril-2024/cartas-del-lector-marzoabril-2024,Cartas del lector marzo/abril 2024,Yes,Marzo / Abril,2024,Cortos,,,,,No,Unknown (no location in byline),,
https://www.aalavina.org/revista/marzo-abril-2024/carta-de-bienvenida-marzoabril-2024,Carta de Bienvenida marzo/abril 2024,Yes,Marzo / Abril,2024,Cortos,,,,,No,Unknown (no location in byline),,
https://www.aalavina.org/revista/enero-febrero-2024/la-locura-de-mi-mente,La locura de mi mente,Yes,Enero / Febrero,2024,Nuevos,Francisco R.,Guadalajara,Jalisco,Un camino de destrucción que lo lleva a perder la razón y muchas cosas más,No,No,"Guadalajara, Jalisco",
https://www.aalavina.org/revista/enero-febrero-2024/soy-alcoholico,Soy alcohólico,Yes,Enero / Febrero,2024,Nuevos,Julián C.,San Antonio,Texas,Un primer paso hacia la liberación,No,Yes,"San Antonio, Texas",
https://www.aalavina.org/revista/enero-febrero-2024/extraviado,Extraviado,Yes,Enero / Febrero,2024,Nuevos,Javier V.,Reedley,California,Nunca imaginó que olvidar el camino a casa no sería lo peor que le sucedería,No,No,"Reedley, California",
https://www.aalavina.org/revista/enero-febrero-2024/introspeccion,Introspección,Yes,Enero / Febrero,2024,Nuevos,Gustavo R.,Homeland,California,"Un principiante comienza a despertar, un día a la vez",No,No,"Homeland, California",
https://www.aalavina.org/revista/enero-febrero-2024/una-vision-espiritual,Una visión espiritual,Yes,Enero / Febrero,2024,Nuevos,Alejandro R.,Red Oak,Texas,Rescatado de los mares del alcoholismo,No,Yes,"Red Oak, Texas",
https://www.aalavina.org/revista/enero-febrero-2024/soy-suficiente,Soy suficiente,Yes,Enero / Febrero,2024,Nuevos,Angélica A.,Dallas,Texas,Encontrando la luz a través de la oscuridad,No,Yes,"Dallas, Texas",
https://www.aalavina.org/revista/enero-febrero-2024/cartas-del-lector-enerofebrero-2024,Cartas del Lector Enero/Febrero 2024,Yes,Enero / Febrero,2024,Nuevos,,,,,No,Unknown (no location in byline),,
https://www.aalavina.org/revista/enero-febrero-2024/carta-de-bienvenida-enerofebrero-2024,Carta de Bienvenida enero/febrero 2024,Yes,Enero / Febrero,2024,Nuevos,,,,,No,Unknown (no location in byline),,
https://www.aalavina.org/revista/enero-febrero-2024/humor-enerofebrero-2024,Humor enero/febrero 2024,No,Enero / Febrero,2024,Nuevos,,,,,No,Unknown (no location in byline),,
https://www.aalavina.org/revista/enero-febrero-2024/acerca-del-alcoholismo-enefeb-2024,Acerca del Alcoholismo Ene/Feb 2024,Yes,Enero / Febrero,2024,Nuevos,,,,"Aspectos médicos, legales y sociales del alcoholismo",No,Unknown (no location in byline),,
https://www.aalavina.org/revista/enero-febrero-2024/mi-sentencia,Mi sentencia,Yes,Enero / Febrero,2024,Nuevos,Gilberto,San José,California,"Luego de haber sido condenado a 28 años de prisión, un veterano nos cuenta cómo regresa de la muerte a la vida",No,No,"San José, California",
https://www.aalavina.org/revista/enero-febrero-2024/una-nueva-vision,Una nueva visión,Yes,Enero / Febrero,2024,Nuevos,Rolando R.,Filadelfia,Pensilvania,Los días más satisfactorios de mi existencia estaban por delante. ¡Qué promesa!,No,No,"Filadelfia, Pensilvania",
https://www.aalavina.org/revista/enero-febrero-2024/lagrimas-de-alcohol,Lágrimas de alcohol,Yes,Enero / Febrero,2024,Nuevos,Nicasio C.,Atlanta,Georgia,"Bajo el látigo del alcoholismo llegó a AA, y ahora, a través de la revista, lleva el mensaje de recuperación a otros alcohólicos",No,No,"Atlanta, Georgia",
https://www.aalavina.org/revista/enero-febrero-2024/milagros-en-las-instituciones,Milagros en las instituciones,Yes,Enero / Febrero,2024,Nuevos,Luis Noé R.,Veracruz,,"A pesar de estar condenados, se palpaba la luz de esperanza y la alegría en sus corazones",No,No,Veracruz,
https://www.aalavina.org/revista/enero-febrero-2024/el-lenguaje-del-corazon,El lenguaje del corazón,Yes,Enero / Febrero,2024,Nuevos,Katherine L.,San Jose,California,No había barreras. Todos hablábamos un mismo idioma,No,No,"San Jose, California",
https://www.aalavina.org/revista/enero-febrero-2024/el-ultimo-vagon,El último vagón,Yes,Enero / Febrero,2024,Nuevos,Irma P.,Midvale,Utah,"Saliendo del infierno en el que vivía, se embarca en una aventura espiritual que cambiaría su vida",No,No,"Midvale, Utah",
https://www.aalavina.org/revista/enero-febrero-2024/alcoholica-yo,"¿Alcohólica, yo?",Yes,Enero / Febrero,2024,Nuevos,Ana M.,West Valley,Utah,"Si no aceptaba su debilidad devastadora y todas sus consecuencias, no podría recuperarse",No,No,"West Valley, Utah",
https://www.aalavina.org/revista/enero-febrero-2024/puente-de-comprension,Puente de comprensión,Yes,Enero / Febrero,2024,Nuevos,Belén P.,Othello,Washington,La transformación sucede cuando comienza a escuchar la experiencia de sus compañeros,No,No,"Othello, Washington",
https://www.aalavina.org/revista/enero-febrero-2024/sin-limites,Sin límites,Yes,Enero / Febrero,2024,Nuevos,Mariia M.,Sunnyvale,California,"Cada día se hundía más en los pantanos del alcohol, hasta que alguien le extiende la mano",No,No,"Sunnyvale, California",
https://www.aalavina.org/revista/enero-febrero-2024/mariposa-monarca,Mariposa Monarca,Yes,Enero / Febrero,2024,Nuevos,Génesis,Santa Ana,California,Una luz divina comienza a llenar de colores su vida,No,No,"Santa Ana, California",
https://www.aalavina.org/revista/enero-febrero-2024/un-hogar-sin-alcohol,Un hogar sin alcohol,Yes,Enero / Febrero,2024,Nuevos,Rigo A.,Dallas,Texas,Dejando un camino de destrucción para comenzar uno de reparaciones,No,Yes,"Dallas, Texas",
https://www.aalavina.org/revista/enero-febrero-2024/un-rayo-de-esperanza,Un rayo de esperanza,Yes,Enero / Febrero,2024,Nuevos,Héctor C.,San José,California,"Ya no tenía que adormecer sus emociones, una energía divina lo guiaba",No,No,"San José, California",
https://www.aalavina.org/revista/enero-febrero-2024/la-transformacion,La transformación,Yes,Enero / Febrero,2024,Nuevos,Zenaida B.,Dallas,Texas,"Comienza su recuperación convencida de que “La fe sin obras, está muerta""",No,Yes,"Dallas, Texas",
https://www.aalavina.org/revista/enero-febrero-2024/tema-de-discusion-para-reuniones,Tema de discusión para reuniones,Yes,Enero / Febrero,2024,Nuevos,,,,Un chequeo de las Tradiciones de la revista A.A. Grapevine,No,Unknown (no location in byline),,
https://www.aalavina.org/revista/enero-febrero-2024/segunda-tradicion,Segunda Tradición,Yes,Enero / Febrero,2024,Nuevos,,,,Para el propósito de nuestro grupo solo existe una autoridad fundamental: un Dios amoroso tal como se exprese en la conciencia de nuestro grupo. Nuestros líderes no son más que servidores de confianza. No gobiernan.,No,Unknown (no location in byline),,
https://www.aalavina.org/revista/enero-febrero-2024/primera-tradicion,Primera Tradición,Yes,Enero / Febrero,2024,Nuevos,,,,Nuestro bienestar común debe tener la preferencia: la recuperación personal depende de la unidad de A.A.,No,Unknown (no location in byline),,
https://www.aalavina.org/revista/enero-febrero-2024/una-luz-al-final-del-dia,Una luz al final del día,Yes,Enero / Febrero,2024,Nuevos,Juan R.,Petaluma,California,La tortura alcohólica terminó. Ahora es un hombre libre,No,No,"Petaluma, California",
https://www.aalavina.org/revista/enero-febrero-2024/ausente,Ausente,Yes,Enero / Febrero,2024,Nuevos,Alonso L.,San José,California,Ni las súplicas de su esposa evitaban que escogiera siempre la botella,No,No,"San José, California",
https://www.aalavina.org/revista/enero-febrero-2024/bailando-en-sobriedad,Bailando en sobriedad,Yes,Enero / Febrero,2024,Nuevos,Mariana R-B,Guadalajara,Jalisco,,No,No,"Guadalajara, Jalisco",
https://www.aalavina.org/revista/noviembre-diciembre-2023/prueba,prueba,No,Noviembre / Diciembre,2023,La Alegría de Vivir,,,,una prueba,No,Unknown (no location in byline),,
https://www.aalavina.org/revista/noviembre-diciembre-2023/humor-noviembrediciembre-2023,Humor noviembre/diciembre 2023,No,Noviembre / Diciembre,2023,La Alegría de Vivir,,,,,No,Unknown (no location in byline),,
https://www.aalavina.org/revista/noviembre-diciembre-2023/acerca-del-alcoholismo-noviembrediciembre-2023,Acerca del Alcoholismo noviembre/diciembre 2023,Yes,Noviembre / Diciembre,2023,La Alegría de Vivir,,,,Síndrome de abstinencia al alcohol,No,Unknown (no location in byline),,
https://www.aalavina.org/revista/noviembre-diciembre-2023/una-mirada-de-fe,Una mirada de fe,Yes,Noviembre / Diciembre,2023,La Alegría de Vivir,Miguel A.,San Antonio,Texas,,No,Yes,"San Antonio, Texas",
https://www.aalavina.org/revista/noviembre-diciembre-2023/bajo-la-influencia,Bajo la influencia,Yes,Noviembre / Diciembre,2023,La Alegría de Vivir,Francisco P. “Kiko”,Homeland,California,No se había dado cuenta que ya había pedido el control y que solo no podría recuperarse,No,No,"Homeland, California",
https://www.aalavina.org/revista/noviembre-diciembre-2023/la-pastilla,La pastilla,Yes,Noviembre / Diciembre,2023,La Alegría de Vivir,Victor C.,Bogotá,,Nunca imaginó que esa medicina cambiaría su vida para siempre,No,No,Bogotá,
https://www.aalavina.org/revista/noviembre-diciembre-2023/24-horas,24 horas,Yes,Noviembre / Diciembre,2023,La Alegría de Vivir,Ricardo B.,Dallas,Texas,Aprendiendo a vivir un día a la vez,No,Yes,"Dallas, Texas",
https://www.aalavina.org/revista/noviembre-diciembre-2023/con-una-copa-en-mano,Con una copa en mano,Yes,Noviembre / Diciembre,2023,La Alegría de Vivir,Rene G.,Sanford,Carolina del Norte,Un trago es demasiado y mil no son suficientes,No,No,"Sanford, Carolina del Norte",
https://www.aalavina.org/revista/noviembre-diciembre-2023/fuga-geografica,Fuga geográfica,Yes,Noviembre / Diciembre,2023,La Alegría de Vivir,Ricardo M.,Monte,California,La progresión de su alcoholismo convierte un gran sueño en una pesadilla,No,No,"Monte, California",
https://www.aalavina.org/revista/noviembre-diciembre-2023/caretas,Caretas,Yes,Noviembre / Diciembre,2023,La Alegría de Vivir,Juan Carlos N.,Moses Lake,Washington,Saliendo de un mundo ficticio y entrando a un mundo espiritual,No,No,"Moses Lake, Washington",
https://www.aalavina.org/revista/noviembre-diciembre-2023/un-tesoro,Un tesoro,Yes,Noviembre / Diciembre,2023,La Alegría de Vivir,Ramon C.,Houston,Texas,"Nuestra revista, una cuerda salvavidas",No,Yes,"Houston, Texas",
https://www.aalavina.org/revista/noviembre-diciembre-2023/bancarrota,Bancarrota,Yes,Noviembre / Diciembre,2023,La Alegría de Vivir,Jacobo M.,Los Angeles,California,Ahora está dispuesto a hacer lo que haga falta para librarse de esa despiadada obsesión,No,No,"Los Angeles, California",
https://www.aalavina.org/revista/noviembre-diciembre-2023/circulo-de-amor,Círculo de amor,Yes,Noviembre / Diciembre,2023,La Alegría de Vivir,Marisol G.,Montebello,California,Una mujer alcohólica experimenta la magia de AA en su primera reunión,No,No,"Montebello, California",
https://www.aalavina.org/revista/noviembre-diciembre-2023/la-tierra-prometida,La tierra prometida,Yes,Noviembre / Diciembre,2023,La Alegría de Vivir,Ruben V.,Chicago,Illinois,"Después de sufrir una inimaginable tragedia, el programa le devuelve la fe y la alegría de vivir",No,No,"Chicago, Illinois",
https://www.aalavina.org/revista/noviembre-diciembre-2023/falsas-promesas,Falsas promesas,Yes,Noviembre / Diciembre,2023,La Alegría de Vivir,Salvador G.,Whittier,California,"No solo despertó en una camilla, también despertó en una nueva realidad",No,No,"Whittier, California",
https://www.aalavina.org/revista/noviembre-diciembre-2023/fuga-mental,Fuga mental,Yes,Noviembre / Diciembre,2023,La Alegría de Vivir,Paulina A.,Guadalajara,Jalisco,"A pesar del apoyo de su familia, un día despierta y lo había perdido todo",No,No,"Guadalajara, Jalisco",
https://www.aalavina.org/revista/noviembre-diciembre-2023/autonomia,Autonomía,Yes,Noviembre / Diciembre,2023,La Alegría de Vivir,Chad P.,St. Louis,Missouri,Navegando en las olas de la sobriedad,No,No,"St. Louis, Missouri",
https://www.aalavina.org/revista/noviembre-diciembre-2023/mi-primer-paso,Mi primer paso,Yes,Noviembre / Diciembre,2023,La Alegría de Vivir,José M.,Málaga,,Los cimientos de una nueva vida,No,No,Málaga,
https://www.aalavina.org/revista/noviembre-diciembre-2023/una-nueva-luz,Una nueva luz,Yes,Noviembre / Diciembre,2023,La Alegría de Vivir,Maria Eugenia,Hemet,California,"Mientras más miraba en su interior, más libertad encontraba",No,No,"Hemet, California",
https://www.aalavina.org/revista/noviembre-diciembre-2023/tema-de-discusion-para-reuniones-noviembrediciembre-2023,Tema de discusión para reuniones noviembre/diciembre 2023,Yes,Noviembre / Diciembre,2023,La Alegría de Vivir,,,,,No,Unknown (no location in byline),,
https://www.aalavina.org/revista/noviembre-diciembre-2023/las-galletitas-de-santa,Las Galletitas de Santa,Yes,Noviembre / Diciembre,2023,La Alegría de Vivir,Debora S.,Atlanta,Georgia,"La ilusión de una navidad perfecta se convierte en una pesadilla, pero también en ese momento de claridad que ella necesitaba",No,No,"Atlanta, Georgia",
https://www.aalavina.org/revista/noviembre-diciembre-2023/sereno-moreno,Sereno moreno,Yes,Noviembre / Diciembre,2023,La Alegría de Vivir,Rosendo M.,Murrieta,California,Aprendiendo a controlar las emociones,No,No,"Murrieta, California",
https://www.aalavina.org/revista/noviembre-diciembre-2023/bendita-sobriedad,Bendita sobriedad,Yes,Noviembre / Diciembre,2023,La Alegría de Vivir,Rigo C.,San Pedro,California,Utilizando la llave de la buena voluntad,No,No,"San Pedro, California",
https://www.aalavina.org/revista/noviembre-diciembre-2023/el-brillo-de-la-alegria,El brillo de la alegría,Yes,Noviembre / Diciembre,2023,La Alegría de Vivir,Cireneo S.,Yakima,Washington,De repente su vida empieza a recuperar sus colores,No,No,"Yakima, Washington",
https://www.aalavina.org/revista/noviembre-diciembre-2023/yo-soy-responsable,Yo soy responsable,Yes,Noviembre / Diciembre,2023,La Alegría de Vivir,Mary V.,Fresno,California,Sirviendo con la mano en el corazón,No,No,"Fresno, California",
https://www.aalavina.org/revista/noviembre-diciembre-2023/noticias-de-aa-noviembrediciembre-2023,Noticias de AA noviembre/diciembre 2023,Yes,Noviembre / Diciembre,2023,La Alegría de Vivir,,,,73a Conferencia de Servicios Generales,No,Unknown (no location in byline),,
https://www.aalavina.org/revista/noviembre-diciembre-2023/cartas-del-lector-noviembrediciembre-2023,Cartas del lector noviembre/diciembre 2023,Yes,Noviembre / Diciembre,2023,La Alegría de Vivir,Manuel E.,San Antonio,Texas,Una pieza a la vez,No,Yes,"San Antonio, Texas",
https://www.aalavina.org/revista/noviembre-diciembre-2023/carta-de-bienvenida-noviembrediciembre-2023,Carta de Bienvenida noviembre/diciembre 2023,Yes,Noviembre / Diciembre,2023,La Alegría de Vivir,,,,,No,Unknown (no location in byline),,
https://www.aalavina.org/revista/noviembre-diciembre-2023/incredula,Incrédula,Yes,Noviembre / Diciembre,2023,La Alegría de Vivir,Connie R.,Phoenix,Arizona,Gracias al mensaje de sus compañeros comienza a transformar su vida y a recuperar la fe que había perdido,No,No,"Phoenix, Arizona",
https://www.aalavina.org/revista/septiembre-octubre-2023/humor-septiembreoctubre-2023,Humor Septiembre/Octubre 2023,No,Septiembre / Octubre,2023,Tocando Fondo,,,,,No,Unknown (no location in byline),,
https://www.aalavina.org/revista/septiembre-octubre-2023/acerca-del-alcoholismo-septiembreoctubre-2023,Acerca del Alcoholismo septiembre/octubre 2023,Yes,Septiembre / Octubre,2023,Tocando Fondo,,,,"Aspectos médicos, legales y sociales del alcoholismo",No,Unknown (no location in byline),,
https://www.aalavina.org/revista/septiembre-octubre-2023/resistencia,Resistencia,Yes,Septiembre / Octubre,2023,Tocando Fondo,Carlos Alberto G.,,Jalisco,La aceptación fue la respuesta y lo sigue siendo,No,No,Jalisco,
https://www.aalavina.org/revista/septiembre-octubre-2023/el-latigo-del-alcoholismo,El látigo del alcoholismo,Yes,Septiembre / Octubre,2023,Tocando Fondo,Tapia,Cleburne,Texas,,No,Yes,"Cleburne, Texas",
https://www.aalavina.org/revista/septiembre-octubre-2023/mala-suerte,¿Mala suerte?,Yes,Septiembre / Octubre,2023,Tocando Fondo,Miguel Ch,La Habra,California,No asumía las consecuencias de sus acciones hasta que se ve forzado a tomar una decisión que cambiaría su vida,No,No,"La Habra, California",
https://www.aalavina.org/revista/septiembre-octubre-2023/un-feliz-amanecer,Un feliz amanecer,Yes,Septiembre / Octubre,2023,Tocando Fondo,Cirilo S.,Ambler,Pennsylvania,,No,No,"Ambler, Pennsylvania",
https://www.aalavina.org/revista/septiembre-octubre-2023/resena-de-grupo-virtual,Reseña de Grupo virtual,Yes,Septiembre / Octubre,2023,Tocando Fondo,Magdaleno O.,Santa Cruz,California,Sabían que necesitaban mantenerse conectados y seguir creciendo espiritualmente,No,No,"Santa Cruz, California",
https://www.aalavina.org/revista/septiembre-octubre-2023/detenido,Detenido,Yes,Septiembre / Octubre,2023,Tocando Fondo,Blas A.,Mesa,Arizona,Una consecuencia que sería su boleto de entrada a AA,No,No,"Mesa, Arizona",
https://www.aalavina.org/revista/septiembre-octubre-2023/sano-juicio,Sano Juicio,Yes,Septiembre / Octubre,2023,Tocando Fondo,Guadalupe C.,Fort Worth,Texas,"En el instante que deja de debatir y pelear comienza a ver, a sentir y a creer",No,Yes,"Fort Worth, Texas",
https://www.aalavina.org/revista/septiembre-octubre-2023/atraccion-no-promocion,"Atracción, No Promoción",Yes,Septiembre / Octubre,2023,Tocando Fondo,William R.,Newark,Delaware,Desinflando el ego y abrazando la autoestima,No,No,"Newark, Delaware",
https://www.aalavina.org/revista/septiembre-octubre-2023/mi-nueva-familia,Mi nueva familia,Yes,Septiembre / Octubre,2023,Tocando Fondo,José B.,Evergreen,Colorado,"Creando lazos de unidad, alegría y amor",No,No,"Evergreen, Colorado",
https://www.aalavina.org/revista/septiembre-octubre-2023/la-ultima-cena,La última cena,Yes,Septiembre / Octubre,2023,Tocando Fondo,Anónimo,,California,,No,No,California,
https://www.aalavina.org/revista/septiembre-octubre-2023/un-abrazo-de-esperanza,Un abrazo de esperanza,Yes,Septiembre / Octubre,2023,Tocando Fondo,Yolanda P.,,Jalisco,"El contacto frecuente con recién llegados, y entre unos y otros, es la alegría de nuestras vidas",No,No,Jalisco,
https://www.aalavina.org/revista/septiembre-octubre-2023/las-madrinas,Las madrinas,Yes,Septiembre / Octubre,2023,Tocando Fondo,Karla,Bakersfield,California,Esas mujeres que guían con su ejemplo y amor incondicional,No,No,"Bakersfield, California",
https://www.aalavina.org/revista/septiembre-octubre-2023/mi-nueva-medicina,Mi nueva medicina,Yes,Septiembre / Octubre,2023,Tocando Fondo,Manuel G.,Pontevedra,,Ocurre el milagro y aprende a caminar con su Poder Superior,No,No,Pontevedra,
https://www.aalavina.org/revista/septiembre-octubre-2023/inaccesible,Inaccesible,Yes,Septiembre / Octubre,2023,Tocando Fondo,Primitivo Z.,Wilmington,Delaware,El alcohol seguía cortando lazos importantes en su vida,No,No,"Wilmington, Delaware",
https://www.aalavina.org/revista/septiembre-octubre-2023/mi-sitio-en-aa,Mi sitio en AA,Yes,Septiembre / Octubre,2023,Tocando Fondo,Raúl C.,Portland,Oregon,La magia sucede al extender la mano de otro alcohólico,No,No,"Portland, Oregon",
https://www.aalavina.org/revista/septiembre-octubre-2023/enriqueciendo-el-alma,Enriqueciendo el alma,Yes,Septiembre / Octubre,2023,Tocando Fondo,Irma C.,Pharr,Texas,Una limpieza interior y una lluvia de bendiciones,No,Yes,"Pharr, Texas",
https://www.aalavina.org/revista/septiembre-octubre-2023/providencia-divina,Providencia divina,Yes,Septiembre / Octubre,2023,Tocando Fondo,Flor T.,Baja California,,En AA descubre que un Poder Superior había estado caminando a su lado,No,No,Baja California,
https://www.aalavina.org/revista/septiembre-octubre-2023/tema-de-discusion-septiembreoctubre-2023,Tema de discusión Septiembre/octubre 2023,Yes,Septiembre / Octubre,2023,Tocando Fondo,,,,,No,Unknown (no location in byline),,
https://www.aalavina.org/revista/septiembre-octubre-2023/mis-companeros-de-copas,Mis compañeros de copas,Yes,Septiembre / Octubre,2023,Tocando Fondo,Basilio E.,Enoch,Utah,,No,No,"Enoch, Utah",
https://www.aalavina.org/revista/septiembre-octubre-2023/una-barrera-invisible,Una barrera invisible,Yes,Septiembre / Octubre,2023,Tocando Fondo,Fernando S.,La Paz,,"Ya no podía detenerse, repetía una y otra vez el desesperante experimento de la primera copa",No,No,La Paz,
https://www.aalavina.org/revista/septiembre-octubre-2023/con-una-buena-voluntad,Con una buena voluntad,Yes,Septiembre / Octubre,2023,Tocando Fondo,Cristóbal M.,Spring Valley,New York,Construyendo nuevas memorias y contando las bendiciones de una vida sobria,No,No,"Spring Valley, New York",
https://www.aalavina.org/revista/septiembre-octubre-2023/punto-de-quiebre,Punto de quiebre,Yes,Septiembre / Octubre,2023,Tocando Fondo,Miguel S.,Los Ángeles,California,El poder de la persistencia en la oración,No,No,"Los Ángeles, California",
https://www.aalavina.org/revista/septiembre-octubre-2023/un-angel,Un ángel,Yes,Septiembre / Octubre,2023,Tocando Fondo,Melvin M.,Arleta,California,Lo había perdido todo hasta que su pequeña hija lo lleva a su primera reunión de AA,No,No,"Arleta, California",
https://www.aalavina.org/revista/septiembre-octubre-2023/quiero-parar-y-no-se-como,Quiero parar y no sé cómo,Yes,Septiembre / Octubre,2023,Tocando Fondo,Marcelino G.,San José,California,Ningún esfuerzo personal sería suficiente para controlar su forma de beber,No,No,"San José, California",
https://www.aalavina.org/revista/septiembre-octubre-2023/noticias-de-aa-septiembreoctubre-2023,Noticias de AA septiembre/octubre 2023,Yes,Septiembre / Octubre,2023,Tocando Fondo,,,,“La nueva aplicación del Grapevine y La Viña”,No,Unknown (no location in byline),,
https://www.aalavina.org/revista/septiembre-octubre-2023/cartas-del-lector-septiembreoctubre-2023,Cartas del lector septiembre/octubre 2023,Yes,Septiembre / Octubre,2023,Tocando Fondo,M.M.,Ambler,Pensilvania,,No,No,"Ambler, Pensilvania",
https://www.aalavina.org/revista/septiembre-octubre-2023/carta-de-bienvenida-septiembreoctubre-2023,Carta de Bienvenida septiembre/octubre 2023,Yes,Septiembre / Octubre,2023,Tocando Fondo,,,,Bienvenidos a nuestra edición “Tocando fondo”.,No,Unknown (no location in byline),,
https://www.aalavina.org/revista/septiembre-octubre-2023/un-momento-de-claridad,Un momento de claridad,Yes,Septiembre / Octubre,2023,Tocando Fondo,Johana H.,San José,California,Cansada y enferma de estar cansada y enferma,No,No,"San José, California",
https://www.aalavina.org/revista/julio-agosto-2023/humor-julioagosto-2023,Humor Julio/Agosto 2023,No,Julio / Agosto,2023,AA en las prisiones,,,,,No,Unknown (no location in byline),,
https://www.aalavina.org/revista/julio-agosto-2023/acerca-del-alcoholismo-julioagosto-2023,Acerca del Alcoholismo julio/agosto 2023,Yes,Julio / Agosto,2023,AA en las prisiones,,,,"Aspectos médicos, legales y sociales del alcoholismo",No,Unknown (no location in byline),,
https://www.aalavina.org/revista/julio-agosto-2023/en-los-campos-de-melao,En los campos de Melao,Yes,Julio / Agosto,2023,AA en las prisiones,J. A. S.,,,Un veterano nos deja un legado de esperanza,No,Unknown (no location in byline),,
https://www.aalavina.org/revista/julio-agosto-2023/la-unidad,La unidad,Yes,Julio / Agosto,2023,AA en las prisiones,Blas A.,Mesa,Arizona,Nuestro bienestar común debe tener la preferencia,No,No,"Mesa, Arizona",
https://www.aalavina.org/revista/julio-agosto-2023/la-portada,La portada,Yes,Julio / Agosto,2023,AA en las prisiones,Gabino A.,Phoenix,Arizona,"Leyendo la revista, llega a conocer la verdadera naturaleza de su problema",No,No,"Phoenix, Arizona",
https://www.aalavina.org/revista/julio-agosto-2023/solo-por-hoy,Solo por hoy,Yes,Julio / Agosto,2023,AA en las prisiones,Laura M.,Guadalajara,Jalisco,Canalizando una nueva energía,No,No,"Guadalajara, Jalisco",
https://www.aalavina.org/revista/julio-agosto-2023/un-milagro-de-vida,Un milagro de vida,Yes,Julio / Agosto,2023,AA en las prisiones,Dagoberto H.,San José,California,,No,No,"San José, California",
https://www.aalavina.org/revista/julio-agosto-2023/los-cuenticos,Los cuenticos,Yes,Julio / Agosto,2023,AA en las prisiones,Isaías L.,Newark,Delaware,Llevando el mensaje de esperanza por medio de nuestra revista,No,No,"Newark, Delaware",
https://www.aalavina.org/revista/julio-agosto-2023/mi-destino,Mi destino,Yes,Julio / Agosto,2023,AA en las prisiones,Carlos Alberto G.,Guadalajara,Jalisco,Una bendición disfrazada,No,No,"Guadalajara, Jalisco",
https://www.aalavina.org/revista/julio-agosto-2023/efecto-efervescente,Efecto efervescente,Yes,Julio / Agosto,2023,AA en las prisiones,Anónimo,,,Una alcohólica sin ninguna defensa mental efectiva contra la primera copa,No,Unknown (no location in byline),,
https://www.aalavina.org/revista/julio-agosto-2023/promesas-vacias,Promesas vacías,Yes,Julio / Agosto,2023,AA en las prisiones,José C.,,Washington,Vivía una vida ingobernable llena de juramentos que no podía cumplir,No,No,Washington,
https://www.aalavina.org/revista/julio-agosto-2023/gracias,Gracias,Yes,Julio / Agosto,2023,AA en las prisiones,Margarita A.,Lamont,California,Un corazón lleno de amor y un espíritu de servicio,No,No,"Lamont, California",
https://www.aalavina.org/revista/julio-agosto-2023/un-florecer-espiritual,Un florecer espiritual,Yes,Julio / Agosto,2023,AA en las prisiones,Érica A.,Moreno Valley,California,Milagros también suceden en Alcohólicos Anónimos,No,No,"Moreno Valley, California",
https://www.aalavina.org/revista/julio-agosto-2023/prisionero-de-la-soberbia,Prisionero de la soberbia,Yes,Julio / Agosto,2023,AA en las prisiones,Filogonio F.,Atlanta,Georgia,Aprendiendo a vivir para inspirar y no para impresionar,No,No,"Atlanta, Georgia",
https://www.aalavina.org/revista/julio-agosto-2023/una-pieza-la-vez,Una pieza a la vez,Yes,Julio / Agosto,2023,AA en las prisiones,Anónimo,,,Construyendo una nueva vida,No,Unknown (no location in byline),,
https://www.aalavina.org/revista/julio-agosto-2023/en-el-salvador,En El Salvador,Yes,Julio / Agosto,2023,AA en las prisiones,Santos F.,Corona,California,Regresa a su país con un propósito: Llevar el mensaje a los alcohólicos que aún sufren,No,No,"Corona, California",
https://www.aalavina.org/revista/julio-agosto-2023/el-brebaje,El brebaje,Yes,Julio / Agosto,2023,AA en las prisiones,Felipe H.,Houston,Texas,Bebiendo de una botella embrujada,No,Yes,"Houston, Texas",
https://www.aalavina.org/revista/julio-agosto-2023/resentimientos,Resentimientos,Yes,Julio / Agosto,2023,AA en las prisiones,Silvia,Newark,Delaware,"Había estado no solamente física y mentalmente enferma, sino también espiritualmente",No,No,"Newark, Delaware",
https://www.aalavina.org/revista/julio-agosto-2023/veneno-del-alma,Veneno del alma,Yes,Julio / Agosto,2023,AA en las prisiones,Yvonne G,La Paz,,"Si íbamos a vivir, teníamos que estar libres de la ira",No,No,La Paz,
https://www.aalavina.org/revista/julio-agosto-2023/tema-de-discusion-para-reuniones-julioagosto-2023,Tema de discusión para reuniones julio/agosto 2023,Yes,Julio / Agosto,2023,AA en las prisiones,,,,,No,Unknown (no location in byline),,
https://www.aalavina.org/revista/julio-agosto-2023/renovado,Renovado,Yes,Julio / Agosto,2023,AA en las prisiones,Raúl M.,Arlington,Texas,Descubre una nueva energía que lo impulsa a cambiar su vida,No,Yes,"Arlington, Texas",
https://www.aalavina.org/revista/julio-agosto-2023/no-estoy-solo,No estoy solo,Yes,Julio / Agosto,2023,AA en las prisiones,Aristóteles A.,Nashville,Tennessee,A pesar de enfrentar una cadena perpetua encuentra la oportunidad de regresar la dádiva que un día se le dio,No,No,"Nashville, Tennessee",
https://www.aalavina.org/revista/julio-agosto-2023/el-peleonero,El peleonero,Yes,Julio / Agosto,2023,AA en las prisiones,Octavio B.,Las Vegas,Nevada,"Sus peleas ya no son en las calles, ahora lucha por recuperar a su familia",No,No,"Las Vegas, Nevada",
https://www.aalavina.org/revista/julio-agosto-2023/libertad-espiritual,Libertad espiritual,Yes,Julio / Agosto,2023,AA en las prisiones,Juan R.,Tehachapi,California,Detrás de las rejas encuentra esperanza y la alegría de vivir,No,No,"Tehachapi, California",
https://www.aalavina.org/revista/julio-agosto-2023/encadenado,Encadenado,Yes,Julio / Agosto,2023,AA en las prisiones,Martin L.,Fresno,California,Estando en la cárcel logra romper las cadenas del alcoholismo,No,No,"Fresno, California",
https://www.aalavina.org/revista/julio-agosto-2023/la-carcel-de-mi-mente,La cárcel de mi mente,Yes,Julio / Agosto,2023,AA en las prisiones,Karla Y.,Mission Hills,California,"Liberada de todo lo que le hace daño, comienza a ver los colores de la vida",No,No,"Mission Hills, California",
https://www.aalavina.org/revista/julio-agosto-2023/una-fria-celda,Una fría celda,Yes,Julio / Agosto,2023,AA en las prisiones,Hugo M.,Philadelphia,Pennsylvania,Una bendición disfrazada de tragedia,No,No,"Philadelphia, Pennsylvania",
https://www.aalavina.org/revista/julio-agosto-2023/cartas-del-lector-julioagosto-2023,Cartas del lector julio/agosto 2023,Yes,Julio / Agosto,2023,AA en las prisiones,,,,,No,Unknown (no location in byline),,
https://www.aalavina.org/revista/julio-agosto-2023/carta-de-bienvenida-julioagosto-2023,Carta de Bienvenida julio/agosto 2023,Yes,Julio / Agosto,2023,AA en las prisiones,,,,,No,Unknown (no location in byline),,
https://www.aalavina.org/revista/mayo-junio-2023/el-vacio,El Vacío,Yes,Mayo / Junio,2023,Edición de Recaídas,Norma L.,Mesquite,Texas,Derribando barreras y entrando al mundo del espíritu,No,Yes,"Mesquite, Texas",
https://www.aalavina.org/revista/mayo-junio-2023/descontrolado,Descontrolado,Yes,Mayo / Junio,2023,Edición de Recaídas,M. M.,Homeland,California,Solo un Poder Superior podría devolverle el sano juicio,No,No,"Homeland, California",
https://www.aalavina.org/revista/mayo-junio-2023/mar-de-alcoholismo,Mar de alcoholismo,Yes,Mayo / Junio,2023,Edición de Recaídas,Anónimo,Toronto,Ontario,Nadando hacia un barco seguro,No,No,"Toronto, Ontario",
https://www.aalavina.org/revista/mayo-junio-2023/acusado,Acusado,Yes,Mayo / Junio,2023,Edición de Recaídas,Rufino A.,Mountain View,California,Transformando la culpa en responsabilidad,No,No,"Mountain View, California",
https://www.aalavina.org/revista/mayo-junio-2023/un-florecer-espiritual,Un florecer espiritual,Yes,Mayo / Junio,2023,Edición de Recaídas,Lorenzo R.,Phoenix,Arizona,Construyendo y fomentando la unidad,No,No,"Phoenix, Arizona",
https://www.aalavina.org/revista/mayo-junio-2023/frente-al-juez,Frente al Juez,Yes,Mayo / Junio,2023,Edición de Recaídas,Anónimo,Lynn,Massachusetts,"Sigue los mandatos de un Poder Superior y pronto vivirás en un mundo nuevo y maravilloso, no importa cuál sea tu situación actual",No,No,"Lynn, Massachusetts",
https://www.aalavina.org/revista/mayo-junio-2023/tema-de-discusion-para-reuniones,Tema de Discusión para Reuniones,Yes,Mayo / Junio,2023,Edición de Recaídas,,,,,No,Unknown (no location in byline),,
https://www.aalavina.org/revista/mayo-junio-2023/la-trampa,La trampa,Yes,Mayo / Junio,2023,Edición de Recaídas,Anónimo,Litleton,Colorado,Después de cada promesa terminaba rendido a los pies de una botella,No,No,"Litleton, Colorado",
https://www.aalavina.org/revista/mayo-junio-2023/el-espejo-del-alma,El Espejo del Alma,Yes,Mayo / Junio,2023,Edición de Recaídas,Pedro P.,Reedlev,California,En AA recupera la ilusión de seguir viviendo,No,No,"Reedlev, California",
https://www.aalavina.org/revista/mayo-junio-2023/la-reserva,La reserva,Yes,Mayo / Junio,2023,Edición de Recaídas,José F.,Homeland,California,"Después de cierto tiempo empeoramos, nunca mejoramos",No,No,"Homeland, California",
https://www.aalavina.org/revista/mayo-junio-2023/me-la-crei,Me la creí,Yes,Mayo / Junio,2023,Edición de Recaídas,Julio G.,Los Ángeles,California,Su vida comienza a cambiar cuando decide trabajar el programa... sin reservas,No,No,"Los Ángeles, California",
https://www.aalavina.org/revista/mayo-junio-2023/el-valor-del-tiempo,El Valor del Tiempo,Yes,Mayo / Junio,2023,Edición de Recaídas,German R.,Longview,Texas,Encerrado en la botella y desconectado de la realidad,No,Yes,"Longview, Texas",
https://www.aalavina.org/revista/mayo-junio-2023/convencida,¿Convencida?,Yes,Mayo / Junio,2023,Edición de Recaídas,E. M.,San Antonio,Texas,Su obsesión mental continúa llevándola al encierro y la soledad,No,Yes,"San Antonio, Texas",
https://www.aalavina.org/revista/mayo-junio-2023/cartas-del-lector-mayojunio-2023,Cartas del lector mayo/junio 2023,Yes,Mayo / Junio,2023,Edición de Recaídas,,,,,No,Unknown (no location in byline),,
https://www.aalavina.org/revista/mayo-junio-2023/carta-de-bienvenida-mayojunio-2023,Carta de Bienvenida mayo/junio 2023,Yes,Mayo / Junio,2023,Edición de Recaídas,,,,,No,Unknown (no location in byline),,
https://www.aalavina.org/revista/mayo-junio-2023/humor-mayojunio-2023,Humor mayo/junio 2023,No,Mayo / Junio,2023,Edición de Recaídas,,,,,No,Unknown (no location in byline),,
https://www.aalavina.org/revista/mayo-junio-2023/acerca-del-alcoholismo-mayojunio-2023,Acerca del Alcoholismo mayo/junio 2023,Yes,Mayo / Junio,2023,Edición de Recaídas,,,,Trastornos y peligros por el consumo de alcohol,No,Unknown (no location in byline),,
https://www.aalavina.org/revista/mayo-junio-2023/lecciones,Lecciones,Yes,Mayo / Junio,2023,Edición de Recaídas,José R.,Cartago,,"Con cuarenta y dos años de sobriedad, un veterano insiste absolutamente en disfrutar la vida",No,No,Cartago,
https://www.aalavina.org/revista/mayo-junio-2023/la-botella-y-yo,La botella y yo,Yes,Mayo / Junio,2023,Edición de Recaídas,Becky G.,,,El abrazo del grupo la motiva a seguir viniendo,No,Unknown (no location in byline),,
https://www.aalavina.org/revista/mayo-junio-2023/sin-rumbo,Sin rumbo,Yes,Mayo / Junio,2023,Edición de Recaídas,Martín J.,Moreno Valley,California,Encontrando el camino de la espiritualidad,No,No,"Moreno Valley, California",
https://www.aalavina.org/revista/mayo-junio-2023/una-aventura,Una Aventura,Yes,Mayo / Junio,2023,Edición de Recaídas,Verónica C.,Castaic,California,La magia de servir en Alcohólicos Anónimos,No,No,"Castaic, California",
https://www.aalavina.org/revista/mayo-junio-2023/direccion-divina,Dirección Divina,Yes,Mayo / Junio,2023,Edición de Recaídas,Alberto M.,Santa Ana,California,Mediante el servicio aprende a alinear su voluntad con la de un Poder Superior,No,No,"Santa Ana, California",
https://www.aalavina.org/revista/mayo-junio-2023/nace-un-distrito,Nace un distrito,Yes,Mayo / Junio,2023,Edición de Recaídas,Nicolás S.,Atlanta,Georgia,Sirviendo a Dios a través de Alcohólicos Anónimos,No,No,"Atlanta, Georgia",
https://www.aalavina.org/revista/mayo-junio-2023/por-mi-hermano,Por mi hermano,Yes,Mayo / Junio,2023,Edición de Recaídas,Francisco O,Dallas,Texas,"Asistiendo al grupo llega a entender que son muchos los llamados, pero pocos los decididos",No,Yes,"Dallas, Texas",
https://www.aalavina.org/revista/mayo-junio-2023/liberado-de-mis-ataduras,Liberado de mis ataduras,Yes,Mayo / Junio,2023,Edición de Recaídas,Mario A.,Las Vegas,Nevada,Vamos a conocer una libertad y una felicidad nuevas,No,No,"Las Vegas, Nevada",
https://www.aalavina.org/revista/mayo-junio-2023/las-rodillas-del-corazon,Las rodillas del corazón,Yes,Mayo / Junio,2023,Edición de Recaídas,Ramón C.,Delano,California,"Derrotado y sin esperanzas, mira al cielo y le pide a su Poder Superior una señal",No,No,"Delano, California",
https://www.aalavina.org/revista/mayo-junio-2023/contenida,Contenida,Yes,Mayo / Junio,2023,Edición de Recaídas,Marosa R.,Gladewater,Texas,"Aprendiendo a responder, no a reaccionar",No,Yes,"Gladewater, Texas",
https://www.aalavina.org/revista/mayo-junio-2023/una-nueva-vida,Una nueva vida,Yes,Mayo / Junio,2023,Edición de Recaídas,María C.,San José,California,Sembrando raíces en sobriedad,No,No,"San José, California",
https://www.aalavina.org/revista/marzo-abril-2023/humor-marzoabril-2023,Humor marzo/abril 2023,No,Marzo / Abril,2023,Edición de Nuevos,,,,,No,Unknown (no location in byline),,
https://www.aalavina.org/revista/marzo-abril-2023/acerca-del-alcoholismo-marzoabril-2023,Acerca del alcoholismo marzo/abril 2023,Yes,Marzo / Abril,2023,Edición de Nuevos,,,,,No,Unknown (no location in byline),,
https://www.aalavina.org/revista/marzo-abril-2023/el-esceptico,El escéptico,Yes,Marzo / Abril,2023,Edición de Nuevos,Héctor O.,Veracruz,,¿Quién pudo hacerlo sino un Poder Superior?,No,No,Veracruz,
https://www.aalavina.org/revista/marzo-abril-2023/yo-tambien-fui-nuevo-en-aa,Yo también fui nuevo en AA,Yes,Marzo / Abril,2023,Edición de Nuevos,René V.,,,,No,Unknown (no location in byline),,
https://www.aalavina.org/revista/marzo-abril-2023/mi-amigo-el-servicio,Mi amigo el servicio,Yes,Marzo / Abril,2023,Edición de Nuevos,José R.,Cartago,,Cuando servir se convierte en una necesidad vital,No,No,Cartago,
https://www.aalavina.org/revista/marzo-abril-2023/un-ser-de-servicio,Un ser de servicio,Yes,Marzo / Abril,2023,Edición de Nuevos,Diana M.,Henderson,Nevada,"Dijo “Sí puedo” al servicio, y la recompensa fue una experiencia más allá de toda medida",No,No,"Henderson, Nevada",
https://www.aalavina.org/revista/marzo-abril-2023/mis-herramientas-espirituales,Mis herramientas espirituales,Yes,Marzo / Abril,2023,Edición de Nuevos,Adrian,Cali,,Un miembro agradece a La Viña por ser una valiosa herramienta para la recuperación,No,No,Cali,
https://www.aalavina.org/revista/marzo-abril-2023/el-diagnostico,El diagnóstico,Yes,Marzo / Abril,2023,Edición de Nuevos,Carlos V.,Tempe,Arizona,No podía admitir su enfermedad hasta que su hijo de doce años lo graba borracho,No,No,"Tempe, Arizona",
https://www.aalavina.org/revista/marzo-abril-2023/campeon-de-recaidas,Campeón de recaídas,Yes,Marzo / Abril,2023,Edición de Nuevos,"Luis, AANR",Bronx,New York,"Sale de una reunión convencido que era alcohólico, pero Don Alcohol tenía otros planes...",No,No,"Bronx, New York",
https://www.aalavina.org/revista/marzo-abril-2023/el-espejo,El espejo,Yes,Marzo / Abril,2023,Edición de Nuevos,Helen (La Cubana),San Antonio,Texas,"Su imagen había cambiado, alguien la miraba con amor",No,Yes,"San Antonio, Texas",
https://www.aalavina.org/revista/marzo-abril-2023/una-nueva-vida,Una nueva vida,Yes,Marzo / Abril,2023,Edición de Nuevos,Telesforo R.,South Philadelphia,Philadelphia,Un salto de fe resulta en una nueva libertad y una nueva felicidad,No,No,"South Philadelphia, Philadelphia",
https://www.aalavina.org/revista/marzo-abril-2023/el-miedo-y-la-fe,El miedo y la fe,Yes,Marzo / Abril,2023,Edición de Nuevos,"R.,",Madrid,,"Sin darse cuenta, la luz de la fe comienza a iluminar su camino",No,No,Madrid,
https://www.aalavina.org/revista/marzo-abril-2023/un-instrumento-efectivo-de-persuasion,Un instrumento efectivo de persuasión,Yes,Marzo / Abril,2023,Edición de Nuevos,Demetrio R.,Salem,Oregón,,No,No,"Salem, Oregón",
https://www.aalavina.org/revista/marzo-abril-2023/en-las-garras-de-la-muerte,En las garras de la muerte,Yes,Marzo / Abril,2023,Edición de Nuevos,Alfredo R.,Atlanta,Georgia,"Tomaba pensando que se iban a acabar las botellas, sin darme cuenta que era mi vida lo que se iba acabando",No,No,"Atlanta, Georgia",
https://www.aalavina.org/revista/marzo-abril-2023/conciencia-de-grupo,Conciencia de grupo,Yes,Marzo / Abril,2023,Edición de Nuevos,Ana S.,Gijón,,"Somos servidores, no gobernamos",No,No,Gijón,
https://www.aalavina.org/revista/marzo-abril-2023/mi-gran-responsabilidad,Mi gran responsabilidad,Yes,Marzo / Abril,2023,Edición de Nuevos,José G.,Corona,California,"La honestidad, el principio del cambio",No,No,"Corona, California",
https://www.aalavina.org/revista/marzo-abril-2023/el-perfecto-paso,El perfecto paso,Yes,Marzo / Abril,2023,Edición de Nuevos,Ana F.,Gijón,,"A veces rápidamente, a veces lentamente",No,No,Gijón,
https://www.aalavina.org/revista/marzo-abril-2023/tema-de-discusion-para-reuniones,Tema de discusión para reuniones,Yes,Marzo / Abril,2023,Edición de Nuevos,,,,,No,Unknown (no location in byline),,
https://www.aalavina.org/revista/marzo-abril-2023/sigo-escuchando,Sigo escuchando,Yes,Marzo / Abril,2023,Edición de Nuevos,Luis Ángel,Carolina,Puerto Rico,"Con humildad y una mente abierta, comienza su camino de recuperación",No,No,"Carolina, Puerto Rico",
https://www.aalavina.org/revista/marzo-abril-2023/aprendiendo-amarme,Aprendiendo a amarme,Yes,Marzo / Abril,2023,Edición de Nuevos,Karol H.,Dallas,Texas,Fue ayudando a otra alcohólica cuando empieza a encontrarse a sí misma,No,Yes,"Dallas, Texas",
https://www.aalavina.org/revista/marzo-abril-2023/mi-barco-seguro,Mi barco seguro,Yes,Marzo / Abril,2023,Edición de Nuevos,Fidel,Exeter,California,Nadie imaginaba que su mayor deseo era poder dejar la bebida,No,No,"Exeter, California",
https://www.aalavina.org/revista/marzo-abril-2023/atrapada,Atrapada,Yes,Marzo / Abril,2023,Edición de Nuevos,Selena F.,Denver,Colorado,"Libre, al fin, de su propio encadenamiento",No,No,"Denver, Colorado",
https://www.aalavina.org/revista/marzo-abril-2023/mi-peor-borrachera,Mi peor borrachera,Yes,Marzo / Abril,2023,Edición de Nuevos,Luis H.,San José,California,Y llegó el día en que no podía seguir sin ese trago de la mañana…,No,No,"San José, California",
https://www.aalavina.org/revista/marzo-abril-2023/un-renacer-espiritual,Un renacer espiritual,Yes,Marzo / Abril,2023,Edición de Nuevos,Orlando,La Paz,,Su fondo lo lleva a entender que AA es más que dejar de beber y comienza a poner orden en su vida,No,No,La Paz,
https://www.aalavina.org/revista/marzo-abril-2023/cartas-del-lector-marzoabril-2023,Cartas del lector marzo/abril 2023,Yes,Marzo / Abril,2023,Edición de Nuevos,,,,,No,Unknown (no location in byline),,
https://www.aalavina.org/revista/marzo-abril-2023/carta-de-bienvenida-marzoabril-2023,Carta de Bienvenida marzo/abril 2023,Yes,Marzo / Abril,2023,Edición de Nuevos,,,,,No,Unknown (no location in byline),,
https://www.aalavina.org/revista/enero-febrero-2023/humor-enerofebrero-2023,Humor enero/febrero 2023,No,Enero / Febrero,2023,Un Poder Superior,,,,,No,Unknown (no location in byline),,
https://www.aalavina.org/revista/enero-febrero-2023/acerca-del-alcoholismo-enerofebrero-2023,Acerca del alcoholismo enero/febrero 2023,Yes,Enero / Febrero,2023,Un Poder Superior,,,,Los patrones de consumo de alcohol varían según la edad y el sexo,No,Unknown (no location in byline),,
https://www.aalavina.org/revista/enero-febrero-2023/un-gran-tesoro,Un gran tesoro,Yes,Enero / Febrero,2023,Un Poder Superior,Esteban C.,Austin,Texas,"En 1995, temblando de emoción, comienza a repartir la primera revista de La Viña",No,Yes,"Austin, Texas",
https://www.aalavina.org/revista/enero-febrero-2023/un-corazon-de-servicio,Un corazón de servicio,Yes,Enero / Febrero,2023,Un Poder Superior,Lázaro B.,Phoenix,Arizona,"Con alegría y un corazón agradecido, un miembro narra su experiencia sirviendo en la comunidad",No,No,"Phoenix, Arizona",
https://www.aalavina.org/revista/enero-febrero-2023/el-mejor-dia-de-mi-vida,El mejor día de mi vida,Yes,Enero / Febrero,2023,Un Poder Superior,Javier A.,,Guanajuato,El programa le da las herramientas para enfrentar cualquier desafío que la vida le presente,No,No,Guanajuato,
https://www.aalavina.org/revista/enero-febrero-2023/una-chispa-de-conciencia,Una chispa de conciencia,Yes,Enero / Febrero,2023,Un Poder Superior,Manuel H.,San Diego,California,"Cuando su única salida es quitarse la vida, escucha una voz interna que lo guía al camino de la recuperación",No,No,"San Diego, California",
https://www.aalavina.org/revista/enero-febrero-2023/atrapado,Atrapado,Yes,Enero / Febrero,2023,Un Poder Superior,Ever C.,Houston,Texas,"Liberado de su propio encadenamiento, comienza a contar sus bendiciones",No,Yes,"Houston, Texas",
https://www.aalavina.org/revista/enero-febrero-2023/quien-sufrio-mas,¿Quién sufrió más?,Yes,Enero / Febrero,2023,Un Poder Superior,Oscar M.,Medellín,,Reparando relaciones retorcidas,No,No,Medellín,
https://www.aalavina.org/revista/enero-febrero-2023/la-decision,La decisión,Yes,Enero / Febrero,2023,Un Poder Superior,Juan G.,Dallas,Texas,El amor a su madre le inspira a cambiar su vida,No,Yes,"Dallas, Texas",
https://www.aalavina.org/revista/enero-febrero-2023/feliz-sobriedad,Feliz sobriedad,Yes,Enero / Febrero,2023,Un Poder Superior,Teresa M.,Salt Lake City,Utah,Una compañera describe el crecimiento y la recuperacion que puede ocurrir a través del servicio.,No,No,"Salt Lake City, Utah",
https://www.aalavina.org/revista/enero-febrero-2023/el-peor-encierro,El peor encierro,Yes,Enero / Febrero,2023,Un Poder Superior,Anna L.,San José,California,Lo que andaba buscando no se encontraba fuera sino dentro de sí misma,No,No,"San José, California",
https://www.aalavina.org/revista/enero-febrero-2023/sintomas-malignos,Síntomas malignos,Yes,Enero / Febrero,2023,Un Poder Superior,Francisco M.,Sonora,,Descubre que no hay brujería que pueda curar su alcoholismo,No,No,Sonora,
https://www.aalavina.org/revista/enero-febrero-2023/la-revelacion,La revelación,Yes,Enero / Febrero,2023,Un Poder Superior,Luis C.,Ciudad de México,,¿Miedo a la muerte o miedo a vivir?,No,No,Ciudad de México,
https://www.aalavina.org/revista/enero-febrero-2023/una-segunda-oportunidad,Una segunda oportunidad,Yes,Enero / Febrero,2023,Un Poder Superior,Miguel C.,Zillah,Washington,,No,No,"Zillah, Washington",
https://www.aalavina.org/revista/enero-febrero-2023/instinto-social-amenazado,Instinto social amenazado,Yes,Enero / Febrero,2023,Un Poder Superior,Guillermo G.,Ciudad de México,,Su tortura alcohólica termina cuando comienza a seguir la luz de los principios de AA,No,No,Ciudad de México,
https://www.aalavina.org/revista/enero-febrero-2023/no-olvidemos-nuestras-tradiciones,No olvidemos nuestras Tradiciones,Yes,Enero / Febrero,2023,Un Poder Superior,Víctor T.,Riverside,California,“Es mucho mejor que hagamos una cosa bien que muchas cosas mal” (Dr. Bob),No,No,"Riverside, California",
https://www.aalavina.org/revista/enero-febrero-2023/hacia-adentro,Hacia adentro,Yes,Enero / Febrero,2023,Un Poder Superior,José G.,,,Cada mañana ofrece a los que le rodean la mejor versión de sí mismo,No,Unknown (no location in byline),,
https://www.aalavina.org/revista/enero-febrero-2023/tema-de-discusion-para-reuniones-enerofebrero-2023,Tema de discusión para reuniones enero/febrero 2023,Yes,Enero / Febrero,2023,Un Poder Superior,,,,,No,Unknown (no location in byline),,
https://www.aalavina.org/revista/enero-febrero-2023/el-perdon,El perdón,Yes,Enero / Febrero,2023,Un Poder Superior,Fernando C.,Salt Lake City,Utah,Gracias a su programa desaparece el rencor y comienza a ver la vida con amor en el corazón,No,No,"Salt Lake City, Utah",
https://www.aalavina.org/revista/enero-febrero-2023/un-poder-superior,Un poder superior,Yes,Enero / Febrero,2023,Un Poder Superior,Manuel S.,San Antonio,Texas,Cuando un alcohólico descubre ese poder que empieza a transformar su vida,No,Yes,"San Antonio, Texas",
https://www.aalavina.org/revista/enero-febrero-2023/una-humilde-conviccion,Una humilde convicción,Yes,Enero / Febrero,2023,Un Poder Superior,Oscar G.,Ciudad de México,,,No,No,Ciudad de México,
https://www.aalavina.org/revista/enero-febrero-2023/despertares-espirituales,Despertares espirituales,Yes,Enero / Febrero,2023,Un Poder Superior,Luis M.,Houston,Texas,El camino hacia la luz,No,Yes,"Houston, Texas",
https://www.aalavina.org/revista/enero-febrero-2023/ateo,Ateo,Yes,Enero / Febrero,2023,Un Poder Superior,Jorge G.,Phoenix,Arizona,¿Hay lugar para mí en AA?,No,No,"Phoenix, Arizona",
https://www.aalavina.org/revista/enero-febrero-2023/volver-nacer,Volver a nacer,Yes,Enero / Febrero,2023,Un Poder Superior,José P.,San Diego,California,"Cuando creía que su única opción era el suicidio, escucha la voz de la esperanza y recibe el milagro de la recuperación.",No,No,"San Diego, California",
https://www.aalavina.org/revista/enero-febrero-2023/noticias-de-aa-enerofebrero-2023,Noticias de AA enero/febrero 2023,Yes,Enero / Febrero,2023,Un Poder Superior,,,,¡Convención Internacional de AA!,No,Unknown (no location in byline),,
https://www.aalavina.org/revista/enero-febrero-2023/cartas-del-lector-enerofebrero-2023,Cartas del lector enero/febrero 2023,Yes,Enero / Febrero,2023,Un Poder Superior,,,,,No,Unknown (no location in byline),,
https://www.aalavina.org/revista/enero-febrero-2023/carta-de-bienvenida-enerofebrero-2023,Carta de Bienvenida enero/febrero 2023,Yes,Enero / Febrero,2023,Un Poder Superior,,,,,No,Unknown (no location in byline),,
https://www.aalavina.org/revista/noviembre-diciembre-2022/cartas-del-lector-noviembrediciembre-2022,Cartas del lector noviembre/diciembre 2022,Yes,Noviembre / Diciembre,2022,Cortos de La Viña,,,,,No,Unknown (no location in byline),,
https://www.aalavina.org/revista/noviembre-diciembre-2022/humor-noviembrediciembre-2022,Humor noviembre/diciembre 2022,No,Noviembre / Diciembre,2022,Cortos de La Viña,,,,,No,Unknown (no location in byline),,
https://www.aalavina.org/revista/noviembre-diciembre-2022/acerca-del-alcoholismo-noviembrediciembre-2022,Acerca del alcoholismo noviembre/diciembre 2022,Yes,Noviembre / Diciembre,2022,Cortos de La Viña,,,,El consumo de alcohol entre adolescentes disminuye durante la pandemia,No,Unknown (no location in byline),,
https://www.aalavina.org/revista/noviembre-diciembre-2022/el-legado-de-servicio,El legado de servicio,Yes,Noviembre / Diciembre,2022,Cortos de La Viña,Ramiro R.,Mesa,Arizona,Su recuperación depende de un estilo de vida altruista,No,No,"Mesa, Arizona",
https://www.aalavina.org/revista/noviembre-diciembre-2022/no-es-de-repente,No es de repente,Yes,Noviembre / Diciembre,2022,Cortos de La Viña,Carlos C.,San Antonio,Texas,El bienestar emocional requiere de acciones constantes y regulares,No,Yes,"San Antonio, Texas",
https://www.aalavina.org/revista/noviembre-diciembre-2022/camino-del-destino-feliz,Camino del destino feliz,Yes,Noviembre / Diciembre,2022,Cortos de La Viña,Jake,Lima,,Reflexionando sobre el viaje de un alcohólico en recuperación,No,No,Lima,
https://www.aalavina.org/revista/noviembre-diciembre-2022/aa-multiplica,AA multiplica,Yes,Noviembre / Diciembre,2022,Cortos de La Viña,Alejandra A.,,,Un día a la vez es una riqueza incomparable para los alcohólicos,No,Unknown (no location in byline),,
https://www.aalavina.org/revista/noviembre-diciembre-2022/el-amor-propio,El amor propio,Yes,Noviembre / Diciembre,2022,Cortos de La Viña,Laura O.,San José,California,"Su recuperación incluye la fe de que hasta en momentos difíciles, no está sola",No,No,"San José, California",
https://www.aalavina.org/revista/noviembre-diciembre-2022/no-podia-celebrar-sobrio,No podía celebrar sobrio,Yes,Noviembre / Diciembre,2022,Cortos de La Viña,Ronny F.,Las Vegas,Nevada,"Su fondo no fue hasta después del Año Nuevo, a pesar de los esfuerzos de sus compañeros",No,No,"Las Vegas, Nevada",
https://www.aalavina.org/revista/noviembre-diciembre-2022/fuera-de-toda-ayuda-humana,Fuera de toda ayuda humana,Yes,Noviembre / Diciembre,2022,Cortos de La Viña,Lázaro B.,Phoenix,Arizona,"El amor de su esposa no fue capaz de prevenir su enfermedad alcohólica, solo con AA y un Poder Superior pudo reconstruir su vida",No,No,"Phoenix, Arizona",
https://www.aalavina.org/revista/noviembre-diciembre-2022/el-inventario-diario,El inventario diario,Yes,Noviembre / Diciembre,2022,Cortos de La Viña,Guillermo A.,,Puerto Rico,"La práctica regular de este paso le ayuda a ser consciente de defectos errantes en su día a día, antes de que se vuelvan serios problemas",No,No,Puerto Rico,
https://www.aalavina.org/revista/noviembre-diciembre-2022/tema-de-discusion-para-reuniones-de-noviembrediciembre-2022,Tema de discusión para reuniones de noviembre/diciembre 2022,Yes,Noviembre / Diciembre,2022,Cortos de La Viña,,,,,No,Unknown (no location in byline),,
https://www.aalavina.org/revista/noviembre-diciembre-2022/con-los-pasos-firmes,Con los pasos firmes,Yes,Noviembre / Diciembre,2022,Cortos de La Viña,C. R.,San Antonio,Texas,"Aunque a veces la vida es difícil, hoy día no tiene que huir y puede disfrutar cada día",No,Yes,"San Antonio, Texas",
https://www.aalavina.org/revista/noviembre-diciembre-2022/servicio-en-la-oficina-intergrupal,Servicio en la Oficina Intergrupal,Yes,Noviembre / Diciembre,2022,Cortos de La Viña,Guario R.,Los Ángeles,California,,No,No,"Los Ángeles, California",
https://www.aalavina.org/revista/noviembre-diciembre-2022/un-viento-de-cambio,Un viento de cambio,Yes,Noviembre / Diciembre,2022,Cortos de La Viña,Andrés V.,Santiago de Chile,,"A las orillas del río Maipo, en Chile, cae de rodillas en oración al cielo, y sucede un milagro",No,No,Santiago de Chile,
https://www.aalavina.org/revista/noviembre-diciembre-2022/como-toro-sin-jinete,Como toro sin jinete,Yes,Noviembre / Diciembre,2022,Cortos de La Viña,Mauro H.,Othello,Washington,El alcoholismo es un enemigo fatal y poderoso,No,No,"Othello, Washington",
https://www.aalavina.org/revista/noviembre-diciembre-2022/sin-excusas,Sin excusas,Yes,Noviembre / Diciembre,2022,Cortos de La Viña,Gustavo C.,Phoenix,Arizona,Estaba a punto de perderlo todo si no aceptaba su enfermedad,No,No,"Phoenix, Arizona",
https://www.aalavina.org/revista/noviembre-diciembre-2022/un-juego-espiritual,Un juego espiritual,Yes,Noviembre / Diciembre,2022,Cortos de La Viña,José A.,Cayey,Puerto Rico,,No,No,"Cayey, Puerto Rico",
https://www.aalavina.org/revista/noviembre-diciembre-2022/motivacion,Motivación,Yes,Noviembre / Diciembre,2022,Cortos de La Viña,Manuel E.,San Antonio,Texas,,No,Yes,"San Antonio, Texas",
https://www.aalavina.org/revista/noviembre-diciembre-2022/un-fondo-solitario,Un fondo solitario,Yes,Noviembre / Diciembre,2022,Cortos de La Viña,Maricruz.,San José,California,"Al perder sus hijos, ya no tenía ganas de vivir, hasta que le pasaron el mensaje de AA",No,No,"San José, California",
https://www.aalavina.org/revista/noviembre-diciembre-2022/seis-promesas,Seis promesas,Yes,Noviembre / Diciembre,2022,Cortos de La Viña,Ángel L.,Arlington,Texas,,No,Yes,"Arlington, Texas",
https://www.aalavina.org/revista/noviembre-diciembre-2022/amor-duro,Amor duro,Yes,Noviembre / Diciembre,2022,Cortos de La Viña,Pedro S.,Arequipa,,"Su papá lo echa de casa por borracho, pero también le ayuda a buscar una solución",No,No,Arequipa,
https://www.aalavina.org/revista/noviembre-diciembre-2022/una-falsa-ilusion,Una falsa ilusión,Yes,Noviembre / Diciembre,2022,Cortos de La Viña,José M.,San Antonio,Texas,El efecto del alcohol solo parecía darle alivio al principio,No,Yes,"San Antonio, Texas",
https://www.aalavina.org/revista/noviembre-diciembre-2022/noche-buena,Noche buena,Yes,Noviembre / Diciembre,2022,Cortos de La Viña,Alberto S.,Philadelphia,Pennsylvania,,No,No,"Philadelphia, Pennsylvania",
https://www.aalavina.org/revista/noviembre-diciembre-2022/cortando-cadenas,Cortando cadenas,Yes,Noviembre / Diciembre,2022,Cortos de La Viña,Juan B.,Dallas,Texas,El apadrinamiento le enseñó las herramientas para encontrar el perdón,No,Yes,"Dallas, Texas",
https://www.aalavina.org/revista/noviembre-diciembre-2022/una-filosofia-practica,Una filosofía práctica,Yes,Noviembre / Diciembre,2022,Cortos de La Viña,David C.,New Rochelle,New York,"Los principios de AA se basan en experiencias reales de sus grupos, no teorías abstractas",No,No,"New Rochelle, New York",
https://www.aalavina.org/revista/noviembre-diciembre-2022/mujeres-companeras,Mujeres compañeras,Yes,Noviembre / Diciembre,2022,Cortos de La Viña,Hypatia L.,Desert Hot Spring,California,,No,No,"Desert Hot Spring, California",
https://www.aalavina.org/revista/noviembre-diciembre-2022/valor-para-cambiar,Valor para cambiar,Yes,Noviembre / Diciembre,2022,Cortos de La Viña,Enrique G.,Tucson,Arizona,Tuvo que pasar meses antes de aceptar que era alcohólico frente a su grupo,No,No,"Tucson, Arizona",
https://www.aalavina.org/revista/noviembre-diciembre-2022/salir-del-fondo,Salir del fondo,Yes,Noviembre / Diciembre,2022,Cortos de La Viña,Rodrigo,La Paz,,"AA le ayudó a reconstruir una vida agobiada por pandillas, violencia y alcohol",No,No,La Paz,
https://www.aalavina.org/revista/noviembre-diciembre-2022/sin-presumir,Sin presumir,Yes,Noviembre / Diciembre,2022,Cortos de La Viña,German R.,Longview,Texas,"Tuve la dicha de regresar nuevamente, pero mi esposa me había dejado y parte de mis hermanos me cerraron las puertas de su casa.",No,Yes,"Longview, Texas",
https://www.aalavina.org/revista/noviembre-diciembre-2022/la-oveja-negra,La oveja negra,Yes,Noviembre / Diciembre,2022,Cortos de La Viña,Juan C.,,,Siempre se sintió aislado de los demás hasta encontrar su hogar espiritual,No,Unknown (no location in byline),,
https://www.aalavina.org/revista/noviembre-diciembre-2022/un-mensaje-sincero,Un mensaje sincero,Yes,Noviembre / Diciembre,2022,Cortos de La Viña,Julio C.,,,"A pesar de las trabas lingüísticas al comienzo, sus compañeros no dejaban de hacer lo posible para que él escuchara el mensaje",No,Unknown (no location in byline),,
https://www.aalavina.org/revista/noviembre-diciembre-2022/carta-de-bienvenida-noviembrediciembre-2022,Carta de Bienvenida noviembre/diciembre 2022,Yes,Noviembre / Diciembre,2022,Cortos de La Viña,,,,,No,Unknown (no location in byline),,
https://www.aalavina.org/revista/noviembre-diciembre-2022/noticias-de-aa-noviembrediciembre-2022,Noticias de AA noviembre/diciembre 2022,Yes,Noviembre / Diciembre,2022,Cortos de La Viña,,,,Se anuncia un incremento de precios,No,Unknown (no location in byline),,
https://www.aalavina.org/revista/noviembre-diciembre-2022/el-vinculo,El vínculo,Yes,Noviembre / Diciembre,2022,Cortos de La Viña,Mario G.,Tegucigalpa,,"Las puertas de AA están abiertas para quien lo necesite, gracias al objetivo único",No,No,Tegucigalpa,
https://www.aalavina.org/magazine/2022/nov/audio/con-los-pases-firmes,Con los pases firmes,Yes,Noviembre / Diciembre,2022,Cómo llegué a AA Fuga Geográfica,,,,,Yes,Unknown (no location in byline),,Audio-only entry: the page has the audio player but no article text
https://www.aalavina.org/revista/septiembre-octubre-2022/humor-septiembreoctubre-2022,Humor septiembre/octubre 2022,No,Septiembre / Octubre,2022,Pase lo que Pase,,,,,No,Unknown (no location in byline),,
https://www.aalavina.org/revista/septiembre-octubre-2022/acerca-del-alcoholismo-septiembreoctubre-2022,Acerca del alcoholismo septiembre/octubre 2022,Yes,Septiembre / Octubre,2022,Pase lo que Pase,,,,Logros de vida vinculados a la recuperación sostenida,No,Unknown (no location in byline),,
https://www.aalavina.org/revista/septiembre-octubre-2022/subida-y-caida-de-un-deportista,Subida y caída de un deportista,Yes,Septiembre / Octubre,2022,Pase lo que Pase,Ramiro R.,Mesa,Arizona,"El deporte demanda autodisciplina, pero su alcoholismo aún más",No,No,"Mesa, Arizona",
https://www.aalavina.org/revista/septiembre-octubre-2022/un-nuevo-empleador,Un nuevo empleador,Yes,Septiembre / Octubre,2022,Pase lo que Pase,FFL,Atlanta,Georgia,"Su padrino le recuerda que el servicio es para su Poder Superior, cada uno por su cuenta sin ser juzgado",No,No,"Atlanta, Georgia",
https://www.aalavina.org/revista/septiembre-octubre-2022/95-dias-sobrio,95 días sobrio,Yes,Septiembre / Octubre,2022,Pase lo que Pase,Hugo G.,Madrid,,Un nuevo se anima a compartir su reciente experiencia rodeado de apoyo,No,No,Madrid,
https://www.aalavina.org/revista/septiembre-octubre-2022/alumbrando-el-camino,Alumbrando el camino,Yes,Septiembre / Octubre,2022,Pase lo que Pase,Juan R.,,Jalisco,El lenguaje del corazón le ayuda a hacer un puente de comprensión para sentirse aceptado por sus compañeros,No,No,Jalisco,
https://www.aalavina.org/revista/septiembre-octubre-2022/llegar-creer,Llegar a creer,Yes,Septiembre / Octubre,2022,Pase lo que Pase,Héctor O.,Veracruz,,Un miembro reflexiona sobre la importancia de encontrar una fe en algo más grande que él.,No,No,Veracruz,
https://www.aalavina.org/revista/septiembre-octubre-2022/lento-pero-seguro,Lento pero seguro,Yes,Septiembre / Octubre,2022,Pase lo que Pase,H. Hernández,Austin,Texas,"Su vida volaba al mismo tiempo que perdía todo, y ahora aprende a apreciar cada día en recuperación.",No,Yes,"Austin, Texas",
https://www.aalavina.org/revista/septiembre-octubre-2022/el-respeto-al-servicio,El respeto al servicio,Yes,Septiembre / Octubre,2022,Pase lo que Pase,Francisco S.,Gijón,,"Cada uno hace el servicio de la mejor manera que pueda, nadie es perfecto pero los principios ayudan a sobrellevar los conflictos",No,No,Gijón,
https://www.aalavina.org/revista/septiembre-octubre-2022/recibiendo-al-nuevo,Recibiendo al nuevo,Yes,Septiembre / Octubre,2022,Pase lo que Pase,Rony,Aurora,Colorado,Su experiencia fue la que necesitaba para oir el mensaje de recuperación,No,No,"Aurora, Colorado",
https://www.aalavina.org/revista/septiembre-octubre-2022/decidi-escuchar,Decidí escuchar,Yes,Septiembre / Octubre,2022,Pase lo que Pase,Carla D.,Phoenix,Arizona,Su voz interior le guiaba mientras permanecía en reuniones oyendo el mensaje de sus compañeros,No,No,"Phoenix, Arizona",
https://www.aalavina.org/revista/septiembre-octubre-2022/la-literatura-en-la-carcel,La literatura en la cárcel,Yes,Septiembre / Octubre,2022,Pase lo que Pase,Fabiola A.,Aurora,Colorado,Las experiencias similares a la suya le ayudaron a identificarse y salirse del ciclo vicioso que vivía,No,No,"Aurora, Colorado",
https://www.aalavina.org/revista/septiembre-octubre-2022/la-locura-de-tomar,La locura de tomar,Yes,Septiembre / Octubre,2022,Pase lo que Pase,Leandro C.,Santa Ana,California,Su historia enfrenta la realidad de no poder vivir con o sin el alcohol antes de encontrar el programa,No,No,"Santa Ana, California",
https://www.aalavina.org/revista/septiembre-octubre-2022/no-teniamos-comite-de-la-vina,No teníamos comité de La Viña,Yes,Septiembre / Octubre,2022,Pase lo que Pase,Bulmaro F.,Atlanta,Georgia,Un miembro recuerda cuando llegó a su grupo y empezó el servicio de RLV,No,No,"Atlanta, Georgia",
https://www.aalavina.org/revista/septiembre-octubre-2022/decidi-ser-parte-de-aa,Decidí ser parte de AA,Yes,Septiembre / Octubre,2022,Pase lo que Pase,Miguel A.,San Salvador,,Las tradiciones ayudan a reforzar el principio primordial de AA,No,No,San Salvador,
https://www.aalavina.org/revista/septiembre-octubre-2022/siempre-una-revancha,Siempre una revancha,Yes,Septiembre / Octubre,2022,Pase lo que Pase,José G.,Málaga,,"Mientras intentaba moderar su licor, Don Alcohol preparaba su próxima venganza",No,No,Málaga,
https://www.aalavina.org/revista/septiembre-octubre-2022/tema-de-discusion-para-reuniones-septiembreoctubre-2022,Tema de discusión para reuniones septiembre/octubre 2022,Yes,Septiembre / Octubre,2022,Pase lo que Pase,,,,,No,Unknown (no location in byline),,
https://www.aalavina.org/revista/septiembre-octubre-2022/cuando-haya-desequilibrio,Cuando haya desequilibrio,Yes,Septiembre / Octubre,2022,Pase lo que Pase,Pablo H.,Bakersfield,California,Las herramientas que usa para sobrepasar sus dificultades,No,No,"Bakersfield, California",
https://www.aalavina.org/revista/septiembre-octubre-2022/me-pudo-ver-sobrio,Me pudo ver sobrio,Yes,Septiembre / Octubre,2022,Pase lo que Pase,Juan Ricardo L.,Tehachapi,California,"A pesar de estar en prisión, pudo darle paz a su mamá antes de que ella falleciera",No,No,"Tehachapi, California",
https://www.aalavina.org/revista/septiembre-octubre-2022/seres-humanos,Seres Humanos,Yes,Septiembre / Octubre,2022,Pase lo que Pase,Juan B.,Dallas,Texas,"Su alcoholismo lo convertía en una persona destructora en contra de sus mejores deseos, hasta encontrar una nueva manera de vivir",No,Yes,"Dallas, Texas",
https://www.aalavina.org/revista/septiembre-octubre-2022/suceda-lo-que-suceda,Suceda lo que suceda,Yes,Septiembre / Octubre,2022,Pase lo que Pase,Pablo H.,Corona,California,Su padrino le ayuda a sobrepasar la trágica muerte de su hijo,No,No,"Corona, California",
https://www.aalavina.org/revista/septiembre-octubre-2022/no-creia-nada,No creía nada,Yes,Septiembre / Octubre,2022,Pase lo que Pase,Anónimo,Weed,California,,No,No,"Weed, California",
https://www.aalavina.org/revista/septiembre-octubre-2022/crecimiento,Crecimiento,Yes,Septiembre / Octubre,2022,Pase lo que Pase,Tricia J.,Houston,Texas,De la Sección Uno de “Sobriedad Emocional”,No,Yes,"Houston, Texas",
https://www.aalavina.org/revista/septiembre-octubre-2022/una-noche-oscura-y-tormentosa,Una noche oscura y tormentosa,Yes,Septiembre / Octubre,2022,Pase lo que Pase,Jack S.,Seward,Alaska,De la Sección Dos de “Sobriedad Emocional”,No,No,"Seward, Alaska",
https://www.aalavina.org/revista/septiembre-octubre-2022/noticias-de-aa-septiembreoctubre-2022,Noticias de AA septiembre/octubre 2022,Yes,Septiembre / Octubre,2022,Pase lo que Pase,,,,72a Conferencia de Servicios Generales,No,Unknown (no location in byline),,
https://www.aalavina.org/revista/septiembre-octubre-2022/cartas-del-lector-septiembreoctubre-2022,Cartas del lector septiembre/octubre 2022,Yes,Septiembre / Octubre,2022,Pase lo que Pase,,,,,No,Unknown (no location in byline),,
https://www.aalavina.org/revista/septiembre-octubre-2022/carta-de-bienvenida-septiembreoctubre-2022,Carta de Bienvenida septiembre/octubre 2022,Yes,Septiembre / Octubre,2022,Pase lo que Pase,,,,,No,Unknown (no location in byline),,
https://www.aalavina.org/revista/julio-agosto-2022/humor-julioagosto-2022-0,Humor julio/agosto 2022,No,Julio / Agosto,2022,AA en las prisiones,,,,,No,Unknown (no location in byline),,
https://www.aalavina.org/revista/julio-agosto-2022/acerca-del-alcoholismo-julioagosto-2022,Acerca del alcoholismo julio/agosto 2022,Yes,Julio / Agosto,2022,AA en las prisiones,,,,Problemas de alcohol severamente subtratados,No,Unknown (no location in byline),,
https://www.aalavina.org/revista/julio-agosto-2022/loco-por-beber,Loco por beber,Yes,Julio / Agosto,2022,AA en las prisiones,Héctor O.,Veracruz,,"Hace ya más de cuarenta y siete años, nadie entendía cómo alguien podía seguir tomando con tantas consecuencias",No,No,Veracruz,
https://www.aalavina.org/revista/julio-agosto-2022/sentir-el-aprecio,Sentir el aprecio,Yes,Julio / Agosto,2022,AA en las prisiones,Luis M.,Ameca,Jalisco,"Un miembro cuenta de cómo su grupo base le llevó el mensaje al comienzo, con pequeños detalles",No,No,"Ameca, Jalisco",
https://www.aalavina.org/revista/julio-agosto-2022/limpiar-yo,¿Limpiar? ¿Yo?,Yes,Julio / Agosto,2022,AA en las prisiones,Roberto O.,Madrid,,"Un miembro se renegó varias veces contra las sugerencias de los veteranos, sin entender el mensaje",No,No,Madrid,
https://www.aalavina.org/revista/julio-agosto-2022/un-enemigo-poderoso,Un enemigo poderoso,Yes,Julio / Agosto,2022,AA en las prisiones,Arturo E.,Cartago,,La sobriedad requiere de trabajo y de acción constante para ser eficaz,No,No,Cartago,
https://www.aalavina.org/revista/julio-agosto-2022/la-tolerancia-no-es-un-favor,La tolerancia no es un favor,Yes,Julio / Agosto,2022,AA en las prisiones,Paz P.,Tucson,Arizona,"El amor y la tolerancia son pautas para el crecimiento espiritual, necesario para nuestra sobriedad",No,No,"Tucson, Arizona",
https://www.aalavina.org/revista/julio-agosto-2022/la-mano-de-dios,La mano de Dios,Yes,Julio / Agosto,2022,AA en las prisiones,Horacio,Santa Elena,California,La aceptación y compasión de un compañero en su primera reunión fue la respuesta que necesitaba,No,No,"Santa Elena, California",
https://www.aalavina.org/revista/julio-agosto-2022/una-vida-milagrosa,Una vida milagrosa,Yes,Julio / Agosto,2022,AA en las prisiones,Silvia S.,Phoenix,Arizona,"Con cuarenta y cinco años de sobriedad, hoy goza de sus cuatro hijos, dieciocho nietos y trece bisnietos",No,No,"Phoenix, Arizona",
https://www.aalavina.org/revista/julio-agosto-2022/las-tradiciones-nivel-personal,Las Tradiciones a nivel personal,Yes,Julio / Agosto,2022,AA en las prisiones,Soraya B. E,dmond,Oklahoma,Una compañera comparte su experiencia aplicando las Doce Tradiciones en su diario vivir,No,No,"dmond, Oklahoma",
https://www.aalavina.org/revista/julio-agosto-2022/la-verdadera-camaraderia,La verdadera camaradería,Yes,Julio / Agosto,2022,AA en las prisiones,Julio L.,,,"Un miembro cuenta de su experiencia llevando el mensaje, y las reflexiones de lo que significa para los AA",No,Unknown (no location in byline),,
https://www.aalavina.org/revista/julio-agosto-2022/tema-de-discusion-para-reuniones-julioagosto-2022,Tema de discusión para reuniones julio/agosto 2022,Yes,Julio / Agosto,2022,AA en las prisiones,,,,,No,Unknown (no location in byline),,
https://www.aalavina.org/revista/julio-agosto-2022/una-vida-libre,Una vida libre,Yes,Julio / Agosto,2022,AA en las prisiones,Juan C.,Clackamas,Oregón,En los grupos pudo encontrar la ayuda que necesitaba para salir del caos mental que le agobiaba,No,No,"Clackamas, Oregón",
https://www.aalavina.org/revista/julio-agosto-2022/llaves-de-la-sobriedad,Llaves de la sobriedad,Yes,Julio / Agosto,2022,AA en las prisiones,Tito R.,,Massachusetts,El programa de AA le dió una nueva oportunidad para cambiar,No,No,Massachusetts,
https://www.aalavina.org/revista/julio-agosto-2022/nunca-se-olvida,Nunca se olvida,Yes,Julio / Agosto,2022,AA en las prisiones,Crispin P. (CRISPPO),San José,California,El cuadro de su familia corriendo hacia él mientras lo esposaban le ayudó a tocar fondo,No,No,"San José, California",
https://www.aalavina.org/revista/julio-agosto-2022/lo-que-se-arriesga,Lo que se arriesga,Yes,Julio / Agosto,2022,AA en las prisiones,Rosamar E.,San Antonio,Texas,"Fue una bendición, no un castigo, que la pararan los oficiales, ya que iba manejando intoxicada con su nieta en el auto",No,Yes,"San Antonio, Texas",
https://www.aalavina.org/revista/julio-agosto-2022/una-enfermedad-progresiva,Una enfermedad progresiva,Yes,Julio / Agosto,2022,AA en las prisiones,Domingo D.,Mountain View,California,"Empezó a tomar a los quince años, y en menos de otros quince había tocado fondo",No,No,"Mountain View, California",
https://www.aalavina.org/revista/julio-agosto-2022/refrescando-la-vista,Refrescando la vista,Yes,Julio / Agosto,2022,AA en las prisiones,Martin M.,Las Vegas,Nevada,"Leyó una hoja de La Viña en una cárcel en San Diego, sin pensar que su vida podría jamás cambiar\",No,No,"Las Vegas, Nevada",
https://www.aalavina.org/revista/julio-agosto-2022/aventando-el-anzuelo,Aventando el anzuelo,Yes,Julio / Agosto,2022,AA en las prisiones,Nemecio C.,Delano,California,Un compañero aprende una lección muy importante para llevar el mensaje efectivamente,No,No,"Delano, California",
https://www.aalavina.org/revista/julio-agosto-2022/mi-grupo-base-en-la-carcel,Mi grupo base en la cárcel,Yes,Julio / Agosto,2022,AA en las prisiones,Ramón L.,San José,California,Un miembro comparte sus recuerdos haciendo servicio mientras servía tiempo,No,No,"San José, California",
https://www.aalavina.org/revista/julio-agosto-2022/deseaba-ser-feliz,Deseaba ser feliz,Yes,Julio / Agosto,2022,AA en las prisiones,Juan Ricardo L.,Tehachapi,California,Un despertar espiritual dentro de la prisión le hizo pedir ayuda de todo corazón,No,No,"Tehachapi, California",
https://www.aalavina.org/revista/julio-agosto-2022/noticias-de-aa-julioagosto-2022,Noticias de AA julio/agosto 2022,Yes,Julio / Agosto,2022,AA en las prisiones,,,,Convención Internacional del 2025 de Alcohólicos Anónimos,No,Unknown (no location in byline),,
https://www.aalavina.org/revista/julio-agosto-2022/cartas-del-lector-julioagosto-2022,Cartas del lector julio/agosto 2022,Yes,Julio / Agosto,2022,AA en las prisiones,,,,,No,Unknown (no location in byline),,
https://www.aalavina.org/revista/julio-agosto-2022/carta-de-bienvenida-julioagosto-2022,Carta de Bienvenida julio/agosto 2022,Yes,Julio / Agosto,2022,AA en las prisiones,,,,,No,Unknown (no location in byline),,
https://www.aalavina.org/revista/mayo-junio-2022/humor-mayojunio-2022,Humor mayo/junio 2022,No,Mayo / Junio,2022,Los tres legados,,,,,No,Unknown (no location in byline),,
https://www.aalavina.org/revista/mayo-junio-2022/acerca-del-alcoholismo-mayojunio-2022,Acerca del alcoholismo mayo/junio 2022,Yes,Mayo / Junio,2022,Los tres legados,,,,Diferencias sexuales y borracheras,No,Unknown (no location in byline),,
https://www.aalavina.org/revista/mayo-junio-2022/el-que-persevera,El que persevera,Yes,Mayo / Junio,2022,Los tres legados,Manuel M.,Chelsea,Massachusetts,"Llegó a los veinticuatro años a AA y se ha mantenido en el programa por más de treinta y dos años, aunque no ha sido siempre fácil",No,No,"Chelsea, Massachusetts",
https://www.aalavina.org/revista/mayo-junio-2022/renacer,Renacer,Yes,Mayo / Junio,2022,Los tres legados,Alejandro A.,McFarland,California,"Comenzó a beber a los seis años, hasta que su vida se transformó gracias a una orden de la corte",No,No,"McFarland, California",
https://www.aalavina.org/revista/mayo-junio-2022/el-regalo-de-aa,El regalo de AA,Yes,Mayo / Junio,2022,Los tres legados,Fidel I.,Phoenix,Arizona,"Los compañeros del grupo le dieron la oportunidad de servir, y así sentirse parte de, y vivir el mensaje de Alcohólicos Anónimos",No,No,"Phoenix, Arizona",
https://www.aalavina.org/revista/mayo-junio-2022/el-descuido,El descuido,Yes,Mayo / Junio,2022,Los tres legados,Raymond F.,San José,California,"Sus problemas internos crecían en torno a los problemas de su familia, buscando el alcohol como un refugio",No,No,"San José, California",
https://www.aalavina.org/revista/mayo-junio-2022/cantando-juntos,Cantando juntos,Yes,Mayo / Junio,2022,Los tres legados,Juan S.,San José,California,Las fiestas de aniversario mantienen la unidad de los miembros para compartir su alegría de vivir sobrios,No,No,"San José, California",
https://www.aalavina.org/revista/mayo-junio-2022/un-arcoiris-en-mi-vida,Un arcoíris en mi vida,Yes,Mayo / Junio,2022,Los tres legados,Juan A.,Houston,Texas,Se sentía atrapado en un mundo oscuro de su alcoholismo hasta llegar a AA,No,Yes,"Houston, Texas",
https://www.aalavina.org/revista/mayo-junio-2022/valor-para-vivir,Valor para vivir,Yes,Mayo / Junio,2022,Los tres legados,Anónimo.,Phoenix,Arizona,"En Arizona, los talleres y reuniones presenciales se llevan a cabo en la pandemia tomando las precauciones estatales",No,No,"Phoenix, Arizona",
https://www.aalavina.org/revista/mayo-junio-2022/una-mente-aturdida,Una mente aturdida,Yes,Mayo / Junio,2022,Los tres legados,Domingo V.,Gaithersburg,Maryland,La conexión espiritual con otros alcohólicos le fue ayudando a aceptar su en-fermedad y recuperarse de adentro hacia afuera,No,No,"Gaithersburg, Maryland",
https://www.aalavina.org/revista/mayo-junio-2022/gracias-la-tercera-tradicion,Gracias a la tercera tradición,Yes,Mayo / Junio,2022,Los tres legados,Karyna R.,Phoenix,Arizona,Una mujer transgénero encuentra respeto y auxilio en Alcohólicos Anónimos para recuperarse y ser feliz,No,No,"Phoenix, Arizona",
https://www.aalavina.org/revista/mayo-junio-2022/una-deuda-del-corazon,Una deuda del corazón,Yes,Mayo / Junio,2022,Los tres legados,Ana B.,Medellín,,"El reconocer en otras personas su propia batalla, es el puente para ayudarles a salir adelante y encontrar paz",No,No,Medellín,
https://www.aalavina.org/revista/mayo-junio-2022/nuevas-oportunidades-para-crecer,Nuevas oportunidades para crecer,Yes,Mayo / Junio,2022,Los tres legados,Rodrigo D.,Medellín,,"Ya en la recuperación, un miembro comparte cómo los retos actuales traen lecciones importantes",No,No,Medellín,
https://www.aalavina.org/revista/mayo-junio-2022/se-necesita-un-pueblo,Se necesita un pueblo,Yes,Mayo / Junio,2022,Los tres legados,A.A.,Las Vegas,Nevada,"Cada servicio amerita hacerse lo mejor posible, por lo que no se puede hacer todo solo",No,No,"Las Vegas, Nevada",
https://www.aalavina.org/revista/mayo-junio-2022/viviendo-en-paz,Viviendo en paz,Yes,Mayo / Junio,2022,Los tres legados,Armando H.,Conroe,Texas,"Lo que seguía, después de los reparos a los demás, era el evitar llegar a ese mismo lugar de hacer daño",No,Yes,"Conroe, Texas",
https://www.aalavina.org/revista/mayo-junio-2022/el-espiritu-servicial,El espíritu servicial,Yes,Mayo / Junio,2022,Los tres legados,Gildardo B.,Mission Viejo,California,"Trabajando los Pasos, Tradiciones y Conceptos, su vida ha dado un giro total hacia algo bueno y hermoso",No,No,"Mission Viejo, California",
https://www.aalavina.org/revista/mayo-junio-2022/las-mieles,Las mieles,Yes,Mayo / Junio,2022,Los tres legados,Anónimo,,,,No,Unknown (no location in byline),,
https://www.aalavina.org/revista/mayo-junio-2022/una-demostracion-sincera,Una demostración sincera,Yes,Mayo / Junio,2022,Los tres legados,José L.,Guayaquil,,"Tener presente la gratitud al programa que le ayudó, es la clave para ayudar a los demás",No,No,Guayaquil,
https://www.aalavina.org/revista/mayo-junio-2022/tema-de-discusion-para-reuniones-mayojunio-del-2022,Tema de discusión para reuniones mayo/junio del 2022,Yes,Mayo / Junio,2022,Los tres legados,,,,Talleres de audio – Graba tu historia,No,Unknown (no location in byline),,
https://www.aalavina.org/revista/mayo-junio-2022/un-buen-trabajador,Un buen trabajador,Yes,Mayo / Junio,2022,Los tres legados,León R.,San José,California,Sus servicios le fueron guiando para desarrollarse como profesional en el mundo,No,No,"San José, California",
https://www.aalavina.org/revista/mayo-junio-2022/todos-somos-importantes,Todos somos importantes,Yes,Mayo / Junio,2022,Los tres legados,Anónimo,Anaheim,California,Cada miembro aporta una parte invaluable al servicio que se lleva a cabo en Alcohólicos Anónimos,No,No,"Anaheim, California",
https://www.aalavina.org/revista/mayo-junio-2022/una-buena-base,Una buena base,Yes,Mayo / Junio,2022,Los tres legados,Anónimo,Caguas,,Es importante que el alcohólico mantenga un balance entre los tres legados del programa.,No,No,Caguas,
https://www.aalavina.org/revista/mayo-junio-2022/compartiendo-esperanza,Compartiendo esperanza,Yes,Mayo / Junio,2022,Los tres legados,J.L.,Madrid,,"El valor del servicio va más allá de lo que se da, y provee riqueza espiritual",No,No,Madrid,
https://www.aalavina.org/revista/mayo-junio-2022/noticias-de-aa-mayojunio-2022,Noticias de AA mayo/junio 2022,Yes,Mayo / Junio,2022,Los tres legados,,,,Invitación a presentar historias para la Cuarta Edición del Libro Grande,No,Unknown (no location in byline),,
https://www.aalavina.org/revista/mayo-junio-2022/cartas-del-lector-mayojunio-2022,Cartas del lector mayo/junio 2022,Yes,Mayo / Junio,2022,Los tres legados,,,,,No,Unknown (no location in byline),,
https://www.aalavina.org/revista/mayo-junio-2022/carta-de-bienvenida-mayojunio-2022,Carta de Bienvenida mayo/junio 2022,Yes,Mayo / Junio,2022,Los tres legados,,,,,No,Unknown (no location in byline),,
https://www.aalavina.org/revista/marzo-abril-2022/humor-marzoabril-2022,Humor marzo/abril 2022,No,Marzo / Abril,2022,Nuevos,,,,,No,Unknown (no location in byline),,
https://www.aalavina.org/revista/marzo-abril-2022/acerca-del-alcoholismo-marzoabril-2022,Acerca del alcoholismo marzo/abril 2022,Yes,Marzo / Abril,2022,Nuevos,,,,Ayuda para la intoxicación grave por alcohol,No,Unknown (no location in byline),,
https://www.aalavina.org/revista/marzo-abril-2022/cada-dia-que-pasa,Cada día que pasa,Yes,Marzo / Abril,2022,Nuevos,Anónimo,San Antonio,Texas,"Por medio de AA consiguió a su Poder Superior, hace ya 24 años, donde hoy comparte desde su distrito en San Antonio, Texas",No,Yes,"San Antonio, Texas",
https://www.aalavina.org/revista/marzo-abril-2022/de-corazon,De corazón,Yes,Marzo / Abril,2022,Nuevos,Luis A - AANR,Bronx,New York,Los momentos más inesperados a veces resultan ser oportunidades tiernas para conectarnos con nuestros seres queridos de una nueva manera auténtica,No,No,"Bronx, New York",
https://www.aalavina.org/revista/marzo-abril-2022/la-jugada-es-la-misma-en-cualquier-lugar,La jugada es la misma en cualquier lugar,Yes,Marzo / Abril,2022,Nuevos,Anónimo,Avondale,Pennsylvania,Existe una gran diferencia entre las fugas geográficas y una vida sobria plena y contenta,No,No,"Avondale, Pennsylvania",
https://www.aalavina.org/revista/marzo-abril-2022/el-liderazgo,El liderazgo,Yes,Marzo / Abril,2022,Nuevos,Anónimo,Houston,Texas,Una compañera con tiempo opina que hay que poner de primero lo espiritual para llevar el mensaje de AA,No,Yes,"Houston, Texas",
https://www.aalavina.org/revista/marzo-abril-2022/la-tribuna,La tribuna,Yes,Marzo / Abril,2022,Nuevos,Anónimo,St. Austin,Texas,"Para una compañera, el amor y la compasión hacia otros es una manera de llevar el mensaje de esperanza al alcohólico que lo necesita",No,Yes,"St. Austin, Texas",
https://www.aalavina.org/revista/marzo-abril-2022/suena-con-esa-promesa,Sueña con esa promesa,Yes,Marzo / Abril,2022,Nuevos,Anónimo,Buenos Aires,,"Su sobriedad le llevó a poder participar en la Convención Internacional de AA, por lo que motiva a todos a darse la oportunidad",No,No,Buenos Aires,
https://www.aalavina.org/revista/marzo-abril-2022/quince-horas,Quince horas,Yes,Marzo / Abril,2022,Nuevos,Margarita A.,Lamont,California,"Una compañera cuenta la anécdota de su última visita a una prisión, como parte de un taller de escritura en su distrito",No,No,"Lamont, California",
https://www.aalavina.org/revista/marzo-abril-2022/en-aa-no-hay-barreras,En AA no hay barreras,Yes,Marzo / Abril,2022,Nuevos,Faviola M.,Los Ángeles,California,"El apadrinamiento le inspiró a tratar de ayudar a cuanta mujer joven ella pueda, para no sentir lo que ella sintió en el principio de su recuperación",No,No,"Los Ángeles, California",
https://www.aalavina.org/revista/marzo-abril-2022/el-fantasma-de-la-mente,El fantasma de la mente,Yes,Marzo / Abril,2022,Nuevos,Reyna H.,Aloha,Oregón,"Su enfermedad progresaba sin ella darse cuenta, hasta que la literatura le ayudó a sentar cabeza",No,No,"Aloha, Oregón",
https://www.aalavina.org/revista/marzo-abril-2022/cuando-uno-quiere,Cuando uno quiere,Yes,Marzo / Abril,2022,Nuevos,Anónimo,San José,Costa Rica,"La sobriedad no fue fácil después de su fondo, pero su fe se fortalecía conforme veía que mejoraba",No,No,"San José, Costa Rica",
https://www.aalavina.org/revista/marzo-abril-2022/con-el-viento-en-los-ojos,Con el viento en los ojos,Yes,Marzo / Abril,2022,Nuevos,Anónimo.,Las Vegas,Nevada,Su identidad como mujer trans no le impidió lograr encontrar ayuda y paz en el programa de Alcohólicos Anónimos,No,No,"Las Vegas, Nevada",
https://www.aalavina.org/revista/marzo-abril-2022/renegado-de-si-mismo,Renegado de sí mismo,Yes,Marzo / Abril,2022,Nuevos,A. T.,Albuquerque,Nuevo México,"Hasta no aceptar su enfermedad, y así lograr un despertar espiritual, cualquier cambio externo le terminaba igual",No,No,"Albuquerque, Nuevo México",
https://www.aalavina.org/revista/marzo-abril-2022/aa-me-da-libertad,AA me da libertad,Yes,Marzo / Abril,2022,Nuevos,A.M.,Gijón,,"La tercera tradición habla de una libertad condicional, a la que cada alcohólico acepta la responsabilidad de ser parte de esta sociedad",No,No,Gijón,
https://www.aalavina.org/revista/marzo-abril-2022/bebedor-en-exceso-o-verdadero-alcoholico,¿Bebedor en exceso o verdadero alcohólico?,Yes,Marzo / Abril,2022,Nuevos,José A.,San Juan,Puerto Rico,La literatura ayuda a aclarar aquellas dudas para que la aceptación tome raíz y crezca,No,No,"San Juan, Puerto Rico",
https://www.aalavina.org/revista/marzo-abril-2022/tema-de-discusion-para-reuniones-marzoabril-2022,Tema de discusión para reuniones marzo/abril 2022,Yes,Marzo / Abril,2022,Nuevos,,,,,No,Unknown (no location in byline),,
https://www.aalavina.org/revista/marzo-abril-2022/vivia-en-otra-dimension,Vivía en otra dimensión,Yes,Marzo / Abril,2022,Nuevos,P.P.,Reedley,California,"Intentó ser un tomador social, de controlar su problema por su familia, pero no le funcionaba el autocontrol, sino hasta rendirse por completo",No,No,"Reedley, California",
https://www.aalavina.org/revista/marzo-abril-2022/lo-primero-es-lo-primero,Lo primero es lo primero,Yes,Marzo / Abril,2022,Nuevos,María M.,North Hills,Pennsylvania,"Antes de poder ayudar a su padre con su alcoholismo, tuvo que aprender a ayudarse primero a ella misma",No,No,"North Hills, Pennsylvania",
https://www.aalavina.org/revista/marzo-abril-2022/aceptando-la-derrota,Aceptando la derrota,Yes,Marzo / Abril,2022,Nuevos,Anónimo,,,Tuve que empezar a meditar y creer que sólo el Poder Superior me podía ayudar con mi alcoholismo.,No,Unknown (no location in byline),,
https://www.aalavina.org/revista/marzo-abril-2022/mi-condena-perpetua,Mi condena perpetua,Yes,Marzo / Abril,2022,Nuevos,José M.,Santa Ana,California,"No eran los jueces, los DWI, los encierros, sino su enfermedad de alcoholismo que lo mantenía atrapado",No,No,"Santa Ana, California",
https://www.aalavina.org/revista/marzo-abril-2022/gracias-mi-padrino,Gracias a mi padrino,Yes,Marzo / Abril,2022,Nuevos,Ángel L.,Arlington,Texas,"Noche tras noche, leyendo el Libro Grande juntos, su recuperación va tomando forma conforme aprende más y más del programa de recuperación",No,Yes,"Arlington, Texas",
https://www.aalavina.org/revista/marzo-abril-2022/mi-primer-mes-sobrio,Mi primer mes sobrio,Yes,Marzo / Abril,2022,Nuevos,José María G.,Málaga,,Un miembro cuenta cómo ha cambiado su perspectiva y así su vida en ese poco tiempo,No,No,Málaga,
https://www.aalavina.org/revista/marzo-abril-2022/noticias-de-la-vina-marzoabril-2022,Noticias de La Viña marzo/abril 2022,Yes,Marzo / Abril,2022,Nuevos,,,,“Informe del Despacho de Literatura de la Oficina de Servicios Generales de Estados Unidos y Canadá”,No,Unknown (no location in byline),,
https://www.aalavina.org/revista/marzo-abril-2022/cartas-del-lector-marzoabril-2022,Cartas del lector marzo/abril 2022,Yes,Marzo / Abril,2022,Nuevos,,,,,No,Unknown (no location in byline),,
https://www.aalavina.org/revista/marzo-abril-2022/carta-de-bienvenida-marzoabril-2022,Carta de Bienvenida marzo/abril 2022,Yes,Marzo / Abril,2022,Nuevos,,,,,No,Unknown (no location in byline),,
https://www.aalavina.org/revista/enero-febrero-2022/entre-calle-y-camino,Entre calle y camino,Yes,Enero / Febrero,2022,Aceptación,José V.,Aurora,Colorado,"La vida en la calle parecía ser todo lo que quería, hasta que vio la diferencia en el camino de la sobriedad",No,No,"Aurora, Colorado",
https://www.aalavina.org/revista/enero-febrero-2022/humor-enerofebrero-2022,Humor enero/febrero 2022,No,Enero / Febrero,2022,Aceptación,,,,,No,Unknown (no location in byline),,
https://www.aalavina.org/revista/enero-febrero-2022/acerca-del-alcoholismo-enerofebrero-2022,Acerca del alcoholismo enero/febrero 2022,Yes,Enero / Febrero,2022,Aceptación,,,,Escuelas secundarias sobrias,No,Unknown (no location in byline),,
https://www.aalavina.org/revista/enero-febrero-2022/el-plano-de-recuperacion,El plano de recuperación,Yes,Enero / Febrero,2022,Aceptación,Guillermo A.,San Juan,Puerto Rico,"Con el equilibrio espiritual y emocional, se puede construir un programa fuerte y seguro",No,No,"San Juan, Puerto Rico",
https://www.aalavina.org/revista/enero-febrero-2022/aa-en-la-comunidad-hispana-de-utah,AA en la comunidad hispana de Utah,Yes,Enero / Febrero,2022,Aceptación,Carlos A.,Salt Lake City,Utah,Un miembro comparte la experiencia de llegar a la mayoría de edad como comunidad,No,No,"Salt Lake City, Utah",
https://www.aalavina.org/revista/enero-febrero-2022/sabiduria-emocional,Sabiduría Emocional,Yes,Enero / Febrero,2022,Aceptación,Carlos C.,,Texas,"Para crecer, tenía que aprender a escuchar y a ser paciente con su proceso de recuperación",No,Yes,Texas,
https://www.aalavina.org/revista/enero-febrero-2022/aqui-para-ayudar,Aquí para ayudar,Yes,Enero / Febrero,2022,Aceptación,Alfredo R.,Decatur,Georgia,"Ya sea para ayudar a hacer el puente de comprensión, o para mantener la conexión con el programa, La Viña le sirvió en diferentes maneras a su sobriedad",No,No,"Decatur, Georgia",
https://www.aalavina.org/revista/enero-febrero-2022/leyendo-esperanza,Leyendo esperanza,Yes,Enero / Febrero,2022,Aceptación,Víctor J.,Atlanta,Georgia,"Un compañero descubre lo lindo de cómo el mensaje de AA, viaja mucho más fácil que sus fugas geográficas",No,No,"Atlanta, Georgia",
https://www.aalavina.org/revista/enero-febrero-2022/de-pandillera-servidora,De pandillera a servidora,Yes,Enero / Febrero,2022,Aceptación,Teresa O.,Las Vegas,Nevada,El mal juicio de joven era poco en comparación con el orgullo que siente ahora ser parte de Alcohólicos Anónimos,No,No,"Las Vegas, Nevada",
https://www.aalavina.org/revista/enero-febrero-2022/lo-que-aprendi,Lo que aprendí,Yes,Enero / Febrero,2022,Aceptación,Mabel V.,La Paz,,Tuvo que pasar muchos fondos emocionales antes de entregarse al trabajo del programa y entender la riqueza que trae,No,No,La Paz,
https://www.aalavina.org/revista/enero-febrero-2022/un-buen-dia,Un buen día,Yes,Enero / Febrero,2022,Aceptación,Natividad C.,Salem,Oregón,La confianza de su familia era el mayor tesoro que pudo recuperar gracias a la sobriedad,No,No,"Salem, Oregón",
https://www.aalavina.org/revista/enero-febrero-2022/espiritu-vagabundo,Espíritu vagabundo,Yes,Enero / Febrero,2022,Aceptación,Ramiro R.,Pasco,Washington,Aún recuerda cuando cruzó la barrera invisible del alcoholismo y perdió todo el control de su realidad,No,No,"Pasco, Washington",
https://www.aalavina.org/revista/enero-febrero-2022/haciendo-la-unidad,Haciendo la unidad,Yes,Enero / Febrero,2022,Aceptación,Juan B.,Santa Ana,California,Un miembro hace conciencia de qué valor tiene su aporte individual al bienestar del grupo,No,No,"Santa Ana, California",
https://www.aalavina.org/revista/enero-febrero-2022/danos-colaterales,Daños colaterales,Yes,Enero / Febrero,2022,Aceptación,Francisco S.,Gijón,,"El alcohólico afecta las vidas de los demás más allá de su tomadera, y de eso hay que ser responsable",No,No,Gijón,
https://www.aalavina.org/revista/enero-febrero-2022/tema-de-discusion-para-reuniones-enerofebrero-2022,Tema de discusión para reuniones enero/febrero 2022,Yes,Enero / Febrero,2022,Aceptación,,,,,No,Unknown (no location in byline),,
https://www.aalavina.org/revista/enero-febrero-2022/sin-afanes-de-grandeza,Sin afanes de grandeza,Yes,Enero / Febrero,2022,Aceptación,Dagoverto L.,Watsonville,California,"La felicidad es posible un día a la vez, disfrutando del servicio y el compañerismo",No,No,"Watsonville, California",
https://www.aalavina.org/revista/enero-febrero-2022/el-mar-del-alcoholismo,El mar del alcoholismo,Yes,Enero / Febrero,2022,Aceptación,Erasmo B.,Houston,Texas,"Un caso perdido, con una familia desesperada, logró pisar tierra y ver la mano de Dios en su vida",No,Yes,"Houston, Texas",
https://www.aalavina.org/revista/enero-febrero-2022/nueva-perspectiva,Nueva Perspectiva,Yes,Enero / Febrero,2022,Aceptación,Jacobo M.,Chino,California,El dolor finalmente le ayudó a reconocer que su manera no funcionaba,No,No,"Chino, California",
https://www.aalavina.org/revista/enero-febrero-2022/herramienta-valiosa,Herramienta valiosa,Yes,Enero / Febrero,2022,Aceptación,Anónimo.,Chamblee,Georgia,Una compañera se apoya en el servicio y la revista para seguir llevando el mensaje que le ayudó tanto,No,No,"Chamblee, Georgia",
https://www.aalavina.org/revista/enero-febrero-2022/fui-un-titere,Fui un títere,Yes,Enero / Febrero,2022,Aceptación,María Eugenia L.,Tyler,Texas,Ella carecía de poder para tomar sus propias decisiones y sentirse dueña de sus emociones,No,Yes,"Tyler, Texas",
https://www.aalavina.org/revista/enero-febrero-2022/una-semilla,Una semilla,Yes,Enero / Febrero,2022,Aceptación,Anónimo,Smithfield,Carolina del Norte,Todo AA comienza con su primer momento de identificación y aceptación,No,No,"Smithfield, Carolina del Norte",
https://www.aalavina.org/revista/enero-febrero-2022/vivir-sin-complicaciones,Vivir sin complicaciones,Yes,Enero / Febrero,2022,Aceptación,José L.,Guayaquil,,"La vida no se hace más fácil en sobriedad, pero gracias a la aceptación se puede disfrutar plenamente",No,No,Guayaquil,
https://www.aalavina.org/revista/enero-febrero-2022/noticias-de-la-vina-enerofebrero-2022,Noticias de La Viña enero/febrero 2022,Yes,Enero / Febrero,2022,Aceptación,,,,Cuarta edición del Libro Grande en español,No,Unknown (no location in byline),,
https://www.aalavina.org/revista/enero-febrero-2022/cartas-del-lector-enerofebrero-2022,Cartas del lector enero/febrero 2022,Yes,Enero / Febrero,2022,Aceptación,,,,,No,Unknown (no location in byline),,
https://www.aalavina.org/revista/enero-febrero-2022/carta-de-bienvenida-enerofebrero-2022,Carta de Bienvenida enero/febrero 2022,Yes,Enero / Febrero,2022,Aceptación,,,,,No,Unknown (no location in byline),,
https://www.aalavina.org/revista/noviembre-diciembre-2021/humor-noviembrediciembre-2021,Humor noviembre/diciembre 2021,No,Noviembre / Diciembre,2021,AA en familia,,,,,No,Unknown (no location in byline),,
https://www.aalavina.org/revista/noviembre-diciembre-2021/acerca-del-alcoholismo-noviembrediciembre-2021,Acerca del alcoholismo noviembre/diciembre 2021,Yes,Noviembre / Diciembre,2021,AA en familia,,,,"Abuso de alcohol y ""enfermedades de la desesperación""",No,Unknown (no location in byline),,
https://www.aalavina.org/revista/noviembre-diciembre-2021/tenia-que-robar,Tenía que robar,Yes,Noviembre / Diciembre,2021,AA en familia,Anónimo,Fort Worth,Texas,Su fondo lo lleva a andar de vagabundo sin rumbo por las calles hasta aceptar ayuda y llegar a AA,No,Yes,"Fort Worth, Texas",
https://www.aalavina.org/revista/noviembre-diciembre-2021/una-condicion-espiritual-efectiva,Una condición espiritual efectiva,Yes,Noviembre / Diciembre,2021,AA en familia,Luis R.,Veracruz,,"La recuperación interior aunada al servicio a los demás, le refresca un nuevo propósito para vivir",No,No,Veracruz,
https://www.aalavina.org/revista/noviembre-diciembre-2021/ganas-y-conviccion,Ganas y convicción,Yes,Noviembre / Diciembre,2021,AA en familia,Juan M.,Las Vegas,Nevada,"Una vez que acepta su problema, sintió una gran tranquilidad por todo lo que el programa le ha dado",No,No,"Las Vegas, Nevada",
https://www.aalavina.org/revista/noviembre-diciembre-2021/deuda-de-gratitud,Deuda de gratitud,Yes,Noviembre / Diciembre,2021,AA en familia,Juan H.,San José,California,"No parecía haber un escape a su fondo, pero ahora sirve para regresar la dádiva que el programa le regaló",No,No,"San José, California",
https://www.aalavina.org/revista/noviembre-diciembre-2021/como-me-ayudo-la-vina,Cómo me ayudó La Viña,Yes,Noviembre / Diciembre,2021,AA en familia,F.F.L.,Atlanta,Georgia,"Tenía miedo de preguntar acerca del programa en su grupo, pero las historias de la revista le guiaron con sus experiencias",No,No,"Atlanta, Georgia",
https://www.aalavina.org/revista/noviembre-diciembre-2021/la-moneda-mas-pequena,La moneda más pequeña,Yes,Noviembre / Diciembre,2021,AA en familia,Héctor O.G.,Veracruz,,Un miembro resalta la importancia de ser conciente de la actitud con la que se perciben las contribuciones para servicios generales,No,No,Veracruz,
https://www.aalavina.org/revista/noviembre-diciembre-2021/un-nuevo-camino,Un nuevo camino,Yes,Noviembre / Diciembre,2021,AA en familia,Anónimo,San José,California,Una nueva oportunidad para vivir mejor va de la mano con su decisión de tomar las acciones adecuadas,No,No,"San José, California",
https://www.aalavina.org/revista/noviembre-diciembre-2021/mas-alla-de-la-botella,Mas allá de la botella,Yes,Noviembre / Diciembre,2021,AA en familia,José M.,Houston,Texas,"Un nuevo horizonte se hace posible en su vida, encaminándose con un Poder Superior",No,Yes,"Houston, Texas",
https://www.aalavina.org/revista/noviembre-diciembre-2021/papa-soltero,Papá soltero,Yes,Noviembre / Diciembre,2021,AA en familia,Luis U.,La Paz,,Su experiencia en apadrinamiento y servicio le ha ayudado ser responsable con su hijo,No,No,La Paz,
https://www.aalavina.org/revista/noviembre-diciembre-2021/nuevas-costumbres,Nuevas costumbres,Yes,Noviembre / Diciembre,2021,AA en familia,J. V.,Bakersfield,California,No creía poder pasar las fiestas de fin de año sin beber,No,No,"Bakersfield, California",
https://www.aalavina.org/revista/noviembre-diciembre-2021/gracias-por-hacer-la-unidad,Gracias por hacer la unidad,Yes,Noviembre / Diciembre,2021,AA en familia,Blanca L.,Placentia,California,"No podía ver la gravedad de su problema por sí sola, fue con la ayuda de su grupo que logró recuperarse y salir adelante",No,No,"Placentia, California",
https://www.aalavina.org/revista/noviembre-diciembre-2021/una-familia-feliz,“Una familia feliz”,Yes,Noviembre / Diciembre,2021,AA en familia,Buma F.,Atlanta,Georgia,"Vino con su familia buscando el sueño americano, pero su necesidad de tomar tuvo prioridad",No,No,"Atlanta, Georgia",
https://www.aalavina.org/revista/noviembre-diciembre-2021/las-decisiones-de-grupo,Las decisiones de grupo,Yes,Noviembre / Diciembre,2021,AA en familia,Ana F.,Gijón,,"La conciencia de grupo es más que una mera votación, pero hay que estar dispuestos a ser consecuentes con las decisiones que se tomen",No,No,Gijón,
https://www.aalavina.org/revista/noviembre-diciembre-2021/dios-como-gobernador,Dios como gobernador,Yes,Noviembre / Diciembre,2021,AA en familia,Jesús A.,,,Un miembro reflexiona sobre el Tercer Paso y cómo lo aplica con los compañeros de su grupo,No,Unknown (no location in byline),,
https://www.aalavina.org/revista/noviembre-diciembre-2021/tema-de-discusion-para-reuniones-noviembrediciembre-2021,Tema de discusión para reuniones noviembre/diciembre 2021,Yes,Noviembre / Diciembre,2021,AA en familia,,,,,No,Unknown (no location in byline),,
https://www.aalavina.org/revista/noviembre-diciembre-2021/tocando-fondo-en-el-rio,Tocando fondo en el río,Yes,Noviembre / Diciembre,2021,AA en familia,Rubén P.,Oregon,Arizona,Él se dio cuenta de manera sorprendente de la ingobernabilidad con la que vivía y hacía pasar a su familia,No,No,"Oregon, Arizona",
https://www.aalavina.org/revista/noviembre-diciembre-2021/estas-listo,¿Estás listo?,Yes,Noviembre / Diciembre,2021,AA en familia,Antonio A.,Las Vegas,Nevada,"La fe y paciencia de sus padres, y que supieron dónde llevarlo en el momento preciso, le salvó la vida",No,No,"Las Vegas, Nevada",
https://www.aalavina.org/revista/noviembre-diciembre-2021/en-las-manos-de-dios,En las manos de Dios,Yes,Noviembre / Diciembre,2021,AA en familia,Leandro C.,Santa Ana,California,"En las montañas de San Gabriel, un padre vive la experiencia de un Tercer Paso real, cuando su hija adorada sufre un accidente",No,No,"Santa Ana, California",
https://www.aalavina.org/revista/noviembre-diciembre-2021/igual-su-papa,Igual a su papá,Yes,Noviembre / Diciembre,2021,AA en familia,Ramon G.,Irving,Texas,"Creció viendo a su papá estar sobrio en AA, pero ocupaba su propia experiencia para aceptar la recuperación",No,Yes,"Irvin, Texas","Source spelling: ""Irvin"""
https://www.aalavina.org/revista/noviembre-diciembre-2021/la-familia-de-un-borracho,La familia de un borracho,Yes,Noviembre / Diciembre,2021,AA en familia,Luis R.,Binglewood,California,"A pesar de terminar alcohólico como su padre, las enseñanzas de su madre le ayudaron a caer en razón",No,No,"Binglewood, California",
https://www.aalavina.org/revista/noviembre-diciembre-2021/la-aceptacion,La aceptación,Yes,Noviembre / Diciembre,2021,AA en familia,Magdalena J.,Guadalajara,Jalisco,"Su carrera alcohólica comenzó con las fiestas navideñas en México, buscando la aceptación de su familia, siguiendo en busca de un Poder Superior",No,No,"Guadalajara, Jalisco",
https://www.aalavina.org/revista/noviembre-diciembre-2021/cartas-del-lector-noviembrediciembre-2021,Cartas del lector noviembre/diciembre 2021,Yes,Noviembre / Diciembre,2021,AA en familia,,,,,No,Unknown (no location in byline),,
https://www.aalavina.org/revista/noviembre-diciembre-2021/carta-de-bienvenida-noviembrediciembre-2021,Carta de Bienvenida noviembre/diciembre 2021,Yes,Noviembre / Diciembre,2021,AA en familia,,,,,No,Unknown (no location in byline),,
https://www.aalavina.org/revista/septiembre-octubre-2021/humor-de-septiembreoctubre-2021,Humor de septiembre/octubre 2021,No,Septiembre / Octubre,2021,AA en las prisiones,,,,,No,Unknown (no location in byline),,
https://www.aalavina.org/revista/septiembre-octubre-2021/acerca-del-alcoholismo-septiembreoctubre-2021,Acerca del alcoholismo septiembre/octubre 2021,Yes,Septiembre / Octubre,2021,AA en las prisiones,,,,"Cuando el abuso del alcohol sube, menos buscan ayuda",No,Unknown (no location in byline),,
https://www.aalavina.org/revista/septiembre-octubre-2021/el-desespero,El desespero,Yes,Septiembre / Octubre,2021,AA en las prisiones,Héctor O.G.,Veracruz,,"Su alcoholismo se sentía como ser una mariposa pegada en una telaraña, sólo Dios le salva",No,No,Veracruz,
https://www.aalavina.org/revista/septiembre-octubre-2021/el-servicio-de-telefonos,El Servicio de Teléfonos,Yes,Septiembre / Octubre,2021,AA en las prisiones,Jesús A.,,,"Un compañero nos cuenta desde España, cómo le ha ayudado este importante servicio para su recuperación",No,Unknown (no location in byline),Área 6,Group/institution: Área 6
https://www.aalavina.org/revista/septiembre-octubre-2021/cerveza-y-video-juegos,Cerveza y video juegos,Yes,Septiembre / Octubre,2021,AA en las prisiones,Román L.,Sarasota,Florida,"Su experiencia comenzó de joven en México, hasta que por fin aceptó su derrota y busca AA",No,No,"Sarasota, Florida",
https://www.aalavina.org/revista/septiembre-octubre-2021/capacitada-para-servir,Capacitada para servir,Yes,Septiembre / Octubre,2021,AA en las prisiones,Hermana Isabel S.,Gijón,,"Tomando de su experiencia sirviendo en su grupo, pudo practicar el mismo espíritu cuando su mamá se enferma de Alzheimer",No,No,Gijón,
https://www.aalavina.org/revista/septiembre-octubre-2021/un-nuevo-orgullo,Un nuevo orgullo,Yes,Septiembre / Octubre,2021,AA en las prisiones,Yolanda D.,San José,California,"Como madre soltera, ella muchas veces escondía su condición alcohólica de sus hijas, y hoy vive una experiencia totalmente diferente",No,No,"San José, California",
https://www.aalavina.org/revista/septiembre-octubre-2021/la-garantia-de-aa,La garantía de AA,Yes,Septiembre / Octubre,2021,AA en las prisiones,Anónimo,,,"Tras la pérdida de su esposo, ella también se enferma de COVID, y recibe el apoyo de AA para seguir adelante",No,Unknown (no location in byline),,
https://www.aalavina.org/revista/septiembre-octubre-2021/querida-companera,Querida compañera,Yes,Septiembre / Octubre,2021,AA en las prisiones,Anónimo,,,Una compañera escribe una carta para motivar a aquellas nuevas al programa,No,Unknown (no location in byline),,
https://www.aalavina.org/revista/septiembre-octubre-2021/en-las-discotecas,En las discotecas,Yes,Septiembre / Octubre,2021,AA en las prisiones,Nerys B.,,New York,,No,No,"Suffolk County, New York",Group/institution: Suffolk County
https://www.aalavina.org/revista/septiembre-octubre-2021/nunca-es-tarde,Nunca es tarde,Yes,Septiembre / Octubre,2021,AA en las prisiones,Rodrigo D.,Medellín,,"El alcohol tomaba prevalencia en su vida poco a poco, distanciándolo de sus seres queridos, pero la recuperación le ayuda a cerrar la brecha",No,No,"Grupo La Gloria, Medellín",Group/institution: Grupo La Gloria
https://www.aalavina.org/revista/septiembre-octubre-2021/una-realidad-cegada,Una realidad cegada,Yes,Septiembre / Octubre,2021,AA en las prisiones,Eddy D.A.,San José,California,El alcohol no le permitía ver cómo lo iba perdiendo todo a causa de su enfer-medad,No,No,"San José, California",
https://www.aalavina.org/revista/septiembre-octubre-2021/soy-ateo-o-agnostico,¿Soy ateo o agnóstico?,Yes,Septiembre / Octubre,2021,AA en las prisiones,J.R.,Reno,Nevada,Un miembro usa su experiencia personal con la que empieza a navegar su camino espiritual,No,No,"Reno, Nevada",
https://www.aalavina.org/revista/septiembre-octubre-2021/el-gran-objetivo-de-aa,El gran objetivo de AA,Yes,Septiembre / Octubre,2021,AA en las prisiones,Anónimo,Bakersfield,California,La unidad de los miembros y los grupos es clave para llevar el mensaje a quien lo necesite,No,No,"Bakersfield, California",
https://www.aalavina.org/revista/septiembre-octubre-2021/compromiso-y-servicio,Compromiso y servicio,Yes,Septiembre / Octubre,2021,AA en las prisiones,Anónimo,,,El Primer Paso fue el inicio de su compromiso con él mismo y con la comunidad,No,Unknown (no location in byline),,
https://www.aalavina.org/revista/septiembre-octubre-2021/tema-de-discusion-para-reuniones-septiembreoctubre-2021,Tema de discusión para reuniones septiembre/octubre 2021,Yes,Septiembre / Octubre,2021,AA en las prisiones,,,,,No,Unknown (no location in byline),,
https://www.aalavina.org/revista/septiembre-octubre-2021/programa-de-honestidad,Programa de Honestidad,Yes,Septiembre / Octubre,2021,AA en las prisiones,Juan Ricardo L.,Tehachapi,California,Sus padrinos le explicaron la importancia de ser honesto para su recuperación,No,No,"Tehachapi, California",
https://www.aalavina.org/revista/septiembre-octubre-2021/mi-prision-en-una-botella,Mi prisión en una botella,Yes,Septiembre / Octubre,2021,AA en las prisiones,Sara S.,Carbondale,Colorado,"Mientras las mujeres compartían sus historias sobre las ofensas que cometieron, la pregunta que se hizo a sí misma fue ... ¿No lo hicimos todas?",No,No,"Carbondale, Colorado",
https://www.aalavina.org/revista/septiembre-octubre-2021/instituciones,Instituciones,Yes,Septiembre / Octubre,2021,AA en las prisiones,Oscar P.,Desamparados,,"Un miembro de la Oficina Intergrupal en Costa Rica, relata cómo se maneja el servicio de instituciones",No,No,"Comité de Instituciones, Oficina Intergrupal de Desamparados","Group/area: Comité de Instituciones, Oficina Intergrupal"
https://www.aalavina.org/revista/septiembre-octubre-2021/la-llave-magica,La llave mágica,Yes,Septiembre / Octubre,2021,AA en las prisiones,Roberto R.,Houston,Texas,"Al encontrar la recuperación en su grupo base, su vida cambia increíblemente",No,Yes,"Houston, Texas",
https://www.aalavina.org/revista/septiembre-octubre-2021/sin-salida,Sin Salida,Yes,Septiembre / Octubre,2021,AA en las prisiones,Luis M.,Aurora,Colorado,"Su vida era un círculo vicioso del alcohol y sus consecuencias, hasta que tuvo un despertar espiritual",No,No,"Aurora, Colorado",
https://www.aalavina.org/revista/septiembre-octubre-2021/este-donde-este,Esté donde esté,Yes,Septiembre / Octubre,2021,AA en las prisiones,Manuel A.,Pinellas Park,Florida,"Un miembro nos escribe desde la cárcel, y comparte su esperanza para vivir cada día contento",No,No,"Pinellas Park, Florida",
https://www.aalavina.org/revista/septiembre-octubre-2021/noticias-de-aa-de-septiembreoctubre-del-2021,Noticias de AA de septiembre/octubre del 2021,Yes,Septiembre / Octubre,2021,AA en las prisiones,,,,La 71.ª Conferencia de Servicios Generales se reúne,No,Unknown (no location in byline),,
https://www.aalavina.org/revista/septiembre-octubre-2021/cartas-del-lector-septiembreoctubre-2021,Cartas del lector septiembre/octubre 2021,Yes,Septiembre / Octubre,2021,AA en las prisiones,,,,,No,Unknown (no location in byline),,
https://www.aalavina.org/revista/septiembre-octubre-2021/carta-de-bienvenida-septiembreoctubre-2021,Carta de Bienvenida septiembre/octubre 2021,Yes,Septiembre / Octubre,2021,AA en las prisiones,,,,,No,Unknown (no location in byline),,
https://www.aalavina.org/Nuevo-responsable-de-publicacion-AAGV,Anuncio: Nuevo responsable de publicación del Grapevine,No,Julio / Agosto,2021,25 Aniversario de La Viña,,,,,No,Unknown (no location in byline),,
https://www.aalavina.org/sigue-lavina,¡Sigue a Grapevine y La Viña en Instagram!,No,Noviembre / Diciembre,2021,AA en familia,,,,"Nos complace anunciar que después de la acción de la Conferencia de Servicios Generales del 2021, AA Grapevine, Inc. abrió cuentas de Instagram para las revistas AA Grapevine y La Viña.",No,Unknown (no location in byline),,
https://www.aalavina.org/revista/julio-agosto-2021/el-despacho-de-servicios-de-grupo,El despacho de servicios de grupo,Yes,Julio / Agosto,2021,25 Aniversario de La Viña,Craig W.,,,"La OSG en Nueva York ayuda a guiar y unir a los grupos de EE.UU. y Canadá en inglés, español y francés",No,Unknown (no location in byline),Coordinador de servicios de grupo,"Byline gives a role/medium, not a place: Coordinador de servicios de grupo"
https://www.aalavina.org/revista/julio-agosto-2021/alcoholica-yo,"¿Alcohólica, yo?",Yes,Julio / Agosto,2021,25 Aniversario de La Viña,Limari C.,Condado,Puerto Rico,"Tantas llamadas, tantos compañeros y compañeras estuvieron disponibles para que ella lograra la recuperación",No,No,"Condado, Puerto Rico",
https://www.aalavina.org/revista/julio-agosto-2021/camino-seguro,Camino seguro,Yes,Julio / Agosto,2021,25 Aniversario de La Viña,Antonio G.,Bogotá,,¿Cómo hacen los alcohólicos para organizarse?,No,No,Bogotá,
https://www.aalavina.org/revista/julio-agosto-2021/reflexion-sobre-los-doce-pasos,Reflexión sobre los Doce Pasos,Yes,Julio / Agosto,2021,25 Aniversario de La Viña,Orestes F.,Holguín,,Historia reimpresa de la edición de mayo/junio 1997,No,No,Holguín,
https://www.aalavina.org/revista/julio-agosto-2021/tema-de-discusion-para-reuniones-julioagosto-del-2021,Tema de discusión para reuniones julio/agosto del 2021,Yes,Julio / Agosto,2021,25 Aniversario de La Viña,,,,,No,Unknown (no location in byline),,
https://www.aalavina.org/revista/julio-agosto-2021/mensajes-de-la-comunidad,Mensajes de la Comunidad,Yes,Julio / Agosto,2021,25 Aniversario de La Viña,,,,"Desde febrero, hemos recibido mensajes de miembros alrededor del mundo para celebrar el 25 aniversario",No,Unknown (no location in byline),,
https://www.aalavina.org/revista/julio-agosto-2021/detras-de-las-paginas,Detrás de las páginas,Yes,Julio / Agosto,2021,25 Aniversario de La Viña,,,,Nuestro equipo de La Viña comparte sus mensajes acerca de su experiencia trabajando para la comunidad hispana de Alcohólicos Anónimos,No,Unknown (no location in byline),,
https://www.aalavina.org/revista/julio-agosto-2021/25-anos-de-la-vina,25 años de La Viña,Yes,Julio / Agosto,2021,25 Aniversario de La Viña,,,,"Recorremos el camino de la revista desde el punto de vista de los editores pasados, con anécdotas felices y momentos inolvidables",No,Unknown (no location in byline),,
https://www.aalavina.org/revista/julio-agosto-2021/noticias-de-la-vina-julioagosto-del-2021,Noticias de La Viña julio/agosto del 2021,Yes,Julio / Agosto,2021,25 Aniversario de La Viña,,,,“51 años de la OSG de México”,No,Unknown (no location in byline),,
https://www.aalavina.org/revista/julio-agosto-2021/cartas-del-lector-julioagosto-del-2021,Cartas del lector julio/agosto del 2021,Yes,Julio / Agosto,2021,25 Aniversario de La Viña,,,,Cartas de la edición de noviembre/diciembre 1996,No,Unknown (no location in byline),,
https://www.aalavina.org/revista/julio-agosto-2021/carta-de-bienvenida-julioagosto-del-2021,Carta de Bienvenida julio/agosto del 2021,Yes,Julio / Agosto,2021,25 Aniversario de La Viña,,,,,No,Unknown (no location in byline),,
https://www.aalavina.org/revista/julio-agosto-2021/mas-mensajes-de-la-comunidad,(Más) mensajes de la comunidad,No,Julio / Agosto,2021,25 Aniversario de La Viña,,,,"Desde febrero, hemos recibido mensajes de miembros alrededor del mundo para celebrar el 25 aniversario, aquí continuamos el compartimiento con una segunda parte digital",No,Unknown (no location in byline),,
https://www.aalavina.org/revista/julio-agosto-2021/humor-julioagosto-del-2021,Humor julio/agosto del 2021,No,Julio / Agosto,2021,25 Aniversario de La Viña,,,,,No,Unknown (no location in byline),,
https://www.aalavina.org/revista/julio-agosto-2021/acerca-del-alcoholismo-julioagosto-del-2021,Acerca del alcoholismo julio/agosto del 2021,Yes,Julio / Agosto,2021,25 Aniversario de La Viña,,,,,No,Unknown (no location in byline),,
https://www.aalavina.org/Nuevo-Responsable-de-Publicacion,"AA Grapevine, Inc. busca un nuevo Responsable de publicación",No,Mayo / Junio,2021,La Espiritualidad en AA,,,,Anuncio de vacante,No,Unknown (no location in byline),,
https://www.aalavina.org/Acceso-Gratuito-2021,Grapevine y La Viña celebran el Día de los Fundadores con acceso gratuito del 26 de mayo hasta el 10 de junio de 2021,No,Mayo / Junio,2021,La Espiritualidad en AA,"Chris C., Editor en Funciones, AA Grapevine, Inc.",,,,No,Unknown (no location in byline),,
https://www.aalavina.org/revista/mayo-junio-2021/humor-mayojunio-2021,Humor mayo/junio 2021,No,Mayo / Junio,2021,La Espiritualidad en AA,,,,,No,Unknown (no location in byline),,
https://www.aalavina.org/revista/mayo-junio-2021/acerca-del-alcoholismo-mayojunio-2021,Acerca del alcoholismo mayo/junio 2021,Yes,Mayo / Junio,2021,La Espiritualidad en AA,,,,Estudio histórico: AA funciona,No,Unknown (no location in byline),,
https://www.aalavina.org/revista/mayo-junio-2021/lo-mas-valioso-de-todo,Lo Más Valioso De Todo,Yes,Mayo / Junio,2021,La Espiritualidad en AA,Anónimo,Salem,Oregon,Su forma de vivir ha cambiado gracias al programa de AA,No,No,"Salem, Oregon",
https://www.aalavina.org/revista/mayo-junio-2021/creando-un-oasis-espiritual,Creando un Oasis Espiritual,Yes,Mayo / Junio,2021,La Espiritualidad en AA,José Joaquín R.,Cartago Valle,,"Cómo y por qué se creó un grupo en Cartago Valle, Colombia",No,No,Cartago Valle,
https://www.aalavina.org/revista/mayo-junio-2021/los-frutos-del-reparo,Los frutos del reparo,Yes,Mayo / Junio,2021,La Espiritualidad en AA,P.P.,Tucson,Arizona,Una compañera comparte acerca de la dolorosa pérdida de su madre,No,No,"Tucson, Arizona",
https://www.aalavina.org/revista/mayo-junio-2021/el-libro-doce-y-doce,El libro Doce y Doce,Yes,Mayo / Junio,2021,La Espiritualidad en AA,Domingo V.,Gaithersburg,Maryland,Al principio sólo lo leyó porque quería aprenderse las palabras para poder argumentar en el grupo,No,No,"Gaithersburg, Maryland",
https://www.aalavina.org/revista/mayo-junio-2021/un-domingo-maravilloso,Un domingo maravilloso,Yes,Mayo / Junio,2021,La Espiritualidad en AA,Liza M.,Bakersfield,California,,No,No,"Bakersfield, California",
https://www.aalavina.org/revista/mayo-junio-2021/una-buena-alcoholica,Una buena alcohólica,Yes,Mayo / Junio,2021,La Espiritualidad en AA,Anónimo,Stanton,California,"Tras la pérdida de su madrina a causa del cáncer, sus lecciones perduran",No,No,"Stanton, California",
https://www.aalavina.org/revista/mayo-junio-2021/el-camino-facil,El camino fácil,Yes,Mayo / Junio,2021,La Espiritualidad en AA,Anónimo,Vancouver,Washington,"Con cinco años sobrio, su pareja lo dejó por otro y él recayó",No,No,"Vancouver, Washington",
https://www.aalavina.org/revista/mayo-junio-2021/suenos-rotos,Sueños rotos,Yes,Mayo / Junio,2021,La Espiritualidad en AA,M.S.,Louisville,Kentucky,"A pesar de perder su camino, la fe de su familia le ayudó a buscar una solución espiritual",No,No,"Louisville, Kentucky",
https://www.aalavina.org/revista/mayo-junio-2021/lagunas-mentales,Lagunas mentales,Yes,Mayo / Junio,2021,La Espiritualidad en AA,Reymundo,Houston,Texas,"Sus borracheras quedaban en el olvido, hasta que una noche se quedó dormido en el volante",No,Yes,"Houston, Texas",
https://www.aalavina.org/revista/mayo-junio-2021/tirado-en-la-banqueta,Tirado en la banqueta,Yes,Mayo / Junio,2021,La Espiritualidad en AA,Lorenzo S.,Las Vegas,Nevada,"Tocando fondo, fue recibido a su grupo con tolerancia y paciencia pese a sus defectos",No,No,"Las Vegas, Nevada",
https://www.aalavina.org/revista/mayo-junio-2021/la-unica-autoridad,La única autoridad,Yes,Mayo / Junio,2021,La Espiritualidad en AA,Francisco P.,Gijón,,"El liderazgo se manifiesta como servicio a los grupos, no autoridad",No,No,Gijón,
https://www.aalavina.org/revista/mayo-junio-2021/reencuentro-con-si-mismo,Reencuentro con sí mismo,Yes,Mayo / Junio,2021,La Espiritualidad en AA,Martín J.,Anaheim,California,El Segundo Paso le hizo volver a confiar en ese Dios al que había olvidado,No,No,"Anaheim, California",
https://www.aalavina.org/revista/mayo-junio-2021/cual-dios,¿Cuál Dios?,Yes,Mayo / Junio,2021,La Espiritualidad en AA,Anónimo,Houston,Texas,Un miembro relata el cambio de una enemistad a amistad con su Poder Superior,No,Yes,"Houston, Texas",
https://www.aalavina.org/revista/mayo-junio-2021/tema-de-discusion-mayojunio-2021,Tema de discusión mayo/junio 2021,Yes,Mayo / Junio,2021,La Espiritualidad en AA,,,,,No,Unknown (no location in byline),,
https://www.aalavina.org/revista/mayo-junio-2021/dando-gracias-un-nuevo-dia,Dando gracias a un nuevo día,Yes,Mayo / Junio,2021,La Espiritualidad en AA,Marcos V.,Tucson,Arizona,Su padrino le aconsejaba que viera todas sus bendiciones,No,No,"Tucson, Arizona",
https://www.aalavina.org/revista/mayo-junio-2021/el-camino-de-la-luz,El camino de la luz,Yes,Mayo / Junio,2021,La Espiritualidad en AA,Anónimo,San Antonio,Texas,Veía que la gente de AA estaba tranquila con mucha paz y serenidad,No,Yes,"San Antonio, Texas",
https://www.aalavina.org/revista/mayo-junio-2021/la-oracion-de-la-serenidad,La oración de la serenidad,Yes,Mayo / Junio,2021,La Espiritualidad en AA,Baltazar M.,Ben Wheeler,Texas,Antes deseaba morirse y hoy disfruta cada día con una actitud positiva,No,Yes,"Ben Wheeler, Texas",
https://www.aalavina.org/revista/mayo-junio-2021/curando-la-herida,Curando la herida,Yes,Mayo / Junio,2021,La Espiritualidad en AA,Anónimo,Guayaquil,,El perdón es una consecuencia hermosa de la misericordia,No,No,Guayaquil,
https://www.aalavina.org/revista/mayo-junio-2021/hay-una-solucion,Hay una solución,Yes,Mayo / Junio,2021,La Espiritualidad en AA,Fortunato Z.,Bogotá,,Creer en Dios es obtener un poder que nos da la fuerza que necesitamos para mantenernos sobrios,No,No,Bogotá,
https://www.aalavina.org/revista/mayo-junio-2021/el-deseo-de-cambiar,El deseo de cambiar,Yes,Mayo / Junio,2021,La Espiritualidad en AA,Luis A. AANR,Bronx,New York,En AA le dijeron que cuando tuviera ganas de criticar que lo hiciera frente a un espejo,No,No,"Bronx, New York",
https://www.aalavina.org/revista/mayo-junio-2021/cartas-del-lector-mayojunio-2021,Cartas del lector mayo/junio 2021,Yes,Mayo / Junio,2021,La Espiritualidad en AA,,,,,No,Unknown (no location in byline),,
https://www.aalavina.org/revista/mayo-junio-2021/carta-de-bienvenida-mayojunio-2021,Carta de Bienvenida mayo/junio 2021,Yes,Mayo / Junio,2021,La Espiritualidad en AA,,,,,No,Unknown (no location in byline),,
https://www.aalavina.org/revista/mayo-junio-2021/verla-crecer,Verla crecer,Yes,Mayo / Junio,2021,La Espiritualidad en AA,Samuel I.,Cleburne,Texas,"Un miembro cuenta lo difícil que fue lograr la sobriedad, pero la recompensa se ve hoy en poder participar en la vida de su hija",No,Yes,"Cleburne, Texas",
https://www.aalavina.org/revista/marzo-abril-2021/humor-marzoabril-del-2021,Humor marzo/abril del 2021,No,Marzo / Abril,2021,Edición Anual de Nuevos,,,,,No,Unknown (no location in byline),,
https://www.aalavina.org/revista/marzo-abril-2021/acerca-del-alcoholismo-marabr-2021,Acerca del alcoholismo mar/abr 2021,Yes,Marzo / Abril,2021,Edición Anual de Nuevos,,,,Cada vez se supera menos la barra,No,Unknown (no location in byline),,
https://www.aalavina.org/revista/marzo-abril-2021/renacer,Renacer,Yes,Marzo / Abril,2021,Edición Anual de Nuevos,J.P.,Fort Worth,Texas,Su grupo base le proporcionó una vida de servicio y principios espirituales,No,Yes,"Forth Worth, Texas","Source spelling: ""Forth Worth"""
https://www.aalavina.org/revista/marzo-abril-2021/el-servicio-de-delegado,El servicio de delegado,Yes,Marzo / Abril,2021,Edición Anual de Nuevos,Lázaro B.,Phoenix,Arizona,Todos los servicios tienen algo en común: están hechos por alcohólicos en recuperación para llevar el mensaje,No,No,"Phoenix, Arizona",
https://www.aalavina.org/revista/marzo-abril-2021/el-triangulo-y-el-circulo-de-aa,El triángulo y el círculo de AA,Yes,Marzo / Abril,2021,Edición Anual de Nuevos,Fortunato Zapoteca,Bogotá,,Diseñar una manera de hacernos útiles como comunidad significó estructurar unos Servicios Generales que preservan la experiencia,No,No,Bogotá,
https://www.aalavina.org/revista/marzo-abril-2021/hoy-lo-primero-primero,"Hoy lo primero, primero",Yes,Marzo / Abril,2021,Edición Anual de Nuevos,Federico R.,Fresno,California,Una relación con su Poder Superior le abre los ojos a una realidad espiritual y llena de provecho,No,No,"Fresno, California",
https://www.aalavina.org/revista/marzo-abril-2021/no-te-desanimes,No te desanimes,Yes,Marzo / Abril,2021,Edición Anual de Nuevos,Paco G.,Garden Grove,California,Su primera experiencia como RLV de su grupo es un bello ejemplo del valor de una actitud positiva,No,No,"Garden Grove, California",
https://www.aalavina.org/revista/marzo-abril-2021/un-buen-porverir,Un buen porverir,Yes,Marzo / Abril,2021,Edición Anual de Nuevos,Anónimo,,,"Con la ayuda de su padrino, un compañero aprende a tomar responsabilidad por las cosas que sí puede cambiar",No,Unknown (no location in byline),,
https://www.aalavina.org/revista/marzo-abril-2021/pertenencia,Pertenencia,Yes,Marzo / Abril,2021,Edición Anual de Nuevos,Arturo C.,Toronto,Ontario,"Su grupo, en Toronto, lo prepara para enfrentar los cambios del 2020 con esperanza para el futuro",No,No,"Toronto, Ontario",
https://www.aalavina.org/revista/marzo-abril-2021/por-que-no-se-quedan-todos,¿Por qué no se quedan todos?,Yes,Marzo / Abril,2021,Edición Anual de Nuevos,José Joaquín R.,Cartago-Valle,,Ello puede ser porque los comités de recepción no existen o no funcionan como debe ser,No,No,Cartago-Valle,
https://www.aalavina.org/revista/marzo-abril-2021/que-se-va-hacer,¿Qué se va a hacer?,Yes,Marzo / Abril,2021,Edición Anual de Nuevos,Amanda C.,Valencia,California,"Su compañero de borrachera era su perro, hasta que su familia le ayudó a aceptar su fondo",No,No,"Valencia, California",
https://www.aalavina.org/revista/marzo-abril-2021/amar,Amar,Yes,Marzo / Abril,2021,Edición Anual de Nuevos,Anónimo,,,"La gratitud y el amor van de la mano en su experiencia, unidos por las acciones que tomamos en el diario vivir",No,Unknown (no location in byline),,
https://www.aalavina.org/revista/marzo-abril-2021/fue-un-infierno,Fue un infierno,Yes,Marzo / Abril,2021,Edición Anual de Nuevos,Raúl P.,El Monte,California,"Sin darse cuenta, su alcoholismo le causó perder el control de su persona y de su vida",No,No,"El Monte, California",
https://www.aalavina.org/revista/marzo-abril-2021/mas-de-lo-que-tenia,Más de lo que tenía,Yes,Marzo / Abril,2021,Edición Anual de Nuevos,Irma C.,Pharr,Texas,"Estando en AA descubrió que la vida no es para sufrir, que siempre habrá mejores tiempos.",No,Yes,"Pharr, Texas",
https://www.aalavina.org/revista/marzo-abril-2021/que-son-las-tradiciones,¿Qué son las Tradiciones?,Yes,Marzo / Abril,2021,Edición Anual de Nuevos,Anónimo,,,Las Doce Tradiciones de AA son principios sugeridos para asegurar la supervivencia de la comunidad,No,Unknown (no location in byline),,
https://www.aalavina.org/revista/marzo-abril-2021/con-el-corazon-en-la-mano,Con el corazón en la mano,Yes,Marzo / Abril,2021,Edición Anual de Nuevos,Fátima B.,Tucson,Arizona,"Una vez en AA, los miembros en el grupo le hablaron de una libertad nueva, una solución y una nueva esperanza",No,No,"Tucson, Arizona",
https://www.aalavina.org/revista/marzo-abril-2021/tema-de-discusion-para-reuniones-marabr-2021,Tema de discusión para reuniones mar//abr 2021,Yes,Marzo / Abril,2021,Edición Anual de Nuevos,,,,,No,Unknown (no location in byline),,
https://www.aalavina.org/revista/marzo-abril-2021/hoy-me-he-sentido-solo,Hoy me he sentido solo,Yes,Marzo / Abril,2021,Edición Anual de Nuevos,Luis A.,Bronx,Nueva York,Su padrino le ayuda a supercar los bajonazos emocionales de su alcoholismo,No,No,"Bronx, Nueva York",
https://www.aalavina.org/revista/marzo-abril-2021/puertas-abiertas,Puertas Abiertas,Yes,Marzo / Abril,2021,Edición Anual de Nuevos,Luis A.,Delano,California,Su propia experiencia le enseñó a valorar el principio de tener las puertas abiertas para el que llega,No,No,"Delano, California",
https://www.aalavina.org/revista/marzo-abril-2021/respirar-profundo,Respirar profundo,Yes,Marzo / Abril,2021,Edición Anual de Nuevos,Joana C.,Anaheim,California,Su grupo le ayuda a poner en práctica la serenidad para ayudar con sus ataques de pánico,No,No,"Anaheim, California",
https://www.aalavina.org/revista/marzo-abril-2021/fuera-de-sus-manos,Fuera de sus manos,Yes,Marzo / Abril,2021,Edición Anual de Nuevos,Alex,San Antonio,Texas,"Él no podía parar su enfermedad progresiva, bebiendo y agrediendo a sus seres queridos",No,Yes,"San Antonio, Texas",
https://www.aalavina.org/revista/marzo-abril-2021/no-importa-la-distancia,No importa la distancia,Yes,Marzo / Abril,2021,Edición Anual de Nuevos,Blas A.,Mesa,Arizona,El lenguaje del corazón le ayuda a sobrellevar la realidad del COVID-19 para su sobriedad,No,No,"Mesa, Arizona",
https://www.aalavina.org/revista/marzo-abril-2021/puerta-la-vida,Puerta a la vida,Yes,Marzo / Abril,2021,Edición Anual de Nuevos,Lucky M.,Brooklyn,New York,Una alcohólica trans viaja a Perú sin esperar encontrar ahí la aceptación que le hacía falta en AA,No,No,"Brooklyn, New York",
https://www.aalavina.org/revista/marzo-abril-2021/noticias-de-aa-marabr-2021,Noticias de AA Mar/Abr 2021,Yes,Marzo / Abril,2021,Edición Anual de Nuevos,,,,Derribando barreras,No,Unknown (no location in byline),,
https://www.aalavina.org/revista/marzo-abril-2021/cartas-del-lector-marzoabril-2021,Cartas del lector marzo/abril 2021,Yes,Marzo / Abril,2021,Edición Anual de Nuevos,,,,,No,Unknown (no location in byline),,
https://www.aalavina.org/revista/marzo-abril-2021/carta-de-bienvenida-marzoabril-2021,Carta de Bienvenida marzo/abril 2021,Yes,Marzo / Abril,2021,Edición Anual de Nuevos,,,,,No,Unknown (no location in byline),,
https://www.aalavina.org/revista/enero-febrero-2021/humor-enerofebrero-del-2021,Humor enero/febrero del 2021,No,Enero / Febrero,2021,El Grupo Base de AA,,,,,No,Unknown (no location in byline),,
https://www.aalavina.org/revista/enero-febrero-2021/acerca-del-alcoholismo-enerofebrero-del-2021,Acerca del alcoholismo enero/febrero del 2021,Yes,Enero / Febrero,2021,El Grupo Base de AA,,,,"AA funciona, han descubierto investigadores",No,Unknown (no location in byline),,
https://www.aalavina.org/revista/enero-febrero-2021/gracias-por-existir,Gracias por existir,Yes,Enero / Febrero,2021,El Grupo Base de AA,Luis Noé R.,Veracruz,,"Con más de veinticinco años de sobriedad, un veterano comparte su gratitud por el tiempo compartido",No,No,Veracruz,
https://www.aalavina.org/revista/enero-febrero-2021/con-mucho-gusto,Con mucho gusto,Yes,Enero / Febrero,2021,El Grupo Base de AA,Alejandro O.,Fort Worth,Texas,Un compañero se recupera de su alcoholismo tomando sugerencias para cambiar su manera de pensar,No,Yes,"Fort Worth, Texas",
https://www.aalavina.org/revista/enero-febrero-2021/busca-pleitos,Busca Pleitos,Yes,Enero / Febrero,2021,El Grupo Base de AA,Alberto G.,Houston,Texas,Dejar de beber le cambió por completo su forma de vivir,No,Yes,"Houston, Texas",
https://www.aalavina.org/revista/enero-febrero-2021/es-un-privilegio-estar-presente,Es un privilegio estar presente,Yes,Enero / Febrero,2021,El Grupo Base de AA,Ángel.,Dallas,Texas,"Ahora en recuperación, el reto es de tratar de disfrutar lo que la vida le provee",No,Yes,"Dallas, Texas",
https://www.aalavina.org/revista/enero-febrero-2021/nuevos-moldes-emocionales,Nuevos moldes emocionales,Yes,Enero / Febrero,2021,El Grupo Base de AA,Anónimo,,,Su grupo le ayuda a entender la importancia de una manera de vivir basada en principios espirituales,No,Unknown (no location in byline),,
https://www.aalavina.org/revista/enero-febrero-2021/un-minimo-de-fe,Un mínimo de fe,Yes,Enero / Febrero,2021,El Grupo Base de AA,Julio O.,,Texas,Cuando llegó hace once meses no había dormido bien por días y sufría de ataques de ansiedad,No,Yes,Texas,
https://www.aalavina.org/revista/enero-febrero-2021/un-servicio-agradable,Un Servicio Agradable,Yes,Enero / Febrero,2021,El Grupo Base de AA,César S.,Los Angeles,California,Un RLV comparte su experiencia haciendo servicio en su grupo de AA,No,No,"Los Angeles, California",
https://www.aalavina.org/revista/enero-febrero-2021/los-aniversarios-ayudan-llevar-el-mensaje,Los Aniversarios ayudan a llevar el mensaje,Yes,Enero / Febrero,2021,El Grupo Base de AA,Héctor O.,Veracruz,,"Debemos festejar los aniversarios, tanto de los miembros como de los grupos, que es una gran oportunidad de transmitir el mensaje de esperanza",No,No,Veracruz,
https://www.aalavina.org/revista/enero-febrero-2021/danos-terceros,Daños a terceros,Yes,Enero / Febrero,2021,El Grupo Base de AA,Miguel R.,Tyler,Texas,Su sobriedad le permite ver con agradecimiento lo que fue su “mala suerte”,No,Yes,"Tyler, Texas",
https://www.aalavina.org/revista/enero-febrero-2021/el-dia-siguiente,El día siguiente,Yes,Enero / Febrero,2021,El Grupo Base de AA,Alicia M.,Waller,Texas,"Tenía una vida en desorden hasta el momento que practica la aceptación, y deja que su hijo la lleve a su primera reunión",No,Yes,"Waller, Texas",
https://www.aalavina.org/revista/enero-febrero-2021/bendita-mentira,Bendita mentira,Yes,Enero / Febrero,2021,El Grupo Base de AA,Scarlet H.,Richmond,California,"Gracias a una compañera con buenas intenciones, su vida ahora está rica en servicio y tranquilidad",No,No,"Richmond, California",
https://www.aalavina.org/revista/enero-febrero-2021/el-que-diran,El qué dirán,Yes,Enero / Febrero,2021,El Grupo Base de AA,Jimenez F.,Longview,Texas,Su miedo de ser juzgado fue derrotado con la identificación hacia los demás compañeros y un espíritu de anonimato en las reuniones,No,Yes,"Longview, Texas",
https://www.aalavina.org/revista/enero-febrero-2021/la-buena-intencion,La buena intención,Yes,Enero / Febrero,2021,El Grupo Base de AA,Jesús R.,Brookshire,Texas,"Pensaba que traería a su amigo para ayudarlo a él, y se dio cuenta de lo que menos pensaba",No,Yes,"Brookshire, Texas",
https://www.aalavina.org/revista/enero-febrero-2021/liberado-de-su-propio-encadenamiento,Liberado de su propio encadenamiento,Yes,Enero / Febrero,2021,El Grupo Base de AA,Juan B.,Dallas,Texas,"AA le ayudó a encontrar el amor propio, a pesar de su pasado, para aprovechar su futuro como hombre libre",No,Yes,"Dallas, Texas",
https://www.aalavina.org/revista/enero-febrero-2021/un-bote-salvavidas,Un bote salvavidas,Yes,Enero / Febrero,2021,El Grupo Base de AA,Antonio G.,Bogotá,,Un miembro visualiza la unidad como el agradecimiento que sienten aquellos que son rescatados de un naufragio,No,No,Bogotá,
https://www.aalavina.org/revista/enero-febrero-2021/una-experiencia-comun,Una experiencia común,Yes,Enero / Febrero,2021,El Grupo Base de AA,Francisco S.,Gijón,,"La motivación del nuevo parece depender más de su voluntad que de la presión que se le dé, según la experiencia de un compañero",No,No,Gijón,
https://www.aalavina.org/revista/enero-febrero-2021/tema-de-discusion-para-reuniones-enefeb-2021,Tema de discusión para reuniones ene/feb 2021,Yes,Enero / Febrero,2021,El Grupo Base de AA,,,,,No,Unknown (no location in byline),,
https://www.aalavina.org/revista/enero-febrero-2021/la-opinion-de-la-minoria,La opinion de la minoria,Yes,Enero / Febrero,2021,El Grupo Base de AA,"Carlos F.,",San Clemente,California,¿Por qué es importante el “Derecho de Apelación” en los grupos?,No,No,"San Clemente, California",
https://www.aalavina.org/revista/enero-febrero-2021/con-la-ayuda-de-mi-grupo-de-aa,Con la ayuda de mi grupo de AA,Yes,Enero / Febrero,2021,El Grupo Base de AA,Leandro C.,Santa Ana,California,Lo poquito que aprendió de sus padres no era suficiente para cambiar su vida y lograr la sobriedad,No,No,"Santa Ana, California",
https://www.aalavina.org/revista/enero-febrero-2021/la-comunidad-de-aa-en-cada-grupo,La comunidad de AA en cada grupo,Yes,Enero / Febrero,2021,El Grupo Base de AA,Ana Isabel F. P.,Gijón,,¿De qué sirve el servicio dentro y fuera de las reuniones?,No,No,Gijón,
https://www.aalavina.org/revista/enero-febrero-2021/aqui-o-alla-con-aa,Aquí o allá con AA,Yes,Enero / Febrero,2021,El Grupo Base de AA,Fermín M.,El Paso,Texas,Un miembro hace uso de su teléfono celular para buscar reuniones donde sea que se encuentre y así mantener su sobriedad,No,Yes,"El Paso, Texas",
https://www.aalavina.org/revista/enero-febrero-2021/una-luz-diferente,Una luz diferente,Yes,Enero / Febrero,2021,El Grupo Base de AA,René F.,Lynn,Massachusetts,Las cámaras de televisión de su carrera profesional no pueden captar su transformación espiritual interna,No,No,"Lynn, Massachusetts",
https://www.aalavina.org/revista/enero-febrero-2021/pronosticando-una-solucion,Pronosticando una solución,Yes,Enero / Febrero,2021,El Grupo Base de AA,Gilberto P.,San Juan Capistrano,California,El objetivo primordial de nuestras reuniones es estar preparados para el que viene mañana,No,No,"San Juan Capistrano, California",
https://www.aalavina.org/revista/enero-febrero-2021/las-fugas-geograficas,Las fugas geográficas,Yes,Enero / Febrero,2021,El Grupo Base de AA,Ricardo Enrique M.,Warwick,New York,Un alcohólico en recuperación aprende a crear una base donde sea que vaya,No,No,"Warwick, New York",
https://www.aalavina.org/revista/enero-febrero-2021/cartas-del-lector-enerofebrero-2021,Cartas del lector enero/febrero 2021,Yes,Enero / Febrero,2021,El Grupo Base de AA,,,,,No,Unknown (no location in byline),,
https://www.aalavina.org/revista/enero-febrero-2021/carta-de-bienvenida-enerofebrero-2021,Carta de Bienvenida enero/febrero 2021,Yes,Enero / Febrero,2021,El Grupo Base de AA,,,,,No,Unknown (no location in byline),,
https://www.aalavina.org/magazine/2021/ene/audio/tema-de-discusion-para-reunions-enefeb-2021,Tema de discusión para reunions ene/feb 2021,Yes,Enero / Febrero,2021,,,,,,Yes,Unknown (no location in byline),,"Site shows placeholder text (""Topics Ninguna"") instead of a theme; Audio-only entry: the page has the audio player but no article text"
https://www.aalavina.org/revista/noviembre-diciembre-2020/humor-noviembrediciembre-2020,Humor noviembre/diciembre 2020,No,Noviembre / Diciembre,2020,Accesibilidades y Comunidades Remotas,,,,,No,Unknown (no location in byline),,
https://www.aalavina.org/revista/noviembre-diciembre-2020/acerca-del-alcoholismo-noviembrediciembre-2020,Acerca del alcoholismo noviembre/diciembre 2020,Yes,Noviembre / Diciembre,2020,Accesibilidades y Comunidades Remotas,,,,Jóvenes se emborrachan y la depresión aumenta,No,Unknown (no location in byline),,
https://www.aalavina.org/revista/noviembre-diciembre-2020/sin-darme-cuenta,Sin darme cuenta,Yes,Noviembre / Diciembre,2020,Accesibilidades y Comunidades Remotas,Miguel C.,Sylmar,California,"Un joven practica el programa un día a la vez y, de un pronto a otro, pasan veintiocho años de una vida llena de amor y alegría",No,No,"Sylmar, California",
https://www.aalavina.org/revista/noviembre-diciembre-2020/aa-no-tiene-fronteras,AA no tiene fronteras,Yes,Noviembre / Diciembre,2020,Accesibilidades y Comunidades Remotas,Juan Manuel C.,La Habana,Cuba,"Ya han pasado más de veinte años desde que la OSG en Cuba se desarrolló, nuestro compañero cuenta cómo México y EE.UU. ayudaron",No,No,"La Habana, Cuba",
https://www.aalavina.org/revista/noviembre-diciembre-2020/volver-celebrar-las-fiestas,Volver a celebrar las fiestas,Yes,Noviembre / Diciembre,2020,Accesibilidades y Comunidades Remotas,Úrsula L.,Las Vegas,Nevada,Poder llegar a compartir la Navidad con su familia no le sería posible sin primero lograr la sobriedad,No,No,"Las Vegas, Nevada",
https://www.aalavina.org/revista/noviembre-diciembre-2020/creando-una-nueva-realidad,Creando una nueva realidad,Yes,Noviembre / Diciembre,2020,Accesibilidades y Comunidades Remotas,Piedad,San José,California,"Sin más opciones, encuentra AA, y el programa le recibe con una solución para cambiar su vida",No,No,"San José, California",
https://www.aalavina.org/revista/noviembre-diciembre-2020/una-responsabilidad-incondicional,Una responsabilidad incondicional,Yes,Noviembre / Diciembre,2020,Accesibilidades y Comunidades Remotas,Sandra A.,Salvador,Bahia,"A pesar de su incomodidad inicial, una compañera aprende el valor del altruismo de AA, como mujer y homosexual.",No,No,"Salvador, Bahia",
https://www.aalavina.org/revista/noviembre-diciembre-2020/valor-para-cambiar,Valor para cambiar,Yes,Noviembre / Diciembre,2020,Accesibilidades y Comunidades Remotas,Alex,Vancouver,Washington,La derrota y la aceptación le abren el camino para aplicar los Doce Pasos en su vida.,No,No,"Vancouver, Washington",
https://www.aalavina.org/revista/noviembre-diciembre-2020/pase-lo-que-pase,Pase lo que pase,Yes,Noviembre / Diciembre,2020,Accesibilidades y Comunidades Remotas,Gildardo L.,Salem,Oregón,"Con el sueño de poder volver a ver a su familia en México, un compañero descubre que la sobriedad no es recompensa, sino un reto diario.",No,No,"Salem, Oregón",
https://www.aalavina.org/revista/noviembre-diciembre-2020/por-que-compartimos,¿Por qué compartimos?,Yes,Noviembre / Diciembre,2020,Accesibilidades y Comunidades Remotas,Juancho C.,Belen-Heredia,,,No,No,Belen-Heredia,
https://www.aalavina.org/revista/noviembre-diciembre-2020/estableciendo-limites,Estableciendo límites,Yes,Noviembre / Diciembre,2020,Accesibilidades y Comunidades Remotas,Tere O.,Corvallis,Oregón,La conciencia de grupo le deja muchas preguntas por resolver acerca de cómo apoyamos la salud mental dentro de AA,No,No,"Corvallis, Oregón",
https://www.aalavina.org/revista/noviembre-diciembre-2020/aprendiendo-quererme,Aprendiendo a quererme,Yes,Noviembre / Diciembre,2020,Accesibilidades y Comunidades Remotas,Ángel,Madrid,,"El Cuarto y Quinto Paso fueron la clave para poder perdonar a todos los demás, empezando por sí mismo.",No,No,Madrid,
https://www.aalavina.org/revista/noviembre-diciembre-2020/como-ayudar-distancia,Como ayudar a distancia,Yes,Noviembre / Diciembre,2020,Accesibilidades y Comunidades Remotas,Dominique J.,Plourin le Morlaix,,"En las afueras de París, de luto y en cuarentena, el deseo de no beber la guía − un día a la vez.",No,No,Plourin le Morlaix,
https://www.aalavina.org/revista/noviembre-diciembre-2020/una-vision-para-todos,Una vision para todos,Yes,Noviembre / Diciembre,2020,Accesibilidades y Comunidades Remotas,Fernando C.,Bahía,,"En Brasil, el servicio de Archivos se ha dado a la tarea de celebrar la diversidad de nuestra comunidad de alcohólicos",No,No,Bahía,
https://www.aalavina.org/revista/noviembre-diciembre-2020/de-norte-sur,De norte a sur,Yes,Noviembre / Diciembre,2020,Accesibilidades y Comunidades Remotas,Trish L.,Vancouver,British Columbia,"La custodia general para Canadá, Trish L., comparte su experiencia viajando a Latinoamérica como representante de la OSG de EE.UU. y Canadá",No,No,"Vancouver, British Columbia",
https://www.aalavina.org/revista/noviembre-diciembre-2020/tema-de-discusion-para-reuniones-noviembrediciembre-2020,Tema de discusión para reuniones Noviembre/Diciembre 2020,Yes,Noviembre / Diciembre,2020,Accesibilidades y Comunidades Remotas,,,,,No,Unknown (no location in byline),,
https://www.aalavina.org/revista/noviembre-diciembre-2020/usando-la-tecnologia-para-llevar-el-mensaje-de-aa,Usando la tecnología para llevar el mensaje de AA,Yes,Noviembre / Diciembre,2020,Accesibilidades y Comunidades Remotas,Héctor O.,Xalapa,Veracruz,Un miembro nos invita a reflexionar sobre el uso responsable de nuestros medios de comunicación,No,No,"Xalapa, Veracruz",
https://www.aalavina.org/revista/noviembre-diciembre-2020/el-despacho-de-accesibilidades-y-comunidades-remotas,El despacho de Accesibilidades y Comunidades Remotas,Yes,Noviembre / Diciembre,2020,Accesibilidades y Comunidades Remotas,Irene D.,New York,New York,"La OSG en Nueva York brinda un importante servicio al alcohólico que lo necesita, ayudando a sobrepasar diversos obstáculos de manera individual",No,No,"New York, New York",
https://www.aalavina.org/revista/noviembre-diciembre-2020/seguir-aprendiendo,Seguir Aprendiendo,Yes,Noviembre / Diciembre,2020,Accesibilidades y Comunidades Remotas,Luis A.,New York,New York,Su experiencia con su primera reunión virtual le recuerda el propósito primordial que se resguarda para las futuras generaciones de alcohólicos,No,No,"New York, New York",
https://www.aalavina.org/revista/noviembre-diciembre-2020/un-mensaje-universal,Un mensaje universal,Yes,Noviembre / Diciembre,2020,Accesibilidades y Comunidades Remotas,Carlos H.,Dover,Delaware,Un compañero comparte su experiencia aprendiendo español y forjando amistades a través del programa de AA,No,No,"Dover, Delaware",
https://www.aalavina.org/revista/noviembre-diciembre-2020/espiritualidad-en-cuarentena,¿Espiritualidad en cuarentena?,Yes,Noviembre / Diciembre,2020,Accesibilidades y Comunidades Remotas,Paola M.,Suwanee,Georgia,La compañera comparte su lección de sobriedad emocional como AA y como parte de su familia,No,No,"Suwanee, Georgia",
https://www.aalavina.org/revista/noviembre-diciembre-2020/cartas-del-lector-noviembrediciembre-2020,Cartas del lector Noviembre/Diciembre 2020,Yes,Noviembre / Diciembre,2020,Accesibilidades y Comunidades Remotas,,,,,No,Unknown (no location in byline),,
https://www.aalavina.org/revista/noviembre-diciembre-2020/carta-de-bienvenida-noviembrediciembre-2020,Carta de Bienvenida Noviembre/Diciembre 2020,Yes,Noviembre / Diciembre,2020,Accesibilidades y Comunidades Remotas,,,,,No,Unknown (no location in byline),,
https://www.aalavina.org/revista/septiembre-octubre-2020/la-carta-del-editor,La carta del Editor,No,Septiembre / Octubre,2020,Las Tradiciones de AA,,,,Carta de bienvenida,No,Unknown (no location in byline),,
https://www.aalavina.org/revista/septiembre-octubre-2020/cartas-del-lector,Cartas del lector,No,Septiembre / Octubre,2020,Las Tradiciones de AA,,,,,No,Unknown (no location in byline),,
https://www.aalavina.org/revista/septiembre-octubre-2020/noticias-de-aa-sepoct-2020,Noticias de AA Sep/Oct 2020,No,Septiembre / Octubre,2020,Las Tradiciones de AA,,,,Aspectos importantes de la Conferencia de Servicios Generales 2020,No,Unknown (no location in byline),,
https://www.aalavina.org/revista/septiembre-octubre-2020/una-buena-disposicion,Una buena disposición,No,Septiembre / Octubre,2020,Las Tradiciones de AA,Ana Isabel S.,Gijón,,La tolerancia es una responsabilidad del grupo y de cada individuo para lograr la unidad duradera,No,No,Gijón,
https://www.aalavina.org/revista/septiembre-octubre-2020/por-que-somos-anonimos,Por Qué Somos Anónimos,No,Septiembre / Octubre,2020,Las Tradiciones de AA,Oscar M.,Medellín,,"El principio protege al programa del individualismo, pero no lo deja inerto",No,No,Medellín,
https://www.aalavina.org/revista/septiembre-octubre-2020/la-plegaria-de-la-serenidad,La Plegaria De La Serenidad,No,Septiembre / Octubre,2020,Las Tradiciones de AA,Anónimo,,,Hay que practicar paciencia con nuestros compañeros un día a la vez,No,Unknown (no location in byline),,
https://www.aalavina.org/revista/septiembre-octubre-2020/la-velocidad-de-la-luz,A La Velocidad De La Luz,No,Septiembre / Octubre,2020,Las Tradiciones de AA,"S. Tomas. K.,",Mountain View,California,Un compañero aplica su amor por la ciencia para apreciar los Tres Legados del programa,No,No,"Mountain View, California",
https://www.aalavina.org/revista/septiembre-octubre-2020/el-desinflamiento-del-ego,El desinflamiento del ego,No,Septiembre / Octubre,2020,Las Tradiciones de AA,Antonio D.,Houston,Texas,"Las Tradiciones, a su vez principios espirituales, son tan buenas para el grupo como para el miembro",No,Yes,"Houston, Texas",
https://www.aalavina.org/revista/septiembre-octubre-2020/en-servicio-del-que-sigue,En servicio del que sigue,No,Septiembre / Octubre,2020,Las Tradiciones de AA,Anónimo,,,"Un ateo se recupera, y así ayuda a otros a sentirse bienvenidos y a quedarse",No,Unknown (no location in byline),,
https://www.aalavina.org/revista/septiembre-octubre-2020/un-filosofo-rebelde,Un filósofo rebelde,No,Septiembre / Octubre,2020,Las Tradiciones de AA,Hugo P.,New York,New York,"Una cosa era pensar que sabía lo que era el programa, y ya otra tomar las acciones que le sugerían",No,No,"New York, New York",
https://www.aalavina.org/revista/septiembre-octubre-2020/el-actor,El actor,No,Septiembre / Octubre,2020,Las Tradiciones de AA,Edgar,Irving,Texas,,No,Yes,"Irving, Texas",
https://www.aalavina.org/revista/septiembre-octubre-2020/tema-de-discusion-para-reuniones-sepoct-2020,Tema de Discusión para reuniones sep/oct 2020,No,Septiembre / Octubre,2020,Las Tradiciones de AA,,,,,No,Unknown (no location in byline),,
https://www.aalavina.org/revista/septiembre-octubre-2020/jugando-con-la-vida,Jugando con la vida,No,Septiembre / Octubre,2020,Las Tradiciones de AA,César S.,Van Nuys,California,"Su talento le llevó a jugar fútbol por todo Honduras, pero no pudo contra su peor rival, el alcohol",No,No,"Van Nuys, California",
https://www.aalavina.org/revista/septiembre-octubre-2020/el-mejor-maestro,El mejor maestro,No,Septiembre / Octubre,2020,Las Tradiciones de AA,Miguel H.,San José,California,El apadrinamiento y el dolor le ayudaron a rescatar su vida y disfrutar el presente con sus seres queridos,No,No,"San José, California",
https://www.aalavina.org/revista/septiembre-octubre-2020/la-guerra-interior,La guerra interior,No,Septiembre / Octubre,2020,Las Tradiciones de AA,Carmen M.,Aliso Viejo,California,Su formación en el servicio militar es a su vez el comienzo de un proceso de aceptación de su enfermedad y de un Poder Superior,No,No,"Aliso Viejo, California",
https://www.aalavina.org/revista/septiembre-octubre-2020/nuevo-amanecer,Nuevo amanecer,No,Septiembre / Octubre,2020,Las Tradiciones de AA,Ana S.,Costa Mesa,California,"Mientras pensaba que tenía control sobre su alcoholismo, su sentido de culpa le mantenía en las orillas de la aceptación y la conexión",No,No,"Costa Mesa, California",
https://www.aalavina.org/revista/septiembre-octubre-2020/un-pozo-profundo,Un Pozo Profundo,No,Septiembre / Octubre,2020,Las Tradiciones de AA,Antonio A.,Las Vegas,Nevada,El alcoholismo le justificaba una soledad ficticia pero su familia mantuvo la fe,No,No,"Las Vegas, Nevada",
https://www.aalavina.org/revista/septiembre-octubre-2020/un-sencillo-panfleto,Un sencillo panfleto,No,Septiembre / Octubre,2020,Las Tradiciones de AA,José B.,Philadelphia,Pennsylvania,"Aunque ya él había perdido la esperanza, su hija le trae un panfleto con una oportunidad para cambiar su vida",No,No,"Philadelphia, Pennsylvania",
https://www.aalavina.org/revista/septiembre-octubre-2020/la-paridad-espiritual,La Paridad espiritual,No,Septiembre / Octubre,2020,Las Tradiciones de AA,Urbano S.,Marengo,Illinois,Un compañero aprende sobre el objetivo primordial que existe en los servicios generales más allá del idioma,No,No,"Marengo, Illinois",
https://www.aalavina.org/revista/septiembre-octubre-2020/el-tercer-legado,El tercer legado,No,Septiembre / Octubre,2020,Las Tradiciones de AA,Ramón C.,Delano,California,"Hay muchas maneras de llevar el mensaje, y todos pueden aportar",No,No,"Delano, California",
https://www.aalavina.org/revista/septiembre-octubre-2020/estallando-de-la-risa,Estallando de la risa,No,Septiembre / Octubre,2020,Las Tradiciones de AA,Pedro P.,Reedley,California,Un pequeño inconveniente no les arruina el ánimo para ir a servir a un evento en Las Vegas,No,No,"Reedley, California",
https://www.aalavina.org/revista/septiembre-octubre-2020/por-donde-se-empieza,¿Por Dónde Se Empieza?,No,Septiembre / Octubre,2020,Las Tradiciones de AA,Eladio M.,Caguas,Puerto Rico,El proceso de recuperación es la práctica de priorizar la sobriedad para ayudar a sanar todo lo demás,No,No,"Caguas, Puerto Rico",
https://www.aalavina.org/revista/septiembre-octubre-2020/coordinando-una-reunion-virtual,Coordinando Una Reunión Virtual,No,Septiembre / Octubre,2020,Las Tradiciones de AA,Irene D.,New York,New York,El aprender a llevar el mensaje de forma digital le ayudó a su grupo a cruzar barreras,No,No,"New York, New York",
https://www.aalavina.org/revista/septiembre-octubre-2020/acerca-del-alcoholismo,Acerca del alcoholismo,No,Septiembre / Octubre,2020,Las Tradiciones de AA,,,,Advertencia sobre las bebidas saludables,No,Unknown (no location in byline),,
https://www.aalavina.org/revista/septiembre-octubre-2020/humor,Humor,No,Septiembre / Octubre,2020,Las Tradiciones de AA,,,,,No,Unknown (no location in byline),,
https://www.aalavina.org/revista/julio-agosto-2020/carta-de-bienvenida,Carta de bienvenida,No,Julio / Agosto,2020,AA Alrededor del Mundo,,,,,No,Unknown (no location in byline),,
https://www.aalavina.org/revista/julio-agosto-2020/cartas-del-lector,Cartas del lector,No,Julio / Agosto,2020,AA Alrededor del Mundo,,,,,No,Unknown (no location in byline),,
https://www.aalavina.org/revista/julio-agosto-2020/noticias-de-aa,Noticias de AA,No,Julio / Agosto,2020,AA Alrededor del Mundo,,,,AA está aquí para ayudar,No,Unknown (no location in byline),,
https://www.aalavina.org/revista/julio-agosto-2020/una-celebracion-de-los-85-anos-de-aa,Una celebración de los 85 años de AA,No,Julio / Agosto,2020,AA Alrededor del Mundo,Michele G.,Presidenta de la Junta de Servicios Generales,West Virginia,La Presidenta de la Junta de Servicios Generales de Alcohólicos Anónimos comparte su amor por el lenguaje del corazón de AA,No,No,"Presidenta de la Junta de Servicios Generales, West Virginia",
https://www.aalavina.org/revista/julio-agosto-2020/todos-logran-entender,Todos logran entender,No,Julio / Agosto,2020,AA Alrededor del Mundo,Amalia C.,Rewington,Connecticut,Una intérprete de AA comparte su maravilloso viaje y la alegría que lleva,No,No,"Rewington, Connecticut",
https://www.aalavina.org/revista/julio-agosto-2020/poco-poco,Poco a poco,No,Julio / Agosto,2020,AA Alrededor del Mundo,Nicolas B.,Buenos Aires,,Un alcohólico en Argentina cuenta como reconstruye su vida con la ayuda del programa,No,No,Buenos Aires,
https://www.aalavina.org/revista/julio-agosto-2020/una-vida-anterior,Una vida anterior,No,Julio / Agosto,2020,AA Alrededor del Mundo,José C.,Peekskill,New York,Su enfermedad progresa desde sus días en el ejército en Guatemala hasta llegar a trabajar manejando borracho,No,No,"Peekskill, New York",
https://www.aalavina.org/revista/julio-agosto-2020/el-silbato-del-cartero,El silbato del cartero,No,Julio / Agosto,2020,AA Alrededor del Mundo,Crispin P.,San José,California,Un miembro recuenta su experiencia con un Poder Superior que viaja con él,No,No,"San José, California",
https://www.aalavina.org/revista/julio-agosto-2020/el-buen-andar,El buen andar,No,Julio / Agosto,2020,AA Alrededor del Mundo,José A.,Long Beach,California,Un lindo compartimiento se junta en un viaje por El Salvador,No,No,"Long Beach, California",
https://www.aalavina.org/revista/julio-agosto-2020/una-gran-comunidad,Una Gran Comunidad,No,Julio / Agosto,2020,AA Alrededor del Mundo,Joaquín Antonio Ch.,Desamparados,,Un miembro cuenta su experiencia de recuperación a través de Latinoamérica,No,No,Desamparados,
https://www.aalavina.org/revista/julio-agosto-2020/tema-de-discusion-para-reuniones,Tema de discusión para reuniones,No,Julio / Agosto,2020,AA Alrededor del Mundo,,,,,No,Unknown (no location in byline),,
https://www.aalavina.org/revista/julio-agosto-2020/un-nuevo-amanecer,Un nuevo amanecer,No,Julio / Agosto,2020,AA Alrededor del Mundo,José Joaquin R.,Cartago,,Su grupo comparte sus experiencias con los cambios espirituales en sus vidas,No,No,Cartago,
https://www.aalavina.org/revista/julio-agosto-2020/lo-que-nos-une,Lo que nos une,No,Julio / Agosto,2020,AA Alrededor del Mundo,Anónimo,New York,New York,La unidad es una responsabilidad personal de cada uno,No,No,"New York, New York",
https://www.aalavina.org/revista/julio-agosto-2020/sobre-la-mentira,Sobre la mentira,No,Julio / Agosto,2020,AA Alrededor del Mundo,Julio L.,Castellón de la Plana,,"Antes de llegar a AA, él pensaba que tenía el control sobre sus realidades dispares",No,No,Castellón de la Plana,
https://www.aalavina.org/revista/julio-agosto-2020/tomalo-con-calma,Tómalo con calma,No,Julio / Agosto,2020,AA Alrededor del Mundo,Cecilia O.,San José,California,"El alcohol le proporcionaba momentos de paz entre el caos, pero con AA encontró un bienestar más duradero",No,No,"San José, California",
https://www.aalavina.org/revista/julio-agosto-2020/en-busca-de-ella-misma,En busca de ella misma,No,Julio / Agosto,2020,AA Alrededor del Mundo,Consuelo G.,New York,New York,Su fortaleza como deportista se puso a la prueba hasta finalmente llegar a pedir ayuda espiritual,No,No,"New York, New York",
https://www.aalavina.org/revista/julio-agosto-2020/tome-sugerencias,Tomé sugerencias,No,Julio / Agosto,2020,AA Alrededor del Mundo,Luis S.,Coachella,California,"Nunca pensó que lograría mantenerse sobrio, pero no lo hizo solo",No,No,"Coachella, California",
https://www.aalavina.org/revista/julio-agosto-2020/de-dia-dia,De día a día,No,Julio / Agosto,2020,AA Alrededor del Mundo,Juan M.,Lynn,Massachusetts,La recuperación de su alcoholismo se nota en la manera que vive su vida,No,No,"Lynn, Massachusetts",
https://www.aalavina.org/revista/julio-agosto-2020/un-cafe-y-una-cancion,Un café y una canción,No,Julio / Agosto,2020,AA Alrededor del Mundo,Antonio G.,Bogotá,,Los principios de AA toman vida en el recuento de su experiencia y gratitud,No,No,Bogotá,
https://www.aalavina.org/revista/julio-agosto-2020/un-programa-de-vida,Un programa de vida,No,Julio / Agosto,2020,AA Alrededor del Mundo,Luis F.,Canelones,,La sobriedad le ayuda a recuperar las partes de sí mismo que eran buenas e importantes,No,No,Canelones,
https://www.aalavina.org/revista/julio-agosto-2020/acerca-del-alcoholismo,Acerca del alcoholismo,No,Julio / Agosto,2020,AA Alrededor del Mundo,,,,El abuso de alcohol es un gran factor de riesgo para la demencia,No,Unknown (no location in byline),,
https://www.aalavina.org/revista/julio-agosto-2020/humor,Humor,No,Julio / Agosto,2020,AA Alrededor del Mundo,,,,,No,Unknown (no location in byline),,
https://www.aalavina.org/lleva-el-mensaje,"Proyecto ""Lleva el mensaje""",No,Enero / Febrero,2025,Despertar espiritual,,,,,No,Unknown (no location in byline),,
https://www.aalavina.org/revista/mayo-junio-2020/carta-de-bienvenida,Carta de bienvenida,No,Mayo / Junio,2020,AA en prisiones,,,,,No,Unknown (no location in byline),,
https://www.aalavina.org/revista/mayo-junio-2020/cartas-del-lector,Cartas del lector,No,Mayo / Junio,2020,AA en prisiones,,,,,No,Unknown (no location in byline),,
https://www.aalavina.org/revista/mayo-junio-2020/una-firme-determinacion,Una firme determinación,No,Mayo / Junio,2020,AA en prisiones,Yader A.,Henderson,Nevada,Un miembro escribe desde un centro de detención acerca de cómo ha logrado y mantenido su sobriedad,No,No,"Henderson, Nevada",
https://www.aalavina.org/revista/mayo-junio-2020/sucesos-inexplicables,Sucesos Inexplicables,No,Mayo / Junio,2020,AA en prisiones,Sergio V.,Victorville,California,"Luego de años de las mismas consecuencias, su suerte cambia para lo mejor con la ayuda de AA",No,No,"Victorville, California",
https://www.aalavina.org/revista/mayo-junio-2020/una-buena-impresion,Una Buena impresión,No,Mayo / Junio,2020,AA en prisiones,Margarita A.,Lamont,California,Un grupo se apega a los principios del programa para ayudar a una compañera recién salida de la cárcel,No,No,"Lamont, California",
https://www.aalavina.org/revista/mayo-junio-2020/un-acto-de-fe,Un Acto de fe,No,Mayo / Junio,2020,AA en prisiones,Crispín P.,San José,California,Aprende a reconciliarse con su pasado criminal y con los demás por medio de las sugerencias del programa,No,No,"San José, California",
https://www.aalavina.org/revista/mayo-junio-2020/ni-antes-ni-despues,Ni antes ni después,No,Mayo / Junio,2020,AA en prisiones,Anónimo,,,Un miembro reflexiona sobre su experiencia con la aceptación de su problema de alcoholismo,No,Unknown (no location in byline),,
https://www.aalavina.org/revista/mayo-junio-2020/el-cassette,El cassette,No,Mayo / Junio,2020,AA en prisiones,Isidoro,Santa Rosa,California,"Un alcohólico comparte cómo mantuvo su sobriedad en la cárcel, a pesar de la barrera del idioma",No,No,"Santa Rosa, California",
https://www.aalavina.org/revista/mayo-junio-2020/pura-gente-fea,Pura gente fea,No,Mayo / Junio,2020,AA en prisiones,Anónimo,,,El Comité de Hospitales e Instituciones le cambia la perspectiva errónea a un miembro que no quería nada que ver con AA,No,Unknown (no location in byline),,
https://www.aalavina.org/revista/mayo-junio-2020/carga-ligera,Carga ligera,No,Mayo / Junio,2020,AA en prisiones,José R.,Cartago Valle,,Un miembro cuenta su experiencia con los Pasos y cómo ha logrado mantener su sobriedad a través de la búsqueda de la humildad espiritual,No,No,Cartago Valle,
https://www.aalavina.org/revista/mayo-junio-2020/noticias-desde-la-vina,Noticias desde La Viña,No,Mayo / Junio,2020,AA en prisiones,,,,"¡Gracias, Detroit!",No,Unknown (no location in byline),,
https://www.aalavina.org/revista/mayo-junio-2020/la-vida-del-grupo,La vida del grupo,No,Mayo / Junio,2020,AA en prisiones,J.S.,Gijón,,"Un miembro relata, con su experiencia, la importancia de las Tradiciones de AA",No,No,Gijón,
https://www.aalavina.org/revista/mayo-junio-2020/supe-que-era-mi-lugar,Supe que era mi lugar,No,Mayo / Junio,2020,AA en prisiones,Ladislao T.,Newark,Delaware,"A veces la aceptación empieza con un sentimiento de pertenencia, cuando se oye el mensaje por primera vez",No,No,"Newark, Delaware",
https://www.aalavina.org/revista/mayo-junio-2020/un-joven-muy-terco,Un joven muy terco,No,Mayo / Junio,2020,AA en prisiones,Israel M.,Aurora,Colorado,Su primer intento de sobriedad le enseñó sobre las diferentes facetas de su enfermedad,No,No,"Aurora, Colorado",
https://www.aalavina.org/revista/mayo-junio-2020/noches-de-terror,Noches de terror,No,Mayo / Junio,2020,AA en prisiones,Miguel L.,Wilmington,Delaware,"No sabía que sus pesadillas eran síntomas muy serios del alcoholismo, hasta que fue a una reunión de AA",No,No,"Wilmington, Delaware",
https://www.aalavina.org/revista/mayo-junio-2020/te-pareces-mi,Te pareces a mí,No,Mayo / Junio,2020,AA en prisiones,Anónimo,,,Las mentiras y el alcoholismo lo llevan al punto de la locura,No,Unknown (no location in byline),,
https://www.aalavina.org/revista/mayo-junio-2020/sola-y-vacia,Sola y vacía,No,Mayo / Junio,2020,AA en prisiones,Hardy M.,Fremont,California,"A través de la recuperación, ella aprende a conocerse como nunca antes había podido",No,No,"Fremont, California",
https://www.aalavina.org/revista/mayo-junio-2020/cambio-de-actitud,Cambio de actitud,No,Mayo / Junio,2020,AA en prisiones,Silvia A.,Upper Darby,Pennsylvania,Le costó aceptar ayuda hasta que empezó a sentir que importaba,No,No,"Upper Darby, Pennsylvania",
https://www.aalavina.org/revista/mayo-junio-2020/te-estabamos-esperando,Te estábamos esperando,No,Mayo / Junio,2020,AA en prisiones,Diego R.,Tucson,Arizona,,No,No,"Tucson, Arizona",
https://www.aalavina.org/revista/mayo-junio-2020/el-cheque,El cheque,No,Mayo / Junio,2020,AA en prisiones,Erika R.,Costa Mesa,California,Las recompensas del programa ayudan también a los que nos quieren,No,No,"Costa Mesa, California",
https://www.aalavina.org/revista/mayo-junio-2020/dolores-de-crecimiento,Dolores de crecimiento,No,Mayo / Junio,2020,AA en prisiones,Audencio S.,Fresno,California,Un padre de familia cuenta cómo el alcoholismo casi termina arruinando a su familia,No,No,"Fresno, California",
https://www.aalavina.org/revista/mayo-junio-2020/el-mas-apropiado,El más apropiado,No,Mayo / Junio,2020,AA en prisiones,Abelardo C.,Orange,California,Su padrino le da el empuje para tomar responsabilidad como miembro,No,No,"Orange, California",
https://www.aalavina.org/revista/septiembre-octubre-2020/si-aceptamos,Sí aceptamos,No,Septiembre / Octubre,2020,Las Tradiciones de AA,Damián M.,Cathedral City,California,"Luego de poner el programa primero, AA le da un empujón para que sus sueños se cumplan",No,No,"Cathedral City, California",
https://www.aalavina.org/revista/mayo-junio-2020/aspectos-medicos-legales-y-sociales-del-alcoholismo,"Aspectos médicos, legales y sociales del alcoholismo",No,Mayo / Junio,2020,AA en prisiones,,,,El cerebro y el consumo de alcohol en la adolescencia,No,Unknown (no location in byline),,
https://www.aalavina.org/revista/mayo-junio-2020/humor,Humor,No,Mayo / Junio,2020,AA en prisiones,,,,"""Siendo un alcohólico, tengo problemas con dos cosas: cambios ... y las cosas como son"".",No,Unknown (no location in byline),,
https://www.aalavina.org/revista/mayo-junio-2020/nuestra-gran-responsabilidad,Nuestra gran responsabilidad,No,Mayo / Junio,2020,AA en prisiones,Luis A.,,New York,¿De qué trata el nuevo libro de AAWS?,No,No,New York,
https://www.aalavina.org/revista/marzo-abril-2020/carta-de-bienvenida,Carta de bienvenida,No,Marzo / Abril,2020,Nuevos en AA,,,,,No,Unknown (no location in byline),,
https://www.aalavina.org/revista/marzo-abril-2020/cartas-del-lector,Cartas del lector,No,Marzo / Abril,2020,Nuevos en AA,,,,,No,Unknown (no location in byline),,
https://www.aalavina.org/revista/marzo-abril-2020/mi-motivacion,Mi motivación,No,Marzo / Abril,2020,Nuevos en AA,Elias L.,Houston,Texas,Logra superar su pereza hacia el programa de AA para sentirse “parte de”,No,Yes,"Houston, Texas",
https://www.aalavina.org/revista/marzo-abril-2020/paginas-amarillas,Páginas amarillas,No,Marzo / Abril,2020,Nuevos en AA,Jesús L.,Saginaw,Texas,Encuentra la respuesta a su oración en un momento de desesperación,No,Yes,"Saginaw, Texas",
https://www.aalavina.org/revista/marzo-abril-2020/amor-propio,Amor propio,No,Marzo / Abril,2020,Nuevos en AA,Angélica J.,Fort Worth,Texas,"Con la ayuda de su madrina y de su grupo, logra sentir paz consigo misma",No,Yes,"Fort Worth, Texas",
https://www.aalavina.org/revista/marzo-abril-2020/la-buena-conducta,La Buena Conducta,No,Marzo / Abril,2020,Nuevos en AA,Julio M.,Torrance,California,Hoy entra y sale de los mismos lugares donde una vez fue guardado,No,No,"Torrance, California",
https://www.aalavina.org/revista/marzo-abril-2020/tema-de-discusion,Tema de discusión,No,Marzo / Abril,2020,Nuevos en AA,,,,,No,Unknown (no location in byline),,
https://www.aalavina.org/revista/marzo-abril-2020/me-caian-gordo,Me caían gordo,No,Marzo / Abril,2020,Nuevos en AA,Raúl P.,El Monte,California,"Su complejo de superioridad casi le cuesta su familia, hasta que volvió a pedir ayuda",No,No,"El Monte, California",
https://www.aalavina.org/revista/marzo-abril-2020/bache-existencial,Bache existencial,No,Marzo / Abril,2020,Nuevos en AA,Abe M.,Santa Ana,California,"Después de intentarlo todo para dejar el alcohol, se rinde y se deja guiar",No,No,"Santa Ana, California",
https://www.aalavina.org/revista/marzo-abril-2020/mas-alla-de-mis-suenos,Más allá de mis sueños,No,Marzo / Abril,2020,Nuevos en AA,José F.,Santa Rosa,California,"Cuando las cosas no salen como pensaba, encuentra la verdadera felicidad",No,No,"Santa Rosa, California",
https://www.aalavina.org/revista/marzo-abril-2020/siempre-una-sonrisa,Siempre una sonrisa,No,Marzo / Abril,2020,Nuevos en AA,Rosa F.,Houston,Texas,,No,Yes,"Houston, Texas",
https://www.aalavina.org/revista/marzo-abril-2020/volver-mis-cinco-sentidos,Volver a mis cinco sentidos,No,Marzo / Abril,2020,Nuevos en AA,José A. M.,Santa Ana,California,"Haciendo memoria, un alcohólico ve pruebas del efecto anormal que tiene el alcohol en él",No,No,"Santa Ana, California",
https://www.aalavina.org/revista/marzo-abril-2020/la-duodecima-tradicion,La Duodécima Tradición,No,Marzo / Abril,2020,Nuevos en AA,,,,"El anonimato es la base espiritual de nuestras Tradiciones, recordándonos siempre anteponer los principios a las personalidades.",No,Unknown (no location in byline),,
https://www.aalavina.org/revista/marzo-abril-2020/extranamente-demente,Extrañamente demente,No,Marzo / Abril,2020,Nuevos en AA,Oscar O.,San José,California,"Su enfermedad lo lleva hasta andar por las calles borracho, arriesgando su vida",No,No,"San José, California",
https://www.aalavina.org/revista/marzo-abril-2020/aventura-espiritual,Aventura espiritual,No,Marzo / Abril,2020,Nuevos en AA,César F.,San Clemente,California,"Gracias a AA y a los Pasos, su dignidad como persona se ha recobrado poco a poco",No,No,"San Clemente, California",
https://www.aalavina.org/revista/marzo-abril-2020/un-poder-superior,Un Poder Superior,No,Marzo / Abril,2020,Nuevos en AA,Jesús C.,Costa Mesa,California,El milagro de AA lo encuentra en las acciones que toma día a día,No,No,"Costa Mesa, California",
https://www.aalavina.org/revista/marzo-abril-2020/mis-ahijadas,Mis ahijadas,No,Marzo / Abril,2020,Nuevos en AA,Karla Y.,Mission Hills,California,,No,No,"Mission Hills, California",
https://www.aalavina.org/revista/marzo-abril-2020/mensaje-de-esperanza,Mensaje de Esperanza,No,Marzo / Abril,2020,Nuevos en AA,Antonio D.,Houston,Texas,Un miembro reflexiona sobre lo que lo ayudó a él como nuevo,No,Yes,"Houston, Texas",
https://www.aalavina.org/revista/marzo-abril-2020/una-sociedad-alegre,Una sociedad alegre,No,Marzo / Abril,2020,Nuevos en AA,Beatriz Q.,Houston,Texas,"Con el tiempo ella descubre lo maravilloso de compartir, y de pertenecer a un grupo",No,Yes,"Houston, Texas",
https://www.aalavina.org/revista/marzo-abril-2020/la-recuperacion,La Recuperación,No,Marzo / Abril,2020,Nuevos en AA,Andrea S.,Santa Ana,California,Una alcohólica logra salir de un fondo casi imposible gracias a mucha ayuda,No,No,"Santa Ana, California",
https://www.aalavina.org/revista/marzo-abril-2020/callejon-sin-salida,Callejón sin salida,No,Marzo / Abril,2020,Nuevos en AA,María O.,Houston,Texas,AA le ayuda a retomar su deseo de vivir y de ser madre,No,Yes,"Houston, Texas",
https://www.aalavina.org/revista/marzo-abril-2020/lo-primero-es-lo-primero,Lo Primero es Lo Primero,No,Marzo / Abril,2020,Nuevos en AA,Benjamín L.,Avenal,California,Su vida le cambió el día que asistió a su primera reunión de AA,No,No,"Avenal, California",
https://www.aalavina.org/revista/marzo-abril-2020/amor-y-respeto,Amor y respeto,No,Marzo / Abril,2020,Nuevos en AA,Reynaldo A.,Riverside,California,Un miembro busca en los grupos lo que necesitaba aplicar en su propia vida,No,No,"Riverside, California",
https://www.aalavina.org/revista/marzo-abril-2020/representante-de-aa,Representante de A.A.,No,Marzo / Abril,2020,Nuevos en AA,TGM.,Glendale,Arizona,El servicio le enseña a pasar el mensaje de recuperación,No,No,"Glendale, Arizona",
https://www.aalavina.org/revista/marzo-abril-2020/historia-de-lv,Historia de LV,No,Marzo / Abril,2020,Nuevos en AA,Gilberto A.,San Juan Capistrano,California,Su experiencia como RLV le ayudó a apreciar la importancia de llevar el mensaje de AA a quien lo necesita,No,No,"San Juan Capistrano, California",
https://www.aalavina.org/revista/marzo-abril-2020/una-bonita-labor,Una bonita labor,No,Marzo / Abril,2020,Nuevos en AA,Felipe T.,Dallas,Texas,Ser RLV es un servicio difícil pero enriquecedor,No,Yes,"Dallas, Texas",
https://www.aalavina.org/revista/marzo-abril-2020/alguien-que-me-entienda,Alguien que me entienda,No,Marzo / Abril,2020,Nuevos en AA,Arturo A.,Fremont,California,Los miembros en Guadalajara le sugieren el apadrinamiento para dejar de recaer,No,No,"Fremont, California",
https://www.aalavina.org/revista/marzo-abril-2020/bueno-para-todos,Bueno para todos,No,Marzo / Abril,2020,Nuevos en AA,Sandra G.,San José,California,Una madre soltera ve cómo su sobriedad cambia la vida de su hija,No,No,"San José, California",
https://www.aalavina.org/revista/marzo-abril-2020/los-caminos-del-bien,Los caminos del bien,No,Marzo / Abril,2020,Nuevos en AA,Irma C.,Pharr,Texas,Nunca es tarde para sanar y encontrar la paz de un Poder Superior,No,Yes,"Pharr, Texas",
https://www.aalavina.org/revista/marzo-abril-2020/acerca-del-alcoholismo,Acerca del alcoholismo,No,Marzo / Abril,2020,Nuevos en AA,,,,Beber y repercusiones familiares,No,Unknown (no location in byline),,
https://www.aalavina.org/revista/enero-febrero-2020/carta-de-bienvenida,Carta de bienvenida,No,Enero / Febrero,2020,Defectos de carácter,,,,,No,Unknown (no location in byline),,
https://www.aalavina.org/revista/enero-febrero-2020/cartas-del-lector,Cartas del lector,No,Enero / Febrero,2020,Defectos de carácter,,,,,No,Unknown (no location in byline),,
https://www.aalavina.org/revista/enero-febrero-2020/noticias-de-aa,Noticias de AA,No,Enero / Febrero,2020,Defectos de carácter,,,,La OSG en tu área,No,Unknown (no location in byline),,
https://www.aalavina.org/revista/enero-febrero-2020/un-rebelde-arrepentido,Un rebelde arrepentido,No,Enero / Febrero,2020,Defectos de carácter,José Luis C.,Livermore,California,Su ira lo lleva a huir de su casa sin despedirse,No,No,"Livermore, California",
https://www.aalavina.org/revista/enero-febrero-2020/la-medicina,La medicina,No,Enero / Febrero,2020,Defectos de carácter,Tomás H.,Phoenix,Arizona,"Por primera vez en mi vida, ando con un sentido de bienestar.",No,No,"Phoenix, Arizona",
https://www.aalavina.org/revista/enero-febrero-2020/un-abrazo-la-distancia,Un abrazo a la distancia,No,Enero / Febrero,2020,Defectos de carácter,Leticia R.,Santa Rosa,California,El programa de AA le ayudó a sanar su corazón,No,No,"Santa Rosa, California",
https://www.aalavina.org/revista/enero-febrero-2020/un-gran-prejuicio,Un gran prejuicio,No,Enero / Febrero,2020,Defectos de carácter,Rossy C.,Petaluma,California,Un grupo de mujeres le enseñó a abrir su corazón,No,No,"Petaluma, California",
https://www.aalavina.org/revista/enero-febrero-2020/sin-freno,Sin freno,No,Enero / Febrero,2020,Defectos de carácter,Martín J.,Anaheim,California,Un accidente le recuerda que la sobriedad es una decisión diaria,No,No,"Anaheim, California",
https://www.aalavina.org/revista/enero-febrero-2020/las-apariencias,Las apariencias,No,Enero / Febrero,2020,Defectos de carácter,Elías L.,Houston,Texas,No juzguemos sólo por lo que vemos sobre la superficie,No,Yes,"Houston, Texas",
https://www.aalavina.org/revista/enero-febrero-2020/una-solucion,Una Solución,No,Enero / Febrero,2020,Defectos de carácter,Lucino O.,Houston,Texas,Aún dejando de tomar seguía teniendo problemas emocionales,No,Yes,"Houston, Texas",
https://www.aalavina.org/revista/enero-febrero-2020/tema-de-discusion-para-reuniones,Tema de discusión para reuniones,No,Enero / Febrero,2020,Defectos de carácter,,,,,No,Unknown (no location in byline),,
https://www.aalavina.org/revista/enero-febrero-2020/el-siguiente-nivel,El siguiente nivel,No,Enero / Febrero,2020,Defectos de carácter,César H.,Smithfield,Carolina del Norte,La humildad se tiene que cultivar día tras día con el Paso Siete,No,No,"Smithfield, Carolina del Norte",
https://www.aalavina.org/revista/enero-febrero-2020/lo-que-se-esconde,Lo que se esconde,No,Enero / Febrero,2020,Defectos de carácter,Roberto F.,Gran Canaria,,El Paso Siete es el vehículo para la liberación de sus defectos de carácter,No,No,Gran Canaria,
https://www.aalavina.org/revista/enero-febrero-2020/la-undecima-tradicion,La Undécima Tradición,No,Enero / Febrero,2020,Defectos de carácter,,,,"Nuestra política de relaciones públicas se basa más bien en la atracción que en la promoción; necesitamos mantener siempre nuestro anonimato personal ante la prensa, la radio y el cine.",No,Unknown (no location in byline),,
https://www.aalavina.org/revista/enero-febrero-2020/saber-no-es-hacer,Saber no es hacer,No,Enero / Febrero,2020,Defectos de carácter,Rogelio,San José,California,"Una vez un joven inteligente, su adicción lo llevó a consecuencias irracionales",No,No,"San José, California",
https://www.aalavina.org/revista/enero-febrero-2020/carrito-chocon,Carrito chocón,No,Enero / Febrero,2020,Defectos de carácter,Felipe R.,St. George,Utah,"Aunque obtuvo la camioneta de sus sueños, no lograba manejarla sin tomar",No,No,"St. George, Utah",
https://www.aalavina.org/revista/enero-febrero-2020/sin-salida,Sin Salida,No,Enero / Febrero,2020,Defectos de carácter,Elías M.,North Highlands,California,"Juraba y prometía, pero nada funcionaba para dejar de tomar",No,No,"North Highlands, California",
https://www.aalavina.org/revista/enero-febrero-2020/hoy-no-tengo-miedo,Hoy no tengo miedo,No,Enero / Febrero,2020,Defectos de carácter,José M.,Austin,Texas,"Gracias a AA, su familia ahora cuenta con su padre, esposo e hijo",No,Yes,"Austin, Texas",
https://www.aalavina.org/revista/enero-febrero-2020/perdiendo-el-control,Perdiendo el control,No,Enero / Febrero,2020,Defectos de carácter,Martin R.,Oxnard,California,"Por poco logra quitarse su vida, sin pensar que cambiaría totalmente",No,No,"Oxnard, California",
https://www.aalavina.org/revista/enero-febrero-2020/el-ultimo-recurso,El último recurso,No,Enero / Febrero,2020,Defectos de carácter,Alfonso C.,Sunnyvale,California,"Este miembro necesitaba un milagro para dejar de tomar, así que pidió ayuda",No,No,"Sunnyvale, California",
https://www.aalavina.org/revista/enero-febrero-2020/puente-de-comprension,Puente de comprensión,No,Enero / Febrero,2020,Defectos de carácter,Yulu G.,Fremont,California,Ella aprende a tener compasión por sus compañeros,No,No,"Fremont, California",
https://www.aalavina.org/revista/enero-febrero-2020/quiero-estar-bien,¡Quiero estar bien!,No,Enero / Febrero,2020,Defectos de carácter,Vanessa G.,Fremont,California,Pasaba días en su cuarto sufriendo por la ansiedad con la que vivía,No,No,"Fremont, California",
https://www.aalavina.org/revista/enero-febrero-2020/por-su-propia-cuenta,Por su propia cuenta,No,Enero / Febrero,2020,Defectos de carácter,Nancy A.,Austin,Texas,Aprende que las sugerencias están para ayudarnos a nosotros mismos,No,Yes,"Austin, Texas",
https://www.aalavina.org/revista/enero-febrero-2020/sano-y-contento,Sano y contento,No,Enero / Febrero,2020,Defectos de carácter,Martin,Livermore,California,Un alcohólico aprende a vivir feliz un día a la vez,No,No,"Livermore, California",
https://www.aalavina.org/revista/enero-febrero-2020/un-instrument-de-paz,Un instrument de paz,No,Enero / Febrero,2020,Defectos de carácter,Max R.,San José,California,Su perspectiva hoy le muestra la gran diferencia entre tomar y estar sobrio,No,No,"San José, California",
https://www.aalavina.org/revista/enero-febrero-2020/una-solucion-radical,Una solución radical,No,Enero / Febrero,2020,Defectos de carácter,Carlos M.,Austin,Texas,Su vida sólo empeoraba mientras seguía tomando,No,Yes,"Austin, Texas",
https://www.aalavina.org/revista/enero-febrero-2020/el-hombre-y-el-monstruo,El hombre y el monstruo,No,Enero / Febrero,2020,Defectos de carácter,Anónimo,,,"Su vida iba hacia la tragedia, hasta que lo llevaron a una reunión",No,Unknown (no location in byline),,
https://www.aalavina.org/revista/enero-febrero-2020/una-segunda-oportunidad,Una segunda oportunidad,No,Enero / Febrero,2020,Defectos de carácter,Joel A.,Arlington,Texas,Hoy está contento con el servicio y con el cariño de sus hijos y nietos,No,Yes,"Arlington, Texas",
https://www.aalavina.org/revista/enero-febrero-2020/acerca-del-alcoholismo,Acerca del alcoholismo,No,Enero / Febrero,2020,Defectos de carácter,,,,"Aspectos médicos, legales y sociales del alcoholismo",No,Unknown (no location in byline),,
https://www.aalavina.org/revista/noviembre-diciembre-2019/una-pizca-de-humildad,Una pizca de humildad,No,Noviembre / Diciembre,2019,Nuestra sobriedad durante las ﬁestas,José A.Z.,Stockton,California,El chef no se imaginaba la magia de una vida sin alcohol,No,No,"Stockton, California",
https://www.aalavina.org/revista/noviembre-diciembre-2019/la-decision-mas-importante,La decisión más importante,No,Noviembre / Diciembre,2019,Nuestra sobriedad durante las ﬁestas,Francisco V.,Houston,Texas,"Su vida estaba dominada por alcohol, hasta que ya no pudo más",No,Yes,"Houston, Texas",
https://www.aalavina.org/revista/noviembre-diciembre-2019/ajustando-el-retrovisor,Ajustando el retrovisor,No,Noviembre / Diciembre,2019,Nuestra sobriedad durante las ﬁestas,Rafaela O.,Fort Worth,Texas,El resentimiento no le dejaba apreciar todo el amor que había en su vida,No,Yes,"Fort Worth, Texas",
https://www.aalavina.org/revista/noviembre-diciembre-2019/aconsejemos-con-los-principios,Aconsejemos con los principios,No,Noviembre / Diciembre,2019,Nuestra sobriedad durante las ﬁestas,"Dolores ""Lolita"" B.",Huntington Park,California,Expresa su opinión acerca del amadrinamiento en AA,No,No,"Huntington Park, California",
https://www.aalavina.org/revista/noviembre-diciembre-2019/la-paz-que-buscaba,La paz que buscaba,No,Noviembre / Diciembre,2019,Nuestra sobriedad durante las ﬁestas,Lorena E.,San José,California,Tomaba todas las noches hasta que finalmente escuchó el mensaje de su colega,No,No,"San José, California",
https://www.aalavina.org/revista/noviembre-diciembre-2019/la-fe-en-accion,La fe en acción,No,Noviembre / Diciembre,2019,Nuestra sobriedad durante las ﬁestas,Ebelina O.,San José,California,Su madrina le enseñó cómo usar el programa en su vida y así poder apoyar a su mamá,No,No,"San José, California",
https://www.aalavina.org/revista/noviembre-diciembre-2019/que-hago-yo-aqui,¿Qué hago yo aquí?,No,Noviembre / Diciembre,2019,Nuestra sobriedad durante las ﬁestas,Pilar S.,Fremont,California,"En una sala de AA rodeada de hombres, hacer puente no fue fácil",No,No,"Fremont, California",
https://www.aalavina.org/revista/noviembre-diciembre-2019/ano-nuevo-vida-nueva,"Año nuevo, vida nueva",No,Noviembre / Diciembre,2019,Nuestra sobriedad durante las ﬁestas,Lucio H.,San José,California,"Llegó lleno de culpa y en llanto, y hoy celebra sirviendo a los demás",No,No,"San José, California",
https://www.aalavina.org/revista/noviembre-diciembre-2019/vio-la-luz-amarilla-azul-y-roja,"Vió la luz… amarilla, azul y roja",No,Noviembre / Diciembre,2019,Nuestra sobriedad durante las ﬁestas,Rodrigo R.,Santa Ana,California,Aprende que sólo hay una manera de ponerle freno a su problema de alcoholismo,No,No,"Santa Ana, California",
https://www.aalavina.org/revista/noviembre-diciembre-2019/justicia-divina,Justicia divina,No,Noviembre / Diciembre,2019,Nuestra sobriedad durante las ﬁestas,Bernadino S.,Dallas,Texas,,No,Yes,"Dallas, Texas",
https://www.aalavina.org/revista/noviembre-diciembre-2019/si-funciona,¡Sí funciona!,No,Noviembre / Diciembre,2019,Nuestra sobriedad durante las ﬁestas,Graciela L.,Cathedral City,California,Una nueva le recuerda el cambio que el programa hizo en su vida,No,No,"Cathedral City, California",
https://www.aalavina.org/revista/noviembre-diciembre-2019/hombro-con-hombro,Hombro con hombro,No,Noviembre / Diciembre,2019,Nuestra sobriedad durante las ﬁestas,Anónimo,Santa Ana,California,Un taller de escritores se reúne en California,No,No,"Santa Ana, California",
https://www.aalavina.org/revista/noviembre-diciembre-2019/una-buena-inversion,Una buena inversión,No,Noviembre / Diciembre,2019,Nuestra sobriedad durante las ﬁestas,Eduardo P.,San José,California,Sus compañeros y su madrina lo inspiran a empezar su recuperación a través del servicio,No,No,"San José, California",
https://www.aalavina.org/revista/noviembre-diciembre-2019/sobre-ruedas,Sobre ruedas,No,Noviembre / Diciembre,2019,Nuestra sobriedad durante las ﬁestas,Ramón C.,Delano,California,En la región del Pacífico un servidor comparte el fervor por participar y celebrar,No,No,"Delano, California",
https://www.aalavina.org/revista/noviembre-diciembre-2019/venciendo-el-estigma,Venciendo el estigma,No,Noviembre / Diciembre,2019,Nuestra sobriedad durante las ﬁestas,Andrea S.,Santa Ana,California,"No estaba segura si AA era para ella, pero aceptó la ayuda que le brindaron sin prejuicio",No,No,"Santa Ana, California",
https://www.aalavina.org/revista/noviembre-diciembre-2019/devolviendo-el-favor,Devolviendo el favor,No,Noviembre / Diciembre,2019,Nuestra sobriedad durante las ﬁestas,José Juan V.,Phoenix,Arizona,Un miembro cuenta de su deuda de gratitud hacia los AA que le brindaron amistad y sabiduría,No,No,"Phoenix, Arizona",
https://www.aalavina.org/revista/noviembre-diciembre-2019/las-orillas-del-rio-colorado,A las orillas del río Colorado,No,Noviembre / Diciembre,2019,Nuestra sobriedad durante las ﬁestas,Refugio R.,Bloomington,California,Viajan desde California a Arizona compartiendo gratitud y sobriedad,No,No,"Bloomington, California",
https://www.aalavina.org/revista/noviembre-diciembre-2019/acerca-del-alcoholismo,Acerca del alcoholismo,No,Noviembre / Diciembre,2019,Nuestra sobriedad durante las ﬁestas,,,,"Aspectos médicos, legales y sociales del alcoholismo",No,Unknown (no location in byline),,
https://www.aalavina.org/revista/noviembre-diciembre-2019/tema-de-discusion-para-reuniones,Tema de discusión para reuniones,No,Noviembre / Diciembre,2019,Nuestra sobriedad durante las ﬁestas,,,,,No,Unknown (no location in byline),,
https://www.aalavina.org/revista/noviembre-diciembre-2019/carta-de-bienvenida,Carta de bienvenida,No,Noviembre / Diciembre,2019,Nuestra sobriedad durante las ﬁestas,,,,,No,Unknown (no location in byline),,
https://www.aalavina.org/revista/noviembre-diciembre-2019/cartas-del-lector,Cartas del lector,No,Noviembre / Diciembre,2019,Nuestra sobriedad durante las ﬁestas,,,,,No,Unknown (no location in byline),,
https://www.aalavina.org/revista/noviembre-diciembre-2019/noticias-de-aa,Noticias de AA,No,Noviembre / Diciembre,2019,Nuestra sobriedad durante las ﬁestas,,,,Se reúne la 69a Conferencia de Servicios Generales,No,Unknown (no location in byline),,
https://www.aalavina.org/revista/noviembre-diciembre-2019/un-regalo-para-todos,Un regalo para todos,No,Noviembre / Diciembre,2019,Nuestra sobriedad durante las ﬁestas,Ramón C.,Delano,California,Compartiendo el mensaje de esperanza en El Capulín,No,No,"Delano, California",
https://www.aalavina.org/revista/noviembre-diciembre-2019/vivir-despierto,Vivir despierto,No,Noviembre / Diciembre,2019,Nuestra sobriedad durante las ﬁestas,Armando H.,Conroe,Texas,"Compara su última Navidad borracho, con el presente",No,Yes,"Conroe, Texas",
https://www.aalavina.org/revista/noviembre-diciembre-2019/de-oculto-anonimo,De oculto a anónimo,No,Noviembre / Diciembre,2019,Nuestra sobriedad durante las ﬁestas,Hugo G.,Conroe,Texas,,No,Yes,"Conroe, Texas",
https://www.aalavina.org/revista/noviembre-diciembre-2019/sin-medir-consecuencias,Sin medir consecuencias,No,Noviembre / Diciembre,2019,Nuestra sobriedad durante las ﬁestas,AANRNY,New Rochelle,New York,"Su obsesión por el alcohol, una tormenta de nieve, y una decisión impulsiva",No,No,"New Rochelle, New York",
https://www.aalavina.org/revista/noviembre-diciembre-2019/aprendi-decir-no,Aprendí a decir no,No,Noviembre / Diciembre,2019,Nuestra sobriedad durante las ﬁestas,Pablo N.,Del Valle,Texas,Aprendió a deshacerse de defectos de carácter y pudo celebrar agradeciendo,No,Yes,"Del Valle, Texas",
https://www.aalavina.org/revista/noviembre-diciembre-2019/un-poder-superior-al-alcohol,Un Poder Superior al alcohol,No,Noviembre / Diciembre,2019,Nuestra sobriedad durante las ﬁestas,Leonardo F.,Corcoran,California,"Un troquero sale adelante en bicicleta, aplicando los principios para reparar su vida",No,No,"Corcoran, California",
https://www.aalavina.org/revista/septiembre-octubre-2019/carta-de-bienvenida,Carta de bienvenida,No,Septiembre / Octubre,2019,¿Ateos en AA?,,,,,No,Unknown (no location in byline),,
https://www.aalavina.org/revista/septiembre-octubre-2019/cartas-del-lector,Cartas del lector,No,Septiembre / Octubre,2019,¿Ateos en AA?,,,,,No,Unknown (no location in byline),,
https://www.aalavina.org/revista/septiembre-octubre-2019/noticias-de-aa,Noticias de AA,No,Septiembre / Octubre,2019,¿Ateos en AA?,,,,¡Vamos a Detroit!,No,Unknown (no location in byline),,
https://www.aalavina.org/revista/septiembre-octubre-2019/tema-de-discusion-para-reuniones,Tema de discusión para reuniones,No,Septiembre / Octubre,2019,¿Ateos en AA?,,,,,No,Unknown (no location in byline),,
https://www.aalavina.org/revista/septiembre-octubre-2019/acerca-del-alcoholismo,Acerca del alcoholismo,No,Septiembre / Octubre,2019,¿Ateos en AA?,,,,"Aspectos médicos, legales y sociales del alcoholismo",No,Unknown (no location in byline),,
https://www.aalavina.org/revista/septiembre-octubre-2019/sobrio-sin-dios,Sobrio sin dios,No,Septiembre / Octubre,2019,¿Ateos en AA?,Bill M.,Ithaca,New York,"Hace veintiséis años que es un miembro activo en AA, es ateo y no bebe",No,No,"Ithaca, New York",
https://www.aalavina.org/revista/septiembre-octubre-2019/un-nucleo-de-amor,Un núcleo de amor,No,Septiembre / Octubre,2019,¿Ateos en AA?,Carmen C.,Port St. John,Florida,Una alcohólica agnóstica explica cómo ha logrado su sobriedad y paz espiritual en AA,No,No,"Port St. John, Florida",
https://www.aalavina.org/revista/septiembre-octubre-2019/tenemos-intereses-comunes,Tenemos intereses comunes,No,Septiembre / Octubre,2019,¿Ateos en AA?,Ward B. Ewing,,,"Ward Ewing, Custodio Emérito, no alcohólico, comparte su opinión",No,Unknown (no location in byline),Custodio Emérito,"Byline gives a role/medium, not a place: Custodio Emérito"
https://www.aalavina.org/revista/septiembre-octubre-2019/la-segunda-vez,La segunda vez,No,Septiembre / Octubre,2019,¿Ateos en AA?,Úrsula L.,Santa Ana,California,"La borrachera seca la llevó, literalmente, a las puertas de un grupo",No,No,"Santa Ana, California",
https://www.aalavina.org/revista/septiembre-octubre-2019/pesar-de-las-criticas,A pesar de las críticas,No,Septiembre / Octubre,2019,¿Ateos en AA?,Maria del Socorro L.,Glendale,Arizona,Comparte su experiencia como mujer en los grupos de AA hispanos,No,No,"Glendale, Arizona",
https://www.aalavina.org/revista/septiembre-octubre-2019/una-madrina,Una madrina,No,Septiembre / Octubre,2019,¿Ateos en AA?,Guillermina R.,Phoenix,Arizona,Acepta las sugerencias y se deja guiar,No,No,"Phoenix, Arizona",
https://www.aalavina.org/revista/septiembre-octubre-2019/misoginos-en-aa,Misóginos en AA,No,Septiembre / Octubre,2019,¿Ateos en AA?,Imelda R.,North Hollywood,California,¿Qué hace una alcohólica frente a la hostilidad de los compañeros?,No,No,"North Hollywood, California",
https://www.aalavina.org/revista/septiembre-octubre-2019/no-eres-alcoholica,“No eres alcohólica”,No,Septiembre / Octubre,2019,¿Ateos en AA?,Rosemarie K.,Ventura,California,Los miembros del grupo le cerraron las puertas,No,No,"Ventura, California",
https://www.aalavina.org/revista/septiembre-octubre-2019/en-un-avion,En un avión,No,Septiembre / Octubre,2019,¿Ateos en AA?,Ezequiel D.,Van Nuys,California,Evita una recaída en las alturas de un vuelo internacional,No,No,"Van Nuys, California",
https://www.aalavina.org/revista/septiembre-octubre-2019/el-naturopata,El naturópata,No,Septiembre / Octubre,2019,¿Ateos en AA?,José Humberto C.,Houston,Texas,"El estómago lleno de frutas y verduras, y la cabeza llena de alcohol",No,Yes,"Houston, Texas",
https://www.aalavina.org/revista/septiembre-octubre-2019/orgullo-hispano,Orgullo hispano,No,Septiembre / Octubre,2019,¿Ateos en AA?,Aurelio D.,Houston,Texas,Su ingobernabilidad tenía un precio,No,Yes,"Houston, Texas",
https://www.aalavina.org/revista/septiembre-octubre-2019/entremos-en-accion,Entremos en acción,No,Septiembre / Octubre,2019,¿Ateos en AA?,José A.,Long Beach,California,Hace un llamado a los servidores,No,No,"Long Beach, California",
https://www.aalavina.org/revista/septiembre-octubre-2019/aventuras-fuera-del-grupo,Aventuras fuera del grupo,No,Septiembre / Octubre,2019,¿Ateos en AA?,Raúl C.,Los Ángeles,California,Descubrió la diferencia entre ser AA y ser miembro de un grupo,No,No,"Los Ángeles, California",
https://www.aalavina.org/revista/septiembre-octubre-2019/el-secreto-de-la-derrota,El secreto de la derrota,No,Septiembre / Octubre,2019,¿Ateos en AA?,Gregorio T.,Houston,Texas,Se agarró de la última oportunidad para vivir,No,Yes,"Houston, Texas",
https://www.aalavina.org/revista/septiembre-octubre-2019/amargo-despertar,Amargo despertar,No,Septiembre / Octubre,2019,¿Ateos en AA?,Murayma B.M.,Houston,Texas,Una mujer recuerda uno de tantos episodios causados por su manera de beber,No,Yes,"Houston, Texas",
https://www.aalavina.org/revista/septiembre-octubre-2019/dos-buses,Dos buses,No,Septiembre / Octubre,2019,¿Ateos en AA?,Eladio S.,Vancouver,Washington,"No era su parada, pero ahí terminaba su recorrido",No,No,"Vancouver, Washington",
https://www.aalavina.org/revista/septiembre-octubre-2019/soplando-verdades,Soplando verdades,No,Septiembre / Octubre,2019,¿Ateos en AA?,Ángel,Dallas,Texas,"Trató de controlar la bebida, pero el alcohol lo controló a él",No,Yes,"Dallas, Texas",
https://www.aalavina.org/revista/septiembre-octubre-2019/quise-cambiar,Quise cambiar,No,Septiembre / Octubre,2019,¿Ateos en AA?,Randall V.A.,San José,,Con su testimonio desea invitar a otros alcohólicos a darse una oportunidad,No,No,San José,
https://www.aalavina.org/revista/septiembre-octubre-2019/la-novena-tradicion,La novena tradición,No,Septiembre / Octubre,2019,¿Ateos en AA?,,,,,No,Unknown (no location in byline),,
https://www.aalavina.org/revista/julio-agosto-2019/licor-golpes-y-hospital,"Licor, golpes y hospital",No,Julio / Agosto,2019,AA en prisiones,Anónimo,,,Deja atrás veinte años de adicción alcohólica,No,Unknown (no location in byline),,
https://www.aalavina.org/revista/julio-agosto-2019/carta-de-bienvenida,Carta de Bienvenida,No,Julio / Agosto,2019,AA en prisiones,,,,,No,Unknown (no location in byline),,
https://www.aalavina.org/revista/julio-agosto-2019/cartas-del-lector,Cartas del Lector,No,Julio / Agosto,2019,AA en prisiones,,,,,No,Unknown (no location in byline),,
https://www.aalavina.org/revista/julio-agosto-2019/noticias-de-aa,Noticias de AA,No,Julio / Agosto,2019,AA en prisiones,,,,,No,Unknown (no location in byline),,
https://www.aalavina.org/revista/julio-agosto-2019/un-dia-de-esperanza,Un día de esperanza,No,Julio / Agosto,2019,AA en prisiones,Jorge G.,Bakersfield,California,Una tremenda derrota le permite iniciar una nueva vida,No,No,"Bakersfield, California",
https://www.aalavina.org/revista/julio-agosto-2019/hizo-la-prueba,Hizo la prueba,No,Julio / Agosto,2019,AA en prisiones,Aristóteles A.,Nashville,Tennessee,,No,No,"Nashville, Tennessee",
https://www.aalavina.org/revista/julio-agosto-2019/ahora-entiendo,Ahora entiendo,No,Julio / Agosto,2019,AA en prisiones,Raúl C.,Zacatecas,,"Desde un centro penitenciario en México, un alcohólico comparte su experiencia",No,No,Zacatecas,
https://www.aalavina.org/revista/julio-agosto-2019/de-carcel-en-carcel,De cárcel en cárcel,No,Julio / Agosto,2019,AA en prisiones,Refugio M.,Santa Ana,California,"Desde muy joven, conoció las consecuencias del alcoholismo",No,No,"Santa Ana, California",
https://www.aalavina.org/revista/julio-agosto-2019/tema-de-discusion-para-reuniones,Tema de discusión para reuniones,No,Julio / Agosto,2019,AA en prisiones,,,,,No,Unknown (no location in byline),,
https://www.aalavina.org/revista/julio-agosto-2019/tuve-que-caer-preso,Tuve que caer preso,No,Julio / Agosto,2019,AA en prisiones,Luis A.,Delano,California,Hoy agradece a la comunidad que lo recibió,No,No,"Delano, California",
https://www.aalavina.org/revista/julio-agosto-2019/en-otra-realidad,En otra realidad,No,Julio / Agosto,2019,AA en prisiones,Maria O.,Houston,Texas,Dejar de beber le permitió verse a sí misma y a los demás,No,Yes,"Houston, Texas",
https://www.aalavina.org/revista/julio-agosto-2019/la-lujuria,La lujuria,No,Julio / Agosto,2019,AA en prisiones,Onofredo L.L.,Medellín,,Comparte su opinión acerca de un defecto de carácter muy común,No,No,Medellín,
https://www.aalavina.org/revista/julio-agosto-2019/defectos-y-virtudes,Defectos y virtudes,No,Julio / Agosto,2019,AA en prisiones,Luis R.,Dallas,Texas,"Se encuentra a sí mismo, y su justa medida",No,Yes,"Dallas, Texas",
https://www.aalavina.org/revista/julio-agosto-2019/acerca-del-alcoholismo,Acerca del alcoholismo,No,Julio / Agosto,2019,AA en prisiones,,,,"Aspectos médicos, legales y sociales del alcoholismo",No,Unknown (no location in byline),,
https://www.aalavina.org/revista/julio-agosto-2019/vive-y-deja-vivir,“Vive y deja vivir”,No,Julio / Agosto,2019,AA en prisiones,Efraín G.,Orange,California,"Día a día, enfrenta sus resentimientos",No,No,"Orange, California",
https://www.aalavina.org/revista/julio-agosto-2019/mar-de-alcohol,Mar de alcohol,No,Julio / Agosto,2019,AA en prisiones,Cipriano M.,Phoenix,Arizona,¿Qué hubiese sucedido sin derrota?,No,No,"Phoenix, Arizona",
https://www.aalavina.org/revista/julio-agosto-2019/un-plan-muy-simple,Un plan muy simple,No,Julio / Agosto,2019,AA en prisiones,Anónimo,,,"Los cambios llegaron, poco a poco",No,Unknown (no location in byline),,
https://www.aalavina.org/revista/julio-agosto-2019/musica-dinero-y-tragos-gratis,"Música, dinero y tragos gratis",No,Julio / Agosto,2019,AA en prisiones,Paty,Los Ángeles,California,"Cuando estuvo lista, pidió ayuda",No,No,"Los Ángeles, California",
https://www.aalavina.org/revista/julio-agosto-2019/el-triangulo-y-el-circulo-de-aa,El triángulo y el círculo de AA,No,Julio / Agosto,2019,AA en prisiones,Fortunato Z.,Bogotá,,Comparte sus pensamientos acerca de un querido símbolo,No,No,Bogotá,
https://www.aalavina.org/revista/julio-agosto-2019/las-apariencias-enganan,Las apariencias engañan,No,Julio / Agosto,2019,AA en prisiones,Maribel S.,Santa Maria,California,Detrás de su aparente fortaleza existía un drama,No,No,"Santa Maria, California",
https://www.aalavina.org/revista/julio-agosto-2019/el-final-de-la-angustia,El final de la angustia,No,Julio / Agosto,2019,AA en prisiones,Alma P.,Fort Worth,Texas,"Una mujer alcohólica, narra su trayectoria a la serenidad",No,Yes,"Fort Worth, Texas",
https://www.aalavina.org/revista/julio-agosto-2019/yo-me-quede-el-no,"Yo me quedé, él no",No,Julio / Agosto,2019,AA en prisiones,Gilberto A.,Capistrano,California,Un miembro describe el beneficio de un grupo de AA en su familia,No,No,"Capistrano, California",
https://www.aalavina.org/revista/julio-agosto-2019/emociones-nuevas,Emociones nuevas,No,Julio / Agosto,2019,AA en prisiones,Gaby A.,San José,California,Se dio la oportunidad de comprar un boleto y volar,No,No,"San José, California",
https://www.aalavina.org/revista/julio-agosto-2019/tenia-proyectos,Tenía proyectos,No,Julio / Agosto,2019,AA en prisiones,Edvin L.,Phoenix,Arizona,Sus defectos de carácter y el alcohol se interpusieron,No,No,"Phoenix, Arizona",
https://www.aalavina.org/revista/julio-agosto-2019/ahorrese-de-diez-quince-anos,“Ahórrese de diez a quince años”,No,Julio / Agosto,2019,AA en prisiones,Jorge B.,Glenwood,Colorado,Nunca imaginó que AA era para él,No,No,"Glenwood, Colorado",
https://www.aalavina.org/revista/julio-agosto-2019/un-ataque-de-celos,Un ataque de celos,No,Julio / Agosto,2019,AA en prisiones,Norberto A.,Cartago Valle,,Hijo de alcohólico hereda los defectos de carácter de su padre,No,No,Cartago Valle,
https://www.aalavina.org/revista/julio-agosto-2019/la-octava-tradicion,La Octava Tradicíon,No,Julio / Agosto,2019,AA en prisiones,,,,,No,Unknown (no location in byline),,
https://www.aalavina.org/revista/mayo-junio-2019/carta-de-bienvenida,Carta de Bienvenida,No,Mayo / Junio,2019,Ochenta Años del Libro Grande,,,,,No,Unknown (no location in byline),,
https://www.aalavina.org/revista/mayo-junio-2019/cartas-del-lector,Cartas del lector,No,Mayo / Junio,2019,Ochenta Años del Libro Grande,,,,,No,Unknown (no location in byline),,
https://www.aalavina.org/revista/mayo-junio-2019/noticias-de-aa,Noticias de AA,No,Mayo / Junio,2019,Ochenta Años del Libro Grande,,,,,No,Unknown (no location in byline),,
https://www.aalavina.org/revista/mayo-junio-2019/breve-historia-de-un-gran-libro,Breve historia de un gran libro,No,Mayo / Junio,2019,Ochenta Años del Libro Grande,Bill S.,Fairfield,Connecticut,Una cronología de la creación del Libro Grande,No,No,"Fairfield, Connecticut",
https://www.aalavina.org/revista/mayo-junio-2019/vengo-hablar-de-mi-libro,Vengo a hablar de mi libro,No,Mayo / Junio,2019,Ochenta Años del Libro Grande,Felipe S.,,,Comparte su experiencia con cada capítulo del texto básico de AA,No,Unknown (no location in byline),,
https://www.aalavina.org/revista/mayo-junio-2019/los-naufragos,Los náufragos,No,Mayo / Junio,2019,Ochenta Años del Libro Grande,Oscar M.,Medellín,,Recuerda un conocido párrafo del Libro Grande,No,No,Medellín,
https://www.aalavina.org/revista/mayo-junio-2019/confundido,Confundido,No,Mayo / Junio,2019,Ochenta Años del Libro Grande,Martin V.,San Leandro,California,Necesitaba humildad para aceptar su problema,No,No,"San Leandro, California",
https://www.aalavina.org/revista/mayo-junio-2019/quien-es-el-jefe-de-aa,¿Quién es el jefe de AA?,No,Mayo / Junio,2019,Ochenta Años del Libro Grande,L.C.,Pittsburgh,Pennsylvania,Nos da una pista: No está en Nueva York,No,No,"Pittsburgh, Pennsylvania",
https://www.aalavina.org/revista/mayo-junio-2019/usted-decide-companera,"¡Usted decide, compañera!",No,Mayo / Junio,2019,Ochenta Años del Libro Grande,Deanna B.,Albaquerque,New Mexico,Agradece una lección aprendida durante un viaje,No,No,"Albaquerque, New Mexico",
https://www.aalavina.org/revista/mayo-junio-2019/el-concierto-de-rock,El concierto de rock,No,Mayo / Junio,2019,Ochenta Años del Libro Grande,Víctor R.,Houston,Texas,Quiso reconciliarse con su esposa y esto fue lo que pasó,No,Yes,"Houston, Texas",
https://www.aalavina.org/revista/mayo-junio-2019/todo-y-nada,Todo y nada,No,Mayo / Junio,2019,Ochenta Años del Libro Grande,Moisés S.,Sandy Springs,Georgia,"Carro, dinero, trabajo y esposa, no eran suficientes para terminar con la obsesión",No,No,"Sandy Springs, Georgia",
https://www.aalavina.org/revista/mayo-junio-2019/diferente,Diferente,No,Mayo / Junio,2019,Ochenta Años del Libro Grande,Luis J.,Pflugerville,Texas,Sus defectos de carácter le impedían sentir el amor de los demás,No,Yes,"Pflugerville, Texas",
https://www.aalavina.org/revista/mayo-junio-2019/vida-de-casados,Vida de casados,No,Mayo / Junio,2019,Ochenta Años del Libro Grande,Raúl C.,Los Ángeles,California,Comparte su secreto para estar en pareja y ser feliz,No,No,"Los Ángeles, California",
https://www.aalavina.org/revista/mayo-junio-2019/si-ese-puede-yo-tambien,"“Si ese puede, yo también”",No,Mayo / Junio,2019,Ochenta Años del Libro Grande,Víctor J.,Sandy Springs,Georgia,"Vivió todas las etapas del alcoholismo, excepto el final",No,No,"Sandy Springs, Georgia",
https://www.aalavina.org/revista/mayo-junio-2019/la-apuesta,La apuesta,No,Mayo / Junio,2019,Ochenta Años del Libro Grande,Marvin Ch.,Chamblee,Georgia,,No,No,"Chamblee, Georgia",
https://www.aalavina.org/revista/mayo-junio-2019/fiestas-y-dinero,Fiestas y dinero,No,Mayo / Junio,2019,Ochenta Años del Libro Grande,Antonio D.,Houston,Texas,Se pregunta cuál es el objetivo de reunir dinero para fiestas de AA,No,Yes,"Houston, Texas",
https://www.aalavina.org/revista/mayo-junio-2019/sanando-heridas,Sanando heridas,No,Mayo / Junio,2019,Ochenta Años del Libro Grande,Reyna A.,Orange,California,"Una madre alcohólica no bebe, “pase lo que pase”",No,No,"Orange, California",
https://www.aalavina.org/revista/mayo-junio-2019/mis-defectos-de-caracter-y-yo,Mis defectos de carácter y yo,No,Mayo / Junio,2019,Ochenta Años del Libro Grande,Griselda F.,Las Vegas,Nevada,A veces el enemigo está dentro de uno mísmo,No,No,"Las Vegas, Nevada",
https://www.aalavina.org/revista/mayo-junio-2019/mis-hijos-me-adoran,Mis hijos me adoran,No,Mayo / Junio,2019,Ochenta Años del Libro Grande,Juan L.,New Rochelle,New York,La familia fue testigo de su actividad alcohólica,No,No,"New Rochelle, New York",
https://www.aalavina.org/revista/mayo-junio-2019/defendiendo-la-botella,Defendiendo la botella,No,Mayo / Junio,2019,Ochenta Años del Libro Grande,Leopoldo V.,Costa Mesa,California,Se detuvo a tiempo para encontrar la ayuda,No,No,"Costa Mesa, California",
https://www.aalavina.org/revista/mayo-junio-2019/no-sirves-para-nada,“No sirves para nada”,No,Mayo / Junio,2019,Ochenta Años del Libro Grande,Eliberto G.,Houston,Texas,"Su esposa lo abandona, y los alcohólicos lo reciben",No,Yes,"Houston, Texas",
https://www.aalavina.org/revista/mayo-junio-2019/mi-aniversario,Mi aniversario,No,Mayo / Junio,2019,Ochenta Años del Libro Grande,Graciela L.,Cathedral City,California,Hoy celebra sobriedad y el deseo de vivir,No,No,"Cathedral City, California",
https://www.aalavina.org/revista/mayo-junio-2019/otra-oportunidad,Otra oportunidad,No,Mayo / Junio,2019,Ochenta Años del Libro Grande,Rafael R.,San José,California,"Una separación dolorosa, servicio y sobriedad",No,No,"San José, California",
https://www.aalavina.org/revista/mayo-junio-2019/la-dadiva,La dádiva,No,Mayo / Junio,2019,Ochenta Años del Libro Grande,Alejandro V.,Phoenix,Arizona,Hoy entrega sin esperar nada,No,No,"Phoenix, Arizona",
https://www.aalavina.org/revista/mayo-junio-2019/como-agradezco,Cómo agradezco,No,Mayo / Junio,2019,Ochenta Años del Libro Grande,Rigoberto S.,MIlagro,New Mexico,,No,No,"MIlagro, New Mexico",
https://www.aalavina.org/revista/mayo-junio-2019/acerca-del-alcoholismo,Acerca del alcoholismo,No,Mayo / Junio,2019,Ochenta Años del Libro Grande,,,,"Aspectos médicos, legales y sociales del alcoholismo",No,Unknown (no location in byline),,
https://www.aalavina.org/revista/mayo-junio-2019/tema-de-discusion-para-reuniones,Tema de discusión para reuniones,No,Mayo / Junio,2019,Ochenta Años del Libro Grande,,,,,No,Unknown (no location in byline),,
https://www.aalavina.org/revista/marzo-abril-2019/carta-de-bienvenida,Carta de Bienvenida,No,Marzo / Abril,2019,Mi Peor Día Sobrio,,,,,No,Unknown (no location in byline),,
https://www.aalavina.org/revista/marzo-abril-2019/cartas-del-lector,Cartas del lector,No,Marzo / Abril,2019,Mi Peor Día Sobrio,,,,,No,Unknown (no location in byline),,
https://www.aalavina.org/revista/marzo-abril-2019/noticias-de-aa,Noticias de AA,No,Marzo / Abril,2019,Mi Peor Día Sobrio,,,,,No,Unknown (no location in byline),,
https://www.aalavina.org/revista/marzo-abril-2019/despues-del-huracan,Después del huracán,No,Marzo / Abril,2019,Mi Peor Día Sobrio,Eladio M.,Cidra,Puerto Rico,En medio del caos y la destrucción AA sigue trabajando,No,No,"Cidra, Puerto Rico",
https://www.aalavina.org/revista/marzo-abril-2019/de-la-oscuridad-la-luz,De la oscuridad a la luz,No,Marzo / Abril,2019,Mi Peor Día Sobrio,Marco Antonio,San Diego,California,Un alcohólico enfrenta la noticia más triste,No,No,"San Diego, California",
https://www.aalavina.org/revista/marzo-abril-2019/tercer-aniversario,Tercer aniversario,No,Marzo / Abril,2019,Mi Peor Día Sobrio,Guillermo G.,Santa Ana,California,Sin beber puede enfrentar otros problemas de salud,No,No,"Santa Ana, California",
https://www.aalavina.org/revista/marzo-abril-2019/llego-mi-turno,"""Llegó mi turno""",No,Marzo / Abril,2019,Mi Peor Día Sobrio,Daniel Y.,San Diego,California,"Entrando y saliendo de un grupo, logra dejar de beber",No,No,"San Diego, California",
https://www.aalavina.org/revista/marzo-abril-2019/de-la-acera-al-grupo,De la acera al grupo,No,Marzo / Abril,2019,Mi Peor Día Sobrio,Anónimo,Santa Ana,California,El gesto de un desconocido cambia su destino,No,No,"Santa Ana, California",
https://www.aalavina.org/revista/marzo-abril-2019/un-rayito-de-razon,Un rayito de razón,No,Marzo / Abril,2019,Mi Peor Día Sobrio,Trini T.,Las Vegas,Nevada,"Pedaleando a buscar alcohol, el miedo lo detiene",No,No,"Las Vegas, Nevada",
https://www.aalavina.org/revista/marzo-abril-2019/el-final-de-la-obsesion,El final de la obsesión,No,Marzo / Abril,2019,Mi Peor Día Sobrio,Ángel G.,Reseda,California,Sólo un camino espiritual pudo acabar con su compulsión,No,No,"Reseda, California",
https://www.aalavina.org/revista/marzo-abril-2019/defendiendo-la-unidad,Defendiendo la unidad,No,Marzo / Abril,2019,Mi Peor Día Sobrio,Antonio G.,Bogotá,,Descubre su responsabilidad para que AA continúe llevando el mensaje,No,No,Bogotá,
https://www.aalavina.org/revista/marzo-abril-2019/acerca-del-alcoholismo,Acerca del alcoholismo,No,Marzo / Abril,2019,Mi Peor Día Sobrio,,,,"Aspectos médicos, legales y sociales del alcoholismo",No,Unknown (no location in byline),,
https://www.aalavina.org/revista/marzo-abril-2019/el-camino-es-largo,El camino es largo,No,Marzo / Abril,2019,Mi Peor Día Sobrio,Ramón D.,Cypress,California,Su trabajo de veinticuatro horas recién empieza,No,No,"Cypress, California",
https://www.aalavina.org/revista/marzo-abril-2019/que-le-pasaba,¿Qué le pasaba?,No,Marzo / Abril,2019,Mi Peor Día Sobrio,José T.,Irving,Texas,"No tenía respuestas para su conducta, eso sí, muchas excusas",No,Yes,"Irvin, Texas","Source spelling: ""Irvin"""
https://www.aalavina.org/revista/marzo-abril-2019/entregado,Entregado,No,Marzo / Abril,2019,Mi Peor Día Sobrio,Juan M.,Clackamas,Oregon,"Con la ayuda de un Poder Superior, aprende a trabajar un programa espiritual",No,No,"Clackamas, Oregon",
https://www.aalavina.org/revista/marzo-abril-2019/sin-palabras,Sin palabras,No,Marzo / Abril,2019,Mi Peor Día Sobrio,Rose Mary C.,North Highlands,California,Sus obstáculos hoy le sirven a la comunidad,No,No,"North Highlands, California",
https://www.aalavina.org/revista/marzo-abril-2019/abandonada,Abandonada,No,Marzo / Abril,2019,Mi Peor Día Sobrio,Ramona A.,San José,California,Rodeada de otras compañeras inicia una vida nueva,No,No,"San José, California",
https://www.aalavina.org/revista/marzo-abril-2019/pocas-24-horas,Pocas 24 horas,No,Marzo / Abril,2019,Mi Peor Día Sobrio,Victor A.,Santa Ana,California,"Un Cuarto Paso, la tribuna y la experiencia de otros AA, le permiten una jornada sobria",No,No,"Santa Ana, California",
https://www.aalavina.org/revista/marzo-abril-2019/grupo-morelos,Grupo “Morelos”,No,Marzo / Abril,2019,Mi Peor Día Sobrio,Paulina G.,Guadalajara,,"Un grupo de AA con autonomía propia, se expande y lleva el mensaje",No,No,Guadalajara,
https://www.aalavina.org/revista/marzo-abril-2019/todavia-sigo-sirviendo,Todavía sigo sirviendo,No,Marzo / Abril,2019,Mi Peor Día Sobrio,Marco A.,Woodburn,Oregon,Lo invitaron a hacer conciencia del grupo y no pudo evitar decir que sí,No,No,"Woodburn, Oregon",
https://www.aalavina.org/revista/marzo-abril-2019/mirando-el-horizonte,Mirando el horizonte,No,Marzo / Abril,2019,Mi Peor Día Sobrio,Carlos M.,San José,California,Desde muy joven el alcohol interrumpió sus sueños,No,No,"San José, California",
https://www.aalavina.org/revista/marzo-abril-2019/logrando-lo-imposible,Logrando lo imposible,No,Marzo / Abril,2019,Mi Peor Día Sobrio,Gregorio J.,Austin,Texas,,No,Yes,"Austin, Texas",
https://www.aalavina.org/revista/marzo-abril-2019/hago-de-todo,Hago de todo,No,Marzo / Abril,2019,Mi Peor Día Sobrio,Alfredo R.,Atlanta,Georgia,Su motivación es tan grande como su agradecimiento,No,No,"Atlanta, Georgia",
https://www.aalavina.org/revista/marzo-abril-2019/en-puerto-rico,En Puerto Rico,No,Marzo / Abril,2019,Mi Peor Día Sobrio,Luis Raúl H.,Arecibo,Puerto Rico,Tiene cuarenta y tres años de sobriedad y dedicación al servicio,No,No,"Arecibo, Puerto Rico",
https://www.aalavina.org/revista/enero-febrero-2019/dear-grapevine,Dear Grapevine,No,Enero / Febrero,2019,La familia y AA,,,,,No,Unknown (no location in byline),,
https://www.aalavina.org/revista/enero-febrero-2019/carta-de-bienvenida,Carta de Bienvenida,No,Enero / Febrero,2019,La familia y AA,,,,,No,Unknown (no location in byline),,
https://www.aalavina.org/revista/enero-febrero-2019/cartas-del-lector,Cartas del lector,No,Enero / Febrero,2019,La familia y AA,,,,,No,Unknown (no location in byline),,
https://www.aalavina.org/revista/enero-febrero-2019/noticias-de-aa,Noticias de AA,No,Enero / Febrero,2019,La familia y AA,,,,Protegiendo el mensaje de AA,No,Unknown (no location in byline),,
https://www.aalavina.org/revista/enero-febrero-2019/aa-y-mi-familia,AA y mi familia,No,Enero / Febrero,2019,La familia y AA,Oscar P.,,,Aplica los principios básicos con su familia,No,Unknown (no location in byline),,
https://www.aalavina.org/revista/enero-febrero-2019/tema-de-discusion-para-reuniones,Tema de discusión para reuniones,No,Enero / Febrero,2019,La familia y AA,,,,,No,Unknown (no location in byline),,
https://www.aalavina.org/revista/enero-febrero-2019/despues-de-la-cena,Después de la cena,No,Enero / Febrero,2019,La familia y AA,Florentino A.,Las Vegas,Nevada,"La derrota, literalmente, tocó a su puerta",No,No,"Las Vegas, Nevada",
https://www.aalavina.org/revista/enero-febrero-2019/aceptar-mi-hija,Aceptar a mi hija,No,Enero / Febrero,2019,La familia y AA,José F.,Santa Rosa,California,Recibe una noticia que pone a prueba su sobriedad emocional,No,No,"Santa Rosa, California",
https://www.aalavina.org/revista/enero-febrero-2019/corremos-y-jugamos,Corremos y jugamos,No,Enero / Febrero,2019,La familia y AA,Juan L.,San José,California,Agradece la oportunidad de amar,No,No,"San José, California",
https://www.aalavina.org/revista/enero-febrero-2019/vacio-espiritual,Vacío espiritual,No,Enero / Febrero,2019,La familia y AA,Juan Carlos R.,La Paz,,Vive un fondo en sobriedad y se da cuenta que necesita ayuda,No,No,La Paz,
https://www.aalavina.org/revista/enero-febrero-2019/ayudando-aa,Ayudando a AA,No,Enero / Febrero,2019,La familia y AA,Anónimo,Mission Hills,,Descubre su responsabilidad para que el mensaje llegue,No,No,Mission Hills,
https://www.aalavina.org/revista/enero-febrero-2019/la-vida-en-un-circulo,La vida en un círculo,No,Enero / Febrero,2019,La familia y AA,Anónimo,Livermore,California,Sus recaídas le dan una lección,No,No,"Livermore, California",
https://www.aalavina.org/revista/enero-febrero-2019/un-companero-muy-especial,Un compañero muy especial,No,Enero / Febrero,2019,La familia y AA,J. Zepol,Guayaquil,,"Desde Ecuador, una curiosa anécdota",No,No,Guayaquil,
https://www.aalavina.org/revista/enero-febrero-2019/autoconmiseracion,Autoconmiseración,No,Enero / Febrero,2019,La familia y AA,Gilardo L.,Salem,Oregon,El alcoholismo terminó con sus sueños y lo llevó de regreso a su país,No,No,"Salem, Oregon",
https://www.aalavina.org/revista/enero-febrero-2019/la-invitacion,La invitación,No,Enero / Febrero,2019,La familia y AA,Jesús M.,San Antonio,Texas,,No,Yes,"San Antonio, Texas",
https://www.aalavina.org/revista/enero-febrero-2019/un-tesoro,Un tesoro,No,Enero / Febrero,2019,La familia y AA,Oscar R.,San Antonio,Texas,Se siente como un alcohólico más llevando el mensaje,No,Yes,"San Antonio, Texas",
https://www.aalavina.org/revista/enero-febrero-2019/la-convencion-hispana,La convención hispana,No,Enero / Febrero,2019,La familia y AA,Tony,Phoenix,Arizona,Cuenta su experiencia en la 46 Convención Hispana en Las Vegas,No,No,"Phoenix, Arizona",
https://www.aalavina.org/revista/enero-febrero-2019/buenos-y-malos-consejos,Buenos y malos consejos,No,Enero / Febrero,2019,La familia y AA,Ana Isabel S.,Gijón,,Nos da su opinión respecto a cómo ayudar en AA,No,No,Gijón,
https://www.aalavina.org/revista/enero-febrero-2019/mi-peor-enemigo,Mi peor enemigo,No,Enero / Febrero,2019,La familia y AA,Estela R.,Fort Worth,Texas,Tuvo que tocar un fondo para encontrar el verdadero amor,No,Yes,"Fort Worth, Texas",
https://www.aalavina.org/revista/enero-febrero-2019/una-silla-para-mi,Una silla para mí,No,Enero / Febrero,2019,La familia y AA,Jesús,,,"Empieza una aventura desconocida, con miedo, pero dispuesto a seguir",No,Unknown (no location in byline),,
https://www.aalavina.org/revista/enero-febrero-2019/de-gallito-servidor,De “Gallito” a servidor,No,Enero / Febrero,2019,La familia y AA,Rogelio F.,Los Ángeles,California,"Era el borracho del barrio, hoy es conocido por su servicio",No,No,"Los Ángeles, California",
https://www.aalavina.org/revista/enero-febrero-2019/una-oportunidad-para-la-mente,Una oportunidad para la mente,No,Enero / Febrero,2019,La familia y AA,Ramón C.,Delano,California,"Está feliz compartiendo viajes, eventos e historias en AA",No,No,"Delano, California",
https://www.aalavina.org/revista/enero-febrero-2019/de-cafetero-rlv,De cafetero a RLV,No,Enero / Febrero,2019,La familia y AA,José M.,San Antonio,Texas,Los servicios le permiten continuar su vida sobria,No,Yes,"San Antonio, Texas",
https://www.aalavina.org/revista/enero-febrero-2019/fallandome-mi-mismo,Fallándome a mí mismo,No,Enero / Febrero,2019,La familia y AA,René S.,Fontana,California,Sufre las consecuencias de no usar el programa,No,No,"Fontana, California",
https://www.aalavina.org/revista/enero-febrero-2019/dos-alcoholicos,Dos alcohólicos,No,Enero / Febrero,2019,La familia y AA,Carlos M.,Bakersfield,California,"Vinieron a pedirle ayuda, pero, ¿quién la necesitaba?",No,No,"Bakersfield, California",
https://www.aalavina.org/revista/enero-febrero-2019/cayendo-del-pedestal,Cayendo del pedestal,No,Enero / Febrero,2019,La familia y AA,Francisco S.,Gijón,,Quería ser reconocido por sus méritos en el servicio,No,No,Gijón,
https://www.aalavina.org/revista/enero-febrero-2019/sin-carcel-ni-dwi,"Sin cárcel, ni DWI",No,Enero / Febrero,2019,La familia y AA,Silverio B.,San Antonio,Texas,,No,Yes,"San Antonio, Texas",
https://www.aalavina.org/revista/enero-febrero-2019/acerca-del-alcoholismo,Acerca del alcoholismo,No,Enero / Febrero,2019,La familia y AA,,,,"Aspectos médicos, legales y sociales del alcoholismo",No,Unknown (no location in byline),,
https://www.aalavina.org/revista/enero-febrero-2019/discussion-topic,Discussion Topic,No,Enero / Febrero,2019,La familia y AA,,,,Tips for day counters,No,Unknown (no location in byline),,
https://www.aalavina.org/revista/noviembre-diciembre-2018/carta-de-bienvenida,Carta de Bienvenida,No,Noviembre / Diciembre,2018,,,,,,No,Unknown (no location in byline),,
https://www.aalavina.org/revista/noviembre-diciembre-2018/cartas-del-lector,Cartas del lector,No,Noviembre / Diciembre,2018,,,,,,No,Unknown (no location in byline),,
https://www.aalavina.org/revista/noviembre-diciembre-2018/noticias-de-aa,Noticias de AA,No,Noviembre / Diciembre,2018,,,,,,No,Unknown (no location in byline),,
https://www.aalavina.org/revista/noviembre-diciembre-2018/preso-en-ano-nuevo,Preso en Año Nuevo,No,Noviembre / Diciembre,2018,,Antonio D.,Houston,Texas,Quiso celebrar alcoholizado y obtuvo un desconcertante resultado,No,Yes,"Houston, Texas",
https://www.aalavina.org/revista/noviembre-diciembre-2018/una-noche-inolvidable,Una noche inolvidable,No,Noviembre / Diciembre,2018,,Luis A.,Bronx,New York,Mientras bebía estuvo ausente de las fiestas familiares,No,No,"Bronx, New York",
https://www.aalavina.org/revista/noviembre-diciembre-2018/un-plan-navideno,Un plan navideño,No,Noviembre / Diciembre,2018,,José A.,Sunnyvale,California,,No,No,"Sunnyvale, California",
https://www.aalavina.org/revista/noviembre-diciembre-2018/al-dia-siguiente,Al día siguiente,No,Noviembre / Diciembre,2018,,Rosalinda G.S.,Beaverton,Oregon,En Nochebuena tomó una decisión radical,No,No,"Beaverton, Oregon",
https://www.aalavina.org/revista/noviembre-diciembre-2018/el-deseo-de-cambiar,El deseo de cambiar,No,Noviembre / Diciembre,2018,,Roberto F.G.,Gran Canaria,,Su primer paso depende de la unidad del grupo,No,No,Gran Canaria,
https://www.aalavina.org/revista/noviembre-diciembre-2018/somos-iguales,Somos iguales,No,Noviembre / Diciembre,2018,,Francisco S.,Gijón,,Hay defectos de carácter que nos dañan como grupo y como personas,No,No,Gijón,
https://www.aalavina.org/revista/noviembre-diciembre-2018/el-problema-tiene-solucion,El problema tiene solución,No,Noviembre / Diciembre,2018,,José M.,Sandy Springs,Georgia,Se le habían agotado todas las estrategias,No,No,"Sandy Springs, Georgia",
https://www.aalavina.org/revista/noviembre-diciembre-2018/lo-que-aprendi,Lo que aprendí,No,Noviembre / Diciembre,2018,,Rodolfo A.,Allen,Texas,,No,Yes,"Allen, Texas",
https://www.aalavina.org/revista/noviembre-diciembre-2018/un-dia-para-vivir,Un día para vivir,No,Noviembre / Diciembre,2018,,Miguel M.,,,"Estuvieron para él, dispuestos a darle una mano",No,Unknown (no location in byline),,
https://www.aalavina.org/revista/noviembre-diciembre-2018/fuera-de-juego,Fuera de juego,No,Noviembre / Diciembre,2018,,Sergio M.,Lemon Grove,California,Vivió con un balón en una mano y en la otra un trago,No,No,"Lemon Grove, California",
https://www.aalavina.org/revista/noviembre-diciembre-2018/aa-me-recogio,AA me recogió,No,Noviembre / Diciembre,2018,,Javier D.,Austin,Texas,Dejar de beber fue el comienzo de un viaje,No,Yes,"Austin, Texas",
https://www.aalavina.org/revista/noviembre-diciembre-2018/era-el-trago,¡Era el trago!,No,Noviembre / Diciembre,2018,,Diana C.V.,Houston,Texas,Llega a los grupos obligada por su pareja,No,Yes,"Houston, Texas",
https://www.aalavina.org/revista/noviembre-diciembre-2018/el-universo-de-aa,El universo de AA,No,Noviembre / Diciembre,2018,,Oscar H.,Caldas,,"Según él, vive el más grande acontecimiento existencia",No,No,Caldas,
https://www.aalavina.org/revista/noviembre-diciembre-2018/acerca-del-alcoholismo,Acerca del alcoholismo,No,Noviembre / Diciembre,2018,,,,,"Aspectos médicos, legales y sociales del alcoholismo",No,Unknown (no location in byline),,
https://www.aalavina.org/revista/noviembre-diciembre-2018/otros-horizontes,Otros horizontes,No,Noviembre / Diciembre,2018,,Javier H.,North Aurora,Illinois,"Llegó para dejar de beber, y descubrió mucho más",No,No,"North Aurora, Illinois",
https://www.aalavina.org/revista/noviembre-diciembre-2018/con-una-sonrisa-en-sus-labios,Con una sonrisa en sus labios,No,Noviembre / Diciembre,2018,,Luis A.,Bronx,New York,Hizo el trabajo y recibió el regalo más grande,No,No,"Bronx, New York",
https://www.aalavina.org/revista/noviembre-diciembre-2018/vaya-sorpresa,¡Vaya sorpresa!,No,Noviembre / Diciembre,2018,,Stephania D.A.,Anaheim,California,"En un taller de redacción suceden muchas cosas, además del servicio",No,No,"Anaheim, California",
https://www.aalavina.org/revista/noviembre-diciembre-2018/entregando-el-mensaje,Entregando el mensaje,No,Noviembre / Diciembre,2018,,José M.,Houston,Texas,Nos cuenta su experiencia dentro de un comité,No,Yes,"Houston, Texas",
https://www.aalavina.org/revista/noviembre-diciembre-2018/como-un-profesional,Como un profesional,No,Noviembre / Diciembre,2018,,Gerardo Ch.,Petaluma,California,Haciendo servicio aprende técnicas nuevas,No,No,"Petaluma, California",
https://www.aalavina.org/revista/noviembre-diciembre-2018/dos-padrinos,Dos padrinos,No,Noviembre / Diciembre,2018,,Pablo H.,Bakersfield,California,Una experiencia le enseña y le acerca a nuestros principios,No,No,"Bakersfield, California",
https://www.aalavina.org/revista/noviembre-diciembre-2018/luces-en-la-oscuridad,Luces en la oscuridad,No,Noviembre / Diciembre,2018,,David V.,Orange,Georgia,Iba en una carrera incontrolable hacia el desastre,No,No,"Orange, Georgia",
https://www.aalavina.org/revista/noviembre-diciembre-2018/preferi-el-alcohol,Preferí el alcohol,No,Noviembre / Diciembre,2018,,Javier P.,Filadelfia,Pennsylvania,"Un día a la vez, cambia sus defectos de carácter",No,No,"Filadelfia, Pennsylvania",
https://www.aalavina.org/revista/noviembre-diciembre-2018/tema-de-discusion-para-reuniones,Tema de discusión para reuniones,No,Noviembre / Diciembre,2018,,,,,,No,Unknown (no location in byline),,
https://www.aalavina.org/revista/septiembre-octubre-2018/carta-de-bienvenida,Carta de Bienvenida,No,Septiembre / Octubre,2018,,,,,,No,Unknown (no location in byline),,
https://www.aalavina.org/revista/septiembre-octubre-2018/cartas-del-lector,Cartas del lector,No,Septiembre / Octubre,2018,,,,,,No,Unknown (no location in byline),,
https://www.aalavina.org/revista/septiembre-octubre-2018/pasala,¡Pásala!,No,Septiembre / Octubre,2018,,Elías L.,Houston,Texas,La revista ha sido parte de su vida en AA,No,Yes,"Houston, Texas",
https://www.aalavina.org/revista/septiembre-octubre-2018/ayudando-otros,Ayudando a otros,No,Septiembre / Octubre,2018,,Juan Carlos M.,San José,California,Descubre una manera efectiva de pasar el mensaje,No,No,"San José, California",
https://www.aalavina.org/revista/septiembre-octubre-2018/por-que-bebia,¿Por qué bebía?,No,Septiembre / Octubre,2018,,Erling B.,Filadelfia,Pennsylvania,Escribe su historia en un taller y analiza su verdarera personalidad,No,No,"Filadelfia, Pennsylvania",
https://www.aalavina.org/revista/septiembre-octubre-2018/por-un-plato-de-sopa,Por un plato de sopa,No,Septiembre / Octubre,2018,,Luis A.,Delano,California,"Dentro y fuera de las instituciones, La Viña es su herramienta de AA",No,No,"Delano, California",
https://www.aalavina.org/revista/septiembre-octubre-2018/una-fiesta-espiritual,Una fiesta espiritual,No,Septiembre / Octubre,2018,,Raúl S.,San Antonio,Texas,Se reúne con los compañeros para enviar un mensaje,No,Yes,"San Antonio, Texas",
https://www.aalavina.org/revista/septiembre-octubre-2018/discurso-vacio,Discurso vacío,No,Septiembre / Octubre,2018,,Angeles F.,Gijón,,Daba lecciones magistrales para esconder sus defectos de carácter,No,No,Gijón,
https://www.aalavina.org/revista/septiembre-octubre-2018/por-culpa-del-juez,Por culpa del juez,No,Septiembre / Octubre,2018,,Lucio R.,Granbury,Texas,"Era su tercera multa, y el momento de enfrentar la verdad",No,Yes,"Granbury, Texas",
https://www.aalavina.org/revista/septiembre-octubre-2018/en-un-4-de-julio,En un 4 de julio,No,Septiembre / Octubre,2018,,Gregorio M.,Costa Mesa,California,La fiesta y la comida dependían de él,No,No,"Costa Mesa, California",
https://www.aalavina.org/revista/septiembre-octubre-2018/tema-de-discusion-para-reuniones,Tema de discusión para reuniones,No,Septiembre / Octubre,2018,,,,,,No,Unknown (no location in byline),,
https://www.aalavina.org/revista/septiembre-octubre-2018/un-millaje-sobrio,Un millaje sobrio,No,Septiembre / Octubre,2018,,Javier R.,Centralia,Washington,"Para llegar a AA, buscó el camino más difícil",No,No,"Centralia, Washington",
https://www.aalavina.org/revista/septiembre-octubre-2018/obediente-pero-enojada,Obediente pero enojada,No,Septiembre / Octubre,2018,,Irma C.,San Antonio,Texas,Encontró la manera de trabajar un gran defecto de carácter,No,Yes,"San Antonio, Texas",
https://www.aalavina.org/revista/septiembre-octubre-2018/no-era-turista,No era turista,No,Septiembre / Octubre,2018,,Víctor F.,Las Vegas,Nevada,¿Cómo surgieron los grupos en español en Las Vegas?,No,No,"Las Vegas, Nevada",
https://www.aalavina.org/revista/septiembre-octubre-2018/abandonado-mi-suerte,Abandonado a mi suerte,No,Septiembre / Octubre,2018,,Carlos M.,San José,California,Estaba seguro que para él no había ayuda,No,No,"San José, California",
https://www.aalavina.org/revista/septiembre-octubre-2018/nunca-mas-sola,Nunca más sola,No,Septiembre / Octubre,2018,,Sylvia D.,Placentia,California,En AA encuentra algo más que abstinencia,No,No,"Placentia, California",
https://www.aalavina.org/revista/septiembre-octubre-2018/un-nuevo-amanecer,Un nuevo amanecer,No,Septiembre / Octubre,2018,,Marcela G.,Las Vegas,Nevada,,No,No,"Las Vegas, Nevada",
https://www.aalavina.org/revista/septiembre-octubre-2018/superando-el-dolor,Superando el dolor,No,Septiembre / Octubre,2018,,Rafaela O.,Fort Worth,Texas,Enfrenta un terrible recuerdo de la infancia sin alcohol y con programa,No,Yes,"Fort Worth, Texas",
https://www.aalavina.org/revista/septiembre-octubre-2018/un-trabajo-para-todos,Un trabajo para todos,No,Septiembre / Octubre,2018,,Juan S.,San Francisco,California,Se pregunta cómo podemos apoyar el servicio en AA,No,No,"San Francisco, California",
https://www.aalavina.org/revista/septiembre-octubre-2018/guiado-con-amor,Guiado con amor,No,Septiembre / Octubre,2018,,Anónimo,San José,California,"Ahora, gracias al grupo, tiene fortaleza y esperanza, un día a la vez",No,No,"San José, California",
https://www.aalavina.org/revista/septiembre-octubre-2018/quise-ser-como-ella,Quise ser como ella,No,Septiembre / Octubre,2018,,Graciela L.,Cathedral City,California,Una compañera la inspiró,No,No,"Cathedral City, California",
https://www.aalavina.org/revista/septiembre-octubre-2018/viaje-sin-regreso,Viaje sin regreso,No,Septiembre / Octubre,2018,,Victor H.,Richmond,Texas,Despierta al final de la ruta,No,Yes,"Richmond, Texas",
https://www.aalavina.org/revista/septiembre-octubre-2018/con-un-levanton-de-manos,Con un levantón de manos,No,Septiembre / Octubre,2018,,Gregorio M.,Costa Mesa,California,Toma una decisión de la que no se arrepiente,No,No,"Costa Mesa, California",
https://www.aalavina.org/revista/septiembre-octubre-2018/el-sobrecito-negro,El sobrecito negro,No,Septiembre / Octubre,2018,,Rosalinda G.,National City,California,,No,No,"National City, California",
https://www.aalavina.org/revista/septiembre-octubre-2018/para-el-que-no-conozco,Para el que no conozco,No,Septiembre / Octubre,2018,,Virginia N.,Bakersfield,California,Nos cuenta cómo las historias de recuperación funcionan en su vida,No,No,"Bakersfield, California",
https://www.aalavina.org/revista/septiembre-octubre-2018/acerca-del-alcoholismo,Acerca del alcoholismo,No,Septiembre / Octubre,2018,,,,,"Aspectos médicos, legales y sociales del alcoholismo",No,Unknown (no location in byline),,
https://www.aalavina.org/revista/septiembre-octubre-2018/la-sexta-tradicion,La sexta tradición,No,Septiembre / Octubre,2018,,,,,,No,Unknown (no location in byline),,
https://www.aalavina.org/revista/julio-agosto-2018/si-se-puede,¡Sí se puede!,No,Julio / Agosto,2018,,Rafael S.,Norco,California,,No,No,"Norco, California",
https://www.aalavina.org/revista/julio-agosto-2018/como-un-tornado,Como un tornado,No,Julio / Agosto,2018,,Marco T.,San Diego,California,A su paso todo se destruía,No,No,"San Diego, California",
https://www.aalavina.org/revista/julio-agosto-2018/yo-no-bebo-alcohol,“Yo no bebo alcohol”,No,Julio / Agosto,2018,,José Ricardo M. C.,Santa Ana,California,Hoy puede hablar de sus defectos de carácter,No,No,"Santa Ana, California",
https://www.aalavina.org/revista/julio-agosto-2018/venciendo-miedos,Venciendo miedos,No,Julio / Agosto,2018,,Victor Z.,San Fernando,California,En el servicio rompe barreras,No,No,"San Fernando, California",
https://www.aalavina.org/revista/julio-agosto-2018/una-gran-familia,Una gran familia,No,Julio / Agosto,2018,,Felipe M.,San José,California,Nos transmite la emoción de compartir en AA,No,No,"San José, California",
https://www.aalavina.org/revista/julio-agosto-2018/olvide-mi-hijo,Olvidé a mi hijo,No,Julio / Agosto,2018,,Miguel C.,Phoenix,Arizona,"En su opinión, hay que evitar el desbalance",No,No,"Phoenix, Arizona",
https://www.aalavina.org/revista/julio-agosto-2018/la-ultima-cerveza,La última cerveza,No,Julio / Agosto,2018,,Gerónimo S.,Houston,Texas,Una larga noche antes de llegar el día,No,Yes,"Houston, Texas",
https://www.aalavina.org/revista/julio-agosto-2018/le-mostre-el-cobre,Le mostré “el cobre”,No,Julio / Agosto,2018,,Erasmo B.,Houston,Texas,Un bebedor que intentaba controlar su bebida,No,Yes,"Houston, Texas",
https://www.aalavina.org/revista/julio-agosto-2018/todo-dar,A todo dar,No,Julio / Agosto,2018,,Miguel A.,San Salvador,,"Sobrio desde 1980, nos comparte su secreto",No,No,San Salvador,
https://www.aalavina.org/revista/julio-agosto-2018/acerca-del-alcoholismo,Acerca del alcoholismo,No,Julio / Agosto,2018,,,,,"Aspectos médicos, legales y sociales del alcoholismo",No,Unknown (no location in byline),,
https://www.aalavina.org/revista/julio-agosto-2018/carta-de-bienvenida,Carta de Bienvenida,No,Julio / Agosto,2018,,,,,,No,Unknown (no location in byline),,
https://www.aalavina.org/revista/julio-agosto-2018/cartas-del-lector,Cartas del lector,No,Julio / Agosto,2018,,,,,,No,Unknown (no location in byline),,
https://www.aalavina.org/revista/julio-agosto-2018/tema-de-discusion-para-reuniones,Tema de discusión para reuniones,No,Julio / Agosto,2018,,,,,,No,Unknown (no location in byline),,
https://www.aalavina.org/revista/julio-agosto-2018/noticias-de-aa,Noticias de AA,No,Julio / Agosto,2018,,,,,Los archivos de AA,No,Unknown (no location in byline),,
https://www.aalavina.org/revista/julio-agosto-2018/la-ruptura,La ruptura,No,Julio / Agosto,2018,,Santiago R.,Hoffman,North Carolina,Hoy puede aceptar las consecuencias de su conducta,No,No,"Hoffman, North Carolina",
https://www.aalavina.org/revista/julio-agosto-2018/fui-rebelde-y-violento,Fui rebelde y violento,No,Julio / Agosto,2018,,Javier C.,Soledad,California,"Mientras cumple su condena, aprende a cambiar",No,No,"Soledad, California",
https://www.aalavina.org/revista/julio-agosto-2018/agradable-sorpresa,Agradable sorpresa,No,Julio / Agosto,2018,,Abel G.,Irving,Texas,Está sobrio y se nota,No,Yes,"Irving, Texas",
https://www.aalavina.org/revista/julio-agosto-2018/el-mensaje-en-la-carcel,El mensaje en la cárcel,No,Julio / Agosto,2018,,Fernando R.,San José,California,"La corte lo llevó a los grupos, y se salvó",No,No,"San José, California",
https://www.aalavina.org/revista/julio-agosto-2018/pagando-multas,Pagando multas,No,Julio / Agosto,2018,,Javier H.,New Braunfels,Texas,No se daba cuenta que su vida era una deuda,No,Yes,"New Braunfels, Texas",
https://www.aalavina.org/revista/julio-agosto-2018/como-olvidar-esa-vida,¿Cómo olvidar esa vida?,No,Julio / Agosto,2018,,David G. R.,Las Vegas,Nevada,Compara un pasado de sufrimiento con un presente feliz,No,No,"Las Vegas, Nevada",
https://www.aalavina.org/revista/julio-agosto-2018/el-poder-superior-en-su-camino,El Poder Superior en su camino,No,Julio / Agosto,2018,,Ramón G.,Anaheim,California,Ese día tuvo una prueba “de ácido”,No,No,"Anaheim, California",
https://www.aalavina.org/revista/julio-agosto-2018/el-milagro-de-mi-vida,El milagro de mi vida,No,Julio / Agosto,2018,,Geovani L.,Houston,Texas,Pudo romper el molde familiar de alcoholismo,No,Yes,"Houston, Texas",
https://www.aalavina.org/revista/julio-agosto-2018/una-semilla-bien-plantada,Una semilla bien plantada,No,Julio / Agosto,2018,,Juan A.,Dallas,Texas,Tuvo que pasar cuatro veces por la cárcel para escuchar,No,Yes,"Dallas, Texas",
https://www.aalavina.org/revista/julio-agosto-2018/sin-hijos-sin-mujer-y-sin-casa,"Sin hijos, sin mujer y sin casa",No,Julio / Agosto,2018,,Ricardo G.,Los Ángeles,California,Quiso dejar de beber por su cuenta y no tuvo éxito,No,No,"Los Ángeles, California",
https://www.aalavina.org/revista/julio-agosto-2018/batallando-con-mis-emociones,Batallando con mis emociones,No,Julio / Agosto,2018,,Anónimo,San Antonio,Texas,Pidió ayuda y la encontró en otro alcohólico,No,Yes,"San Antonio, Texas",
https://www.aalavina.org/revista/julio-agosto-2018/noches-de-parranda,Noches de parranda,No,Julio / Agosto,2018,,Blanca C. P.,Las Vegas,Nevada,Trabajaba en un bar e intentaba olvidar,No,No,"Las Vegas, Nevada",
https://www.aalavina.org/revista/mayo-junio-2018/carta-de-bienvenida,Carta de Bienvenida,No,Mayo / Junio,2018,,,,,,No,Unknown (no location in byline),,
https://www.aalavina.org/revista/mayo-junio-2018/cartas-del-lector,Cartas del lector,No,Mayo / Junio,2018,,,,,,No,Unknown (no location in byline),,
https://www.aalavina.org/revista/mayo-junio-2018/murmurando,Murmurando,No,Mayo / Junio,2018,,Ana,Gijón,,Sugiere que dejemos de criticarnos entre nosotros,No,No,Gijón,
https://www.aalavina.org/revista/mayo-junio-2018/tema-de-discusion-para-reuniones,Tema de discusión para reuniones,No,Mayo / Junio,2018,,,,,,No,Unknown (no location in byline),,
https://www.aalavina.org/revista/mayo-junio-2018/bienvenida-o-despedida,¿Bienvenida o despedida?,No,Mayo / Junio,2018,,Francisco S.P.,Gijón,,De nosotros depende el ambiente del grupo,No,No,Gijón,
https://www.aalavina.org/revista/mayo-junio-2018/solo-y-desesperado,Solo y desesperado,No,Mayo / Junio,2018,,Efrén L.,New Castle,Delaware,Le dieron amor y comprension,No,No,"New Castle, Delaware",
https://www.aalavina.org/revista/mayo-junio-2018/todos-me-ayudan,Todos me ayudan,No,Mayo / Junio,2018,,Heron O.,Chaparral,Nuevo Mexico,Desde una celda agradece el apoyo de grupos y la OSG,No,No,"Chaparral, Nuevo Mexico",
https://www.aalavina.org/revista/mayo-junio-2018/sin-poder-levantarme-en-las-mananas,Sin poder levantarme en las mañanas,No,Mayo / Junio,2018,,Marcos M.,Las Vegas,Nevada,Sabe que un Tercer Paso está a la mano para ayudarlo en su sobriedad,No,No,"Las Vegas, Nevada",
https://www.aalavina.org/revista/mayo-junio-2018/buenas-vibraciones,Buenas vibraciones,No,Mayo / Junio,2018,,Roberto F.G.,Gran Canaria,,Comparte sus sentimientos desde la isla de Gran Canaria,No,No,Gran Canaria,
https://www.aalavina.org/revista/mayo-junio-2018/la-ultima-moneda,La última moneda,No,Mayo / Junio,2018,,Ricardo G.,Port Chester,New York,Tenía veintiocho años y había perdido toda esperanza de una vida mejor,No,No,"Port Chester, New York",
https://www.aalavina.org/revista/mayo-junio-2018/de-la-misma-botella,De la misma botella,No,Mayo / Junio,2018,,Leandro C.,Santa Ana,California,Compartieron los sinsabores del alcohol y la tranquilidad de la sobriedad,No,No,"Santa Ana, California",
https://www.aalavina.org/revista/mayo-junio-2018/derrota-en-la-aduana,Derrota en la aduana,No,Mayo / Junio,2018,,Víctor Hugo H.,Santa Maria,California,Regresa del peor viaje de su vida,No,No,"Santa Maria, California",
https://www.aalavina.org/revista/mayo-junio-2018/en-lista-de-espera,En lista de espera,No,Mayo / Junio,2018,,Candelario,Los Ángeles,California,"Creía que no era alcohólico, pero su hígado habló por él",No,No,"Los Ángeles, California",
https://www.aalavina.org/revista/mayo-junio-2018/treinta-latas-diarias,Treinta latas diarias,No,Mayo / Junio,2018,,Carlos R.,Phoenix,Arizona,Sus planes y coartadas lo llevaron a la ruina,No,No,"Phoenix, Arizona",
https://www.aalavina.org/revista/mayo-junio-2018/inventando-un-resentimiento,Inventando un resentimiento,No,Mayo / Junio,2018,,Ramon C.,Delano,California,Encontró una razón para beber,No,No,"Delano, California",
https://www.aalavina.org/revista/mayo-junio-2018/ni-la-primera-ni-la-ultima,"Ni la primera, ni la ultima",No,Mayo / Junio,2018,,Juan M.,Las Vegas,Nevada,,No,No,"Las Vegas, Nevada",
https://www.aalavina.org/revista/mayo-junio-2018/el-pequeno-detalle,El pequeño detalle,No,Mayo / Junio,2018,,Anónimo,National City,California,No sabía por qué sus emociones estaban tan confundidas,No,No,"National City, California",
https://www.aalavina.org/revista/mayo-junio-2018/una-planta-que-florece,Una planta que florece,No,Mayo / Junio,2018,,Cristina L/,Houston,Texas,Llegó a AA sintiendo que ya no valía la pena vivir,No,Yes,"Houston, Texas",
https://www.aalavina.org/revista/mayo-junio-2018/un-final-feliz,Un final feliz,No,Mayo / Junio,2018,,Juan N.,Santa Ana,California,Tiene siete meses en el programa y ya siente que su vida ha cambiado,No,No,"Santa Ana, California",
https://www.aalavina.org/revista/mayo-junio-2018/fumando-o-bebiendo,¿Fumando o bebiendo?,No,Mayo / Junio,2018,,Oscar M.,Medellín,,"En su opinión, hay que tener cuidado con otras sustancias",No,No,Medellín,
https://www.aalavina.org/revista/mayo-junio-2018/la-ciudad-de-aa,"""La ciudad de AA""",No,Mayo / Junio,2018,,Ramón C.,Delano,California,Fue a la Convencion Internacional y se llevó grandes sorpresas,No,No,"Delano, California",
https://www.aalavina.org/revista/mayo-junio-2018/vino-por-tres-meses,Vino por tres meses,No,Mayo / Junio,2018,,Alejandro O.,Fort Worth,Texas,"Hoy vive la vida en los términos de la vida, y es feliz",No,Yes,"Fort Worth, Texas",
https://www.aalavina.org/revista/mayo-junio-2018/ella-la-lea,Ella la lea,No,Mayo / Junio,2018,,Antonio H.,Chula Vista,California,Introduce la revista La Viña en su hogar,No,No,"Chula Vista, California",
https://www.aalavina.org/revista/mayo-junio-2018/la-recompensa,La recompensa,No,Mayo / Junio,2018,,Julieta C.,Indio,California,Una RLV comparte su experiencia,No,No,"Indio, California",
https://www.aalavina.org/revista/mayo-junio-2018/acerca-del-alcoholismo,Acerca del alcoholismo,No,Mayo / Junio,2018,,,,,"Aspectos médicos, legales y sociales del alcoholismo",No,Unknown (no location in byline),,
https://www.aalavina.org/revista/marzo-abril-2018/protegiendo-al-nuevo,Protegiendo al nuevo,No,Marzo / Abril,2018,,José Joaquín R.,Cartago,,El servicio le permite ser útil y crecer,No,No,Cartago,
https://www.aalavina.org/revista/marzo-abril-2018/tema-de-discusion-para-reuniones,Tema de discusión para reuniones,No,Marzo / Abril,2018,,,,,,No,Unknown (no location in byline),,
https://www.aalavina.org/revista/marzo-abril-2018/deuda-pendiente,Deuda pendiente,No,Marzo / Abril,2018,,Juan B.,Rialto,California,"Sirviendo en un comité, se enfrenta con su pasado",No,No,"Rialto, California",
https://www.aalavina.org/revista/marzo-abril-2018/la-espera,La espera,No,Marzo / Abril,2018,,Socorro L.,Glendale,Arizona,"Estaba buscando a una persona, hoy celebra y participa",No,No,"Glendale, Arizona",
https://www.aalavina.org/revista/marzo-abril-2018/es-de-voluntad,Es de voluntad,No,Marzo / Abril,2018,,Araceli V.,Lampoc,California,"Para ella, su servicio está pagado",No,No,"Lampoc, California",
https://www.aalavina.org/revista/marzo-abril-2018/una-luz-maravillosa,Una luz maravillosa,No,Marzo / Abril,2018,,Jesús R. G.,Garden Grove,California,Detrás de su sentimiento de superioridad se escondía el miedo,No,No,"Garden Grove, California",
https://www.aalavina.org/revista/marzo-abril-2018/no-lo-hagas,¡No lo hagas!,No,Marzo / Abril,2018,,José A.M.,Los Ángeles,California,Nos recuerda que el anonimato protege al nuevo y a nuestra comunidad,No,No,"Los Ángeles, California",
https://www.aalavina.org/revista/marzo-abril-2018/amor-adulto,Amor adulto,No,Marzo / Abril,2018,,Luis A.,Bronx,New York,Un alcohólico en recuperación comparte sus aventuras buscando pareja.,No,No,"Bronx, New York",
https://www.aalavina.org/revista/marzo-abril-2018/los-resucitados,Los “resucitados”,No,Marzo / Abril,2018,,Leandro C.,Santa Ana,California,La increíble historia de dos alcohólicos sin esperanza,No,No,"Santa Ana, California",
https://www.aalavina.org/revista/marzo-abril-2018/en-aa-yo-tengo-vida,En AA yo tengo vida,No,Marzo / Abril,2018,,Pablo T.,Pasco,Washington,,No,No,"Pasco, Washington",
https://www.aalavina.org/revista/marzo-abril-2018/la-fiesta-termino-mal,La fiesta terminó mal,No,Marzo / Abril,2018,,Luis R.,Dallas,Texas,Un bebedor social descubre el origen de sus problemas,No,Yes,"Dallas, Texas",
https://www.aalavina.org/revista/marzo-abril-2018/locura-en-la-autopista,Locura en la autopista,No,Marzo / Abril,2018,,Domingo V.,Gaithersburg,Maryland,Pisando el acelerador descubre que ama la vida.,No,No,"Gaithersburg, Maryland",
https://www.aalavina.org/revista/marzo-abril-2018/ahogando-las-penas,Ahogando las penas,No,Marzo / Abril,2018,,Gilma,Hemet,California,"Apegada al programa, recupera su autoestima",No,No,"Hemet, California",
https://www.aalavina.org/revista/marzo-abril-2018/recogiendo-los-pedazos,Recogiendo los pedazos,No,Marzo / Abril,2018,,Mario,Irving,Texas,"Desde niño vivió rodeado de alcohol, hoy esta sumergido en sobriedad",No,Yes,"Irving, Texas",
https://www.aalavina.org/revista/marzo-abril-2018/un-gran-problema,Un gran problema,No,Marzo / Abril,2018,,José O.,Yonkers,New York,"Para él no había otra ambición más que beber, ¿Cómo pudo cambiar?",No,No,"Yonkers, New York",
https://www.aalavina.org/revista/marzo-abril-2018/el-rescate,El rescate,No,Marzo / Abril,2018,,Jalerio P.,San Antonio,Texas,Sólo tuvo que extender su mano y pedir ayuda,No,Yes,"San Antonio, Texas",
https://www.aalavina.org/revista/marzo-abril-2018/como-una-uva,Como una uva,No,Marzo / Abril,2018,,Juan Carlos S.,San José,California,Nos invita a unirnos al servicio de La Viña y compartir la alegría de vivir,No,No,"San José, California",
https://www.aalavina.org/revista/marzo-abril-2018/nuestros-textos,Nuestros textos,No,Marzo / Abril,2018,,Óskareme,Medellín,,"En su opinión, no hay libros “malos”",No,No,Medellín,
https://www.aalavina.org/revista/marzo-abril-2018/una-sola-vibra,Una sola vibra,No,Marzo / Abril,2018,,Ricardo G.,Compton,California,Nos comparte su mejor experiencia en AA,No,No,"Compton, California",
https://www.aalavina.org/revista/marzo-abril-2018/confiar-en-el-grupo,Confiar en el grupo,No,Marzo / Abril,2018,,Aurelio B.,Chicago,Illinois,La liberación de ese pasado llega sobre la tribuna,No,No,"Chicago, Illinois",
https://www.aalavina.org/revista/marzo-abril-2018/carta-de-bienvenida,Carta de Bienvenida,No,Marzo / Abril,2018,,,,,,No,Unknown (no location in byline),,
https://www.aalavina.org/revista/marzo-abril-2018/cartas-del-lector,Cartas del lector,No,Marzo / Abril,2018,,,,,,No,Unknown (no location in byline),,
https://www.aalavina.org/revista/marzo-abril-2018/noticias-de-aa,Noticias de AA,No,Marzo / Abril,2018,,,,,,No,Unknown (no location in byline),,
https://www.aalavina.org/revista/marzo-abril-2018/acerca-del-alcoholismo,Acerca del alcoholismo,No,Marzo / Abril,2018,,,,,"Aspectos médicos, legales y sociales del alcoholismo",No,Unknown (no location in byline),,
https://www.aalavina.org/revista/enero-febrero-2018/la-verdadera-educacion,La verdadera educación,No,Enero / Febrero,2018,,Alex A.,Livermore,California,Estaba convencido que necesitaba “aprender” a beber,No,No,"Livermore, California",
https://www.aalavina.org/revista/enero-febrero-2018/tema-de-discusion-para-reuniones,Tema de discusion para reuniónes,No,Enero / Febrero,2018,,,,,,No,Unknown (no location in byline),,
https://www.aalavina.org/revista/enero-febrero-2018/despertar-en-la-carcel,Despertar en la a cárcel,No,Enero / Febrero,2018,,Nemecio C.,Delano,California,La bebida lo lleva a confrontar jueces y policías,No,No,"Delano, California",
https://www.aalavina.org/revista/enero-febrero-2018/salvado-por-el-juez,Salvado por el juez,No,Enero / Febrero,2018,,Antonio R.,Delano,California,,No,No,"Delano, California",
https://www.aalavina.org/revista/enero-febrero-2018/la-ley-lo-domestica,La ley lo domestica,No,Enero / Febrero,2018,,Anónimo,San Antonio,Texas,"Era machista y bebedor, hoy disfruta la humildad",No,Yes,"San Antonio, Texas",
https://www.aalavina.org/revista/enero-febrero-2018/regreso-triunfal,Regreso triunfal,No,Enero / Febrero,2018,,José R.F.,Whittier,California,Reconoce que sólo de él dependía estar sobrio,No,No,"Whittier, California",
https://www.aalavina.org/revista/enero-febrero-2018/ocho-firmas,Ocho firmas,No,Enero / Febrero,2018,,Nino B.,Las Vegas,Nevada,Una sentencia le permite conocer otro estilo de vida,No,No,"Las Vegas, Nevada",
https://www.aalavina.org/revista/enero-febrero-2018/los-juramentos-inutiles,Los juramentos inútiles,No,Enero / Febrero,2018,,José A.M.,Santa Ana,California,Encuentra en el Primer Paso la promesa que nunca cumplió,No,No,"Santa Ana, California",
https://www.aalavina.org/revista/enero-febrero-2018/bien-fondeado,Bien fondeado,No,Enero / Febrero,2018,,Víctor J.,Atlanta,Georgia,La primera borrachera en Estados Unidos lo mandó de regreso a México,No,No,"Atlanta, Georgia",
https://www.aalavina.org/revista/enero-febrero-2018/el-golpe-de-gracia,El golpe de gracia,No,Enero / Febrero,2018,,Frank L.,Catex,Pennsylvania,"Muy cerca de la tragedia, encuentra un camino lejos del alcohol",No,No,"Catex, Pennsylvania",
https://www.aalavina.org/revista/enero-febrero-2018/ya-no-soy-un-maton,Ya no soy un matón,No,Enero / Febrero,2018,,Herbert G.,Gaithersburg,Maryland,Descubre el amor dentro de su corazón y en el programa de AA,No,No,"Gaithersburg, Maryland",
https://www.aalavina.org/revista/enero-febrero-2018/una-silla-te-espera,“Una silla te espera”,No,Enero / Febrero,2018,,Noé L.,Houston,Texas,"Tras veinte años de vida ingobernable, decide aceptar ayuda",No,Yes,"Houston, Texas",
https://www.aalavina.org/revista/enero-febrero-2018/no-sabia-vivir,No sabía vivir,No,Enero / Febrero,2018,,Andrés P.,Manor,Texas,Aprende a trabajar con los demás y aceptar la realidad,No,Yes,"Manor, Texas",
https://www.aalavina.org/revista/enero-febrero-2018/me-rescataron,Me rescataron,No,Enero / Febrero,2018,,Carlos A.,Houston,Texas,En un fin de semana sucedió lo que parecía imposible,No,Yes,"Houston, Texas",
https://www.aalavina.org/revista/enero-febrero-2018/ayudando-otras,Ayudando a otras,No,Enero / Febrero,2018,,Marina V.,Corona,California,Hoy su gratitud la lleva a las instituciones,No,No,"Corona, California",
https://www.aalavina.org/revista/enero-febrero-2018/evitando-controversias,Evitando controversias,No,Enero / Febrero,2018,,René,Tucson,Arizona,"En Arizona, los comités se aferran a las Tradiciones",No,No,"Tucson, Arizona",
https://www.aalavina.org/revista/enero-febrero-2018/una-tentacion,Una tentación,No,Enero / Febrero,2018,,Ana Isabel F.,Gijón,,Cometieron el error de olvidar el Duodécimo Concepto,No,No,Gijón,
https://www.aalavina.org/revista/enero-febrero-2018/por-atraccion,Por atracción,No,Enero / Febrero,2018,,Matías Z.,Austin,Texas,"Para tener lo que ellos tenían, comenzó por limpiar",No,Yes,"Austin, Texas",
https://www.aalavina.org/revista/enero-febrero-2018/solo-tiempo-y-alcohol,“Sólo tiempo y alcohol”,No,Enero / Febrero,2018,,Luis A.,Delano,California,Haciendo servicio entendió que los alcohólicos tenían razón,No,No,"Delano, California",
https://www.aalavina.org/revista/enero-febrero-2018/corre-al-evento,¡Corre al evento!,No,Enero / Febrero,2018,,Graciela L.,Cathedral City,California,Nos invita a compartir la emoción de participar en los talleres,No,No,"Cathedral City, California",
https://www.aalavina.org/revista/enero-febrero-2018/contando-los-tragos,Contando los tragos,No,Enero / Febrero,2018,,Martín S.,Cleburne,Texas,"No le gustaba el sabor, pero se convirtió en alcohólico",No,Yes,"Cleburne, Texas",
https://www.aalavina.org/revista/enero-febrero-2018/unidad-en-coachella,Unidad en Coachella,No,Enero / Febrero,2018,,Joshua H.,San José,California,"Nos cuenta que en un taller no sólo se escribe, se comparte",No,No,"San José, California",
https://www.aalavina.org/revista/enero-febrero-2018/emergencia-hay-una-nueva,Emergencia: ¡Hay una nueva!,No,Enero / Febrero,2018,,Silvia C.,Delano,California,El café le quitó la resaca y la bienvenida la sorprendió,No,No,"Delano, California",
https://www.aalavina.org/revista/enero-febrero-2018/carta-de-bienvenida,Carta de Bienvenida,No,Enero / Febrero,2018,,,,,,No,Unknown (no location in byline),,
https://www.aalavina.org/revista/enero-febrero-2018/cartas-del-lector,Cartas del lector,No,Enero / Febrero,2018,,,,,,No,Unknown (no location in byline),,
https://www.aalavina.org/revista/enero-febrero-2018/acerca-del-alcoholismo,Acerca del alcoholismo,No,Enero / Febrero,2018,,,,,"Aspectos médicos, legales y sociales del alcoholismo",No,Unknown (no location in byline),,
https://www.aalavina.org/revista/noviembre-diciembre-2017/supo-guiarme,Supo guiarme,No,Noviembre / Diciembre,2017,,Luis A.,Bronx,New York,Conversando con su padrino descubre su pasado,No,No,"Bronx, New York",
https://www.aalavina.org/revista/noviembre-diciembre-2017/fin-de-ano-en-sobriedad,Fin de año en sobriedad,No,Noviembre / Diciembre,2017,,Antonio A.,Las Vegas,Nevada,¿Qué hace un alcohólico en la ciudad de la fiesta?,No,No,"Las Vegas, Nevada",
https://www.aalavina.org/revista/noviembre-diciembre-2017/una-receta-magica,Una receta mágica,No,Noviembre / Diciembre,2017,,Rafael R,San José,California,Su sobriedad depende de buenos ingredientes,No,No,"San José, California",
https://www.aalavina.org/revista/noviembre-diciembre-2017/bailando-con-mi-esposa,Bailando con mi esposa,No,Noviembre / Diciembre,2017,,Ramón C.,Delano,California,"Un día a la vez, las promesas se cumplen",No,No,"Delano, California",
https://www.aalavina.org/revista/noviembre-diciembre-2017/tema-de-discusion-para-reuniones,Tema de discusión para reuniones,No,Noviembre / Diciembre,2017,,,,,,No,Unknown (no location in byline),,
https://www.aalavina.org/revista/noviembre-diciembre-2017/de-pueblo-en-pueblo,De pueblo en pueblo,No,Noviembre / Diciembre,2017,,Mario C.,San Antonio,Texas,Ahora distingue entre tomar y manejar,No,Yes,"San Antonio, Texas",
https://www.aalavina.org/revista/noviembre-diciembre-2017/superior-mi-mismo,Superior a mí mismo,No,Noviembre / Diciembre,2017,,Ignacio G.L.,Anaheim,California,"Le dijeron que con un poquito de espiritualidad bastaba, y funcionó",No,No,"Anaheim, California",
https://www.aalavina.org/revista/noviembre-diciembre-2017/distribuyendo-los-gastos,Distribuyendo los gastos,No,Noviembre / Diciembre,2017,,Ana Isabel S. M.,Gijón,,"Para ella, la Séptima significa responsabilidad e independencia",No,No,Gijón,
https://www.aalavina.org/revista/noviembre-diciembre-2017/el-secreto-de-una-buena-fiesta,El secreto de una buena fiesta,No,Noviembre / Diciembre,2017,,Héctor A.,Santa Rosa,California,Sólo una noche fue suficiente para entender y creer,No,No,"Santa Rosa, California",
https://www.aalavina.org/revista/noviembre-diciembre-2017/graduado,“Graduado”,No,Noviembre / Diciembre,2017,,Marco A. I.,Carson,California,La evaluación de su alcoholismo no se compara a la de su sobriedad,No,No,"Carson, California",
https://www.aalavina.org/revista/noviembre-diciembre-2017/el-espejo,El espejo,No,Noviembre / Diciembre,2017,,Pedro.,Pasadena,California,Necesitaba esa derrota para recuperar su imagen,No,No,"Pasadena, California",
https://www.aalavina.org/revista/noviembre-diciembre-2017/un-final-feliz,Un final feliz,No,Noviembre / Diciembre,2017,,M. T.,Cleburne,Texas,"La muerte no tiene solución, su alcoholismo sí",No,Yes,"Cleburne, Texas",
https://www.aalavina.org/revista/noviembre-diciembre-2017/la-tarjetita,La tarjetita,No,Noviembre / Diciembre,2017,,Mario C.,Houston,Texas,Encuentra en su bolsillo las instrucciones para cambiar,No,Yes,"Houston, Texas",
https://www.aalavina.org/revista/noviembre-diciembre-2017/dulce-serenidad,Dulce serenidad,No,Noviembre / Diciembre,2017,,Nuria S.G.,Gijón,,En el dolor más grande encuentra aceptación y fortaleza,No,No,Gijón,
https://www.aalavina.org/revista/noviembre-diciembre-2017/resentimientos-o-rotacion,¿Resentimientos o rotación?,No,Noviembre / Diciembre,2017,,Isabel S.,Gijón,,Ella también quiso gobernar,No,No,Gijón,
https://www.aalavina.org/revista/noviembre-diciembre-2017/la-pesadilla,La pesadilla,No,Noviembre / Diciembre,2017,,Arturo G.,Conroe,Texas,Se da cuenta que para dejar de beber necesita ayuda,No,Yes,"Conroe, Texas",
https://www.aalavina.org/revista/noviembre-diciembre-2017/donde-esta-mi-cena,¿Dónde está mi cena?,No,Noviembre / Diciembre,2017,,Filiberto D.,Houston,Texas,Salvó su vida y la de su familia,No,Yes,"Houston, Texas",
https://www.aalavina.org/revista/noviembre-diciembre-2017/ataque-de-panico,Ataque de pánico,No,Noviembre / Diciembre,2017,,Francisco M.,Houston,Texas,"La sobriedad no es fácil, pero volver atrás es peor",No,Yes,"Houston, Texas",
https://www.aalavina.org/revista/noviembre-diciembre-2017/nace-un-servidor,Nace un servidor,No,Noviembre / Diciembre,2017,,Joshua H.,San José,California,Escribiendo encuentra la motivación que buscaba,No,No,"San José, California",
https://www.aalavina.org/revista/noviembre-diciembre-2017/el-servicio-me-educa,El servicio me educa,No,Noviembre / Diciembre,2017,,Anónimo.,Bronx,New York,Dentro o fuera del grupo se beneficia ayudando,No,No,"Bronx, New York",
https://www.aalavina.org/revista/noviembre-diciembre-2017/cabalgata-fatal,Cabalgata fatal,No,Noviembre / Diciembre,2017,,George M.,Reseda,California,"Con cincuenta y tres años en AA, nos comparte cómo llegó",No,No,"Reseda, California",
https://www.aalavina.org/revista/noviembre-diciembre-2017/carta-de-bienvenida,Carta de Bienvenida,No,Noviembre / Diciembre,2017,,,,,,No,Unknown (no location in byline),,
https://www.aalavina.org/revista/noviembre-diciembre-2017/cartas-del-lector,Cartas del lector,No,Noviembre / Diciembre,2017,,,,,,No,Unknown (no location in byline),,
https://www.aalavina.org/revista/noviembre-diciembre-2017/acerca-del-alcoholismo,Acerca del alcoholismo,No,Noviembre / Diciembre,2017,,,,,"Aspectos médicos, legales y sociales del alcoholismo",No,Unknown (no location in byline),,
https://www.aalavina.org/revista/noviembre-diciembre-2017/noticias-de-aa,Noticias de AA,No,Noviembre / Diciembre,2017,,,,,,No,Unknown (no location in byline),,
https://www.aalavina.org/revista/septiembre-octubre-2017/una-mano-salvadora,Una mano salvadora,No,Septiembre / Octubre,2017,,Andrés P.,Houston,Texas,"Quiso resultados rápidos, y sólo consiguió miseria",No,Yes,"Houston, Texas",
https://www.aalavina.org/revista/septiembre-octubre-2017/todos-bordo,¡Todos a bordo!,No,Septiembre / Octubre,2017,,Luis M.,San José,California,Nos recuerda que hay una solución,No,No,"San José, California",
https://www.aalavina.org/revista/septiembre-octubre-2017/tema-de-discusion-para-reuniones,Tema de discusión para reuniones,No,Septiembre / Octubre,2017,,,,,,No,Unknown (no location in byline),,
https://www.aalavina.org/revista/septiembre-octubre-2017/el-conductor,El conductor,No,Septiembre / Octubre,2017,,Raymundo L.,San José,California,Una insólita experiencia espiritual en la carretera,No,No,"San José, California",
https://www.aalavina.org/revista/septiembre-octubre-2017/veo-y-siento,Veo y siento,No,Septiembre / Octubre,2017,,Anónimo,San Antonio,Texas,El orgullo le impedía identificarse con el grupo,No,Yes,"San Antonio, Texas",
https://www.aalavina.org/revista/septiembre-octubre-2017/asuntos-en-orden,Asuntos en orden,No,Septiembre / Octubre,2017,,Joaquín S.,Stamford,Connecticut,Su vida recomenzó esa noche,No,No,"Stamford, Connecticut",
https://www.aalavina.org/revista/septiembre-octubre-2017/aliviando-la-carga,Aliviando la carga,No,Septiembre / Octubre,2017,,Julio L.,Madrid,,Enfrenta el desgano y la pereza con una simple herramienta,No,No,Madrid,
https://www.aalavina.org/revista/septiembre-octubre-2017/creciendo-juntos,Creciendo juntos,No,Septiembre / Octubre,2017,,Guillermo A.,San Juan,,Un alcohólico comparte sobre la importancia de estar unidos,No,No,San Juan,
https://www.aalavina.org/revista/septiembre-octubre-2017/fuera-de-la-cancha,Fuera de la cancha,No,Septiembre / Octubre,2017,,Fernando M.,Peekskill,Nueva York,¿Cómo puede AA ayudar a un futbolista?,No,No,"Peekskill, Nueva York",
https://www.aalavina.org/revista/septiembre-octubre-2017/otra-vez-borracho,¡Otra vez borracho!,No,Septiembre / Octubre,2017,,Felipe C.,Fallbrook,California,Arrastraba desgracias e impotencia,No,No,"Fallbrook, California",
https://www.aalavina.org/revista/septiembre-octubre-2017/la-hermosa-vida,La hermosa vida,No,Septiembre / Octubre,2017,,Gil G.,Delano,California,Haciendo los Pasos descubre sus defectos,No,No,"Delano, California",
https://www.aalavina.org/revista/septiembre-octubre-2017/ella-tenia-razon,Ella tenía razón,No,Septiembre / Octubre,2017,,Alejandro O.,Dallas,Texas,Logra vencer sus miedos y hoy es parte de una pareja en AA,No,Yes,"Dallas, Texas",
https://www.aalavina.org/revista/septiembre-octubre-2017/hogar-dulce-hogar,Hogar dulce hogar,No,Septiembre / Octubre,2017,,Graciela B.,Del Valle,Texas,Una madre reflexiona acerca de su sobriedad,No,Yes,"Del Valle, Texas",
https://www.aalavina.org/revista/septiembre-octubre-2017/complicado-o-simple,Complicado o simple,No,Septiembre / Octubre,2017,,Carlos B.,Orlando,Florida,El apadrinamiento transforma su recuperación,No,No,"Orlando, Florida",
https://www.aalavina.org/revista/septiembre-octubre-2017/poco-poco,Poco a poco,No,Septiembre / Octubre,2017,,Leandro C.,Santa Ana,California,Supera el estancamiento y encuentra la libertad,No,No,"Santa Ana, California",
https://www.aalavina.org/revista/septiembre-octubre-2017/amor-y-cantinas,Amor y cantinas,No,Septiembre / Octubre,2017,,Cleto H.,Fort Worth,Texas,Escapa de una doble dependencia,No,Yes,"Fort Worth, Texas",
https://www.aalavina.org/revista/septiembre-octubre-2017/ni-en-guadalajara,Ni en Guadalajara,No,Septiembre / Octubre,2017,,Salvador M.,Atlanta,Georgia,Las fugas geográficas no sirvieron para hacer realidad los sueños,No,No,"Atlanta, Georgia",
https://www.aalavina.org/revista/septiembre-octubre-2017/su-turno,Su turno,No,Septiembre / Octubre,2017,,Roberto P.,San Antonio,Texas,"Le pronosticaron muchas fiestas, y las tuvo",No,Yes,"San Antonio, Texas",
https://www.aalavina.org/revista/septiembre-octubre-2017/el-rebano,El rebaño,No,Septiembre / Octubre,2017,,Crispin P.,San José,California,Junto a su padrino y sus ahijados se siente parte de un grupo muy especial,No,No,"San José, California",
https://www.aalavina.org/revista/septiembre-octubre-2017/carta-de-bienvenida-0,Carta de Bienvenida,No,Septiembre / Octubre,2017,,,,,,No,Unknown (no location in byline),,
https://www.aalavina.org/revista/septiembre-octubre-2017/cartas-del-lector,Cartas del lector,No,Septiembre / Octubre,2017,,,,,,No,Unknown (no location in byline),,
https://www.aalavina.org/revista/septiembre-octubre-2017/noticias-de-aa,Noticias de AA,No,Septiembre / Octubre,2017,,,,,,No,Unknown (no location in byline),,
https://www.aalavina.org/revista/septiembre-octubre-2017/acerca-del-alcoholismo,Acerca del alcoholismo,No,Septiembre / Octubre,2017,,,,,"Aspectos médicos, legales y sociales del alcoholismo",No,Unknown (no location in byline),,
https://www.aalavina.org/revista/septiembre-octubre-2017/debajo-de-su-melena,Debajo de su melena,No,Septiembre / Octubre,2017,,Octavio G.,Kingwood,Texas,Durante mucho tiempo escondió su verdadera personalidad,No,Yes,"Kingwood, Texas",
https://www.aalavina.org/revista/septiembre-octubre-2017/carta-de-bienvenida,Carta de Bienvenida,No,Septiembre / Octubre,2017,,,,,,No,Unknown (no location in byline),,
https://www.aalavina.org/revista/septiembre-octubre-2017/disfrutando-en-aa,Disfrutando en AA,No,Septiembre / Octubre,2017,,Jesús G.,Austin,Texas,Descubre las recompensas de mantenerse ocupado,No,Yes,"Austin, Texas",
https://www.aalavina.org/revista/julio-agosto-2017/tema-de-discusion-para-reuniones,Tema de discusión para reuniones,No,Julio / Agosto,2017,,,,,,No,Unknown (no location in byline),,
https://www.aalavina.org/revista/julio-agosto-2017/el-rescate,El rescate,No,Julio / Agosto,2017,,Carlos R.,Carson,California,Su hermano le hace una oferta difícil de rechazar,No,No,"Carson, California",
https://www.aalavina.org/revista/julio-agosto-2017/un-viejo-amigo,Un viejo amigo,No,Julio / Agosto,2017,,Andrés H. S.,Xalapa,,Comienza una aventura “luminosa” con la ayuda de su Poder Superior,No,No,Xalapa,
https://www.aalavina.org/revista/julio-agosto-2017/ingobernable,Ingobernable,No,Julio / Agosto,2017,,José G.,Turlock,California,Su carrera alcohólica finaliza en la cárcel,No,No,"Turlock, California",
https://www.aalavina.org/revista/julio-agosto-2017/la-visita,La visita,No,Julio / Agosto,2017,,Cristina A.,Tucson,Arizona,Ese día hubo fiesta y ella estaba invitada,No,No,"Tucson, Arizona",
https://www.aalavina.org/revista/julio-agosto-2017/en-su-dia-libre,En su día libre,No,Julio / Agosto,2017,,Ever C.,Houston,Texas,Fue afortunado: la ley lo rescató,No,Yes,"Houston, Texas",
https://www.aalavina.org/revista/julio-agosto-2017/por-que-mentia,¿Por qué mentía?,No,Julio / Agosto,2017,,Anónimo.,,,En el Quinto Paso se le acaban los fingimientos,No,Unknown (no location in byline),,
https://www.aalavina.org/revista/julio-agosto-2017/cuidando-aa,Cuidando AA,No,Julio / Agosto,2017,,José C.,Cypress,California,"En su experiencia, hay que entender adónde va el dinero",No,No,"Cypress, California",
https://www.aalavina.org/revista/julio-agosto-2017/felicidad-conyugal,Felicidad conyugal,No,Julio / Agosto,2017,,Juan F.,Santa Ana,California,"Encuentra la manera de trabajar su relación de pareja, y la comparte",No,No,"Santa Ana, California",
https://www.aalavina.org/revista/julio-agosto-2017/aa-en-francia,AA en Francia,No,Julio / Agosto,2017,,Manuel M.,Paris,,Rompieron barreras geográficas y sociales,No,No,Paris,
https://www.aalavina.org/revista/julio-agosto-2017/dias-nublados,Días nublados,No,Julio / Agosto,2017,,Anónimo.,Fort Worth,Texas,"Bebió por poco tiempo y en pequeña cantidad, pero tenía miedo",No,Yes,"Fort Worth, Texas",
https://www.aalavina.org/revista/julio-agosto-2017/una-madre-y-un-hijo,Una madre y un hijo,No,Julio / Agosto,2017,,Juan Manuel S.,Colorines,,"El alcohol se cruzó en sus vidas, pero con mente abierta vuelven a sonreír",No,No,Colorines,
https://www.aalavina.org/revista/julio-agosto-2017/estas-listo,¿Estás listo?,No,Julio / Agosto,2017,,Anónimo.,Fort Worth,Texas,,No,Yes,"Fort Worth, Texas",
https://www.aalavina.org/revista/julio-agosto-2017/sosteniendo-el-mundo,Sosteniendo el mundo,No,Julio / Agosto,2017,,Anónimo,,,Dejó de compartir sus triunfos y empezó a hablar de su derrota,No,Unknown (no location in byline),,
https://www.aalavina.org/revista/julio-agosto-2017/la-dadiva,La dádiva,No,Julio / Agosto,2017,,Gabriela A.,San José,California,"Grandes fueron sus problemas con el alcohol, grandes son las promesas",No,No,"San José, California",
https://www.aalavina.org/revista/julio-agosto-2017/aterrizaje-seguro,Aterrizaje seguro,No,Julio / Agosto,2017,,Antonio R.,,,Goza de libertad porque practica las sugerencias,No,Unknown (no location in byline),,
https://www.aalavina.org/revista/julio-agosto-2017/un-ano-sobrio,Un año sobrio,No,Julio / Agosto,2017,,Luis G.,Mount Kisco,Nueva York,Recupera la familia y deja de sufrir,No,No,"Mount Kisco, Nueva York",
https://www.aalavina.org/revista/julio-agosto-2017/madre-soltera,Madre soltera,No,Julio / Agosto,2017,,Diana O.,San José,California,"Sin beber, se sorprende de su fortaleza",No,No,"San José, California",
https://www.aalavina.org/revista/julio-agosto-2017/el-verdadero-problema,El verdadero problema,No,Julio / Agosto,2017,,Orbelin S.,Austin,Texas,"Sirviendo, se manifiesta la solución",No,Yes,"Austin, Texas",
https://www.aalavina.org/revista/julio-agosto-2017/del-miedo-la-risa,Del miedo a la risa,No,Julio / Agosto,2017,,Marcos A.,San José,California,Un grupo de alcohólicos confirma que en sobriedad las aventuras no faltan,No,No,"San José, California",
https://www.aalavina.org/revista/julio-agosto-2017/las-sugerencias,Las sugerencias,No,Julio / Agosto,2017,,Angel L.,Grand Prairie,Texas,Los compañeros le revelan el secreto para vivir mejor,No,Yes,"Grand Prarie, Texas","Source spelling: ""Grand Prarie"""
https://www.aalavina.org/revista/julio-agosto-2017/la-imagen-de-un-aa,La imagen de un AA,No,Julio / Agosto,2017,,Teodoro L. M.,Orange,California,"En su experiencia, no basta con dejar de beber",No,No,"Orange, California",
https://www.aalavina.org/revista/julio-agosto-2017/carta-de-bienvenida,Carta de Bienvenida,No,Julio / Agosto,2017,,,,,,No,Unknown (no location in byline),,
https://www.aalavina.org/revista/julio-agosto-2017/cartas-del-lector,Cartas del lector,No,Julio / Agosto,2017,,,,,,No,Unknown (no location in byline),,
https://www.aalavina.org/revista/julio-agosto-2017/acerca-del-alcoholismo,Acerca del alcoholismo,No,Julio / Agosto,2017,,,,,"Aspectos médicos, legales y sociales del alcoholismo",No,Unknown (no location in byline),,
https://www.aalavina.org/revista/julio-agosto-2017/carta-de-bienvenida-0,Carta de bienvenida,No,Julio / Agosto,2017,,,,,,No,Unknown (no location in byline),,
https://www.aalavina.org/revista/mayo-junio-2017/el-engano,El engaño,No,Mayo / Junio,2017,,Lupe A.,Anaheim,California,Personas y cosas la alejan del programa,No,No,"Anaheim, California",
https://www.aalavina.org/revista/mayo-junio-2017/reconciliacion,Reconciliación,No,Mayo / Junio,2017,,Rosa S.,Santa Rosa,California,"Al aceptar su alcoholismo, se encuentra a sí misma y puede vivir en paz",No,No,"Santa Rosa, California",
https://www.aalavina.org/revista/mayo-junio-2017/una-nube-no-tan-rosa,Una nube no tan rosa,No,Mayo / Junio,2017,,Liza M.,Bakersfield,California,"Sin la dependencia de un Poder Superior y de su grupo, las promesas se desvanecen",No,No,"Bakersfield, California",
https://www.aalavina.org/revista/mayo-junio-2017/una-madre-sobria,Una madre sobria,No,Mayo / Junio,2017,,Ebelina,San José,California,"Para mantener su hogar, necesita de AA",No,No,"San José, California",
https://www.aalavina.org/revista/mayo-junio-2017/la-cuerda-que-salva,La cuerda que salva,No,Mayo / Junio,2017,,Francisco S.,Gijón,,Encuentra en su grupo al Poder Superior que le guía y protege,No,No,Gijón,
https://www.aalavina.org/revista/mayo-junio-2017/mudanza-o-fuga,¿Mudanza o fuga?,No,Mayo / Junio,2017,,Ricardo Enrique M.,Warwick,Nueva York,Descubre que “el alcohólico en recuperación es bienvenido en cualquier parte”,No,No,"Warwick, Nueva York",
https://www.aalavina.org/revista/mayo-junio-2017/jugando-y-bebiendo-0,Jugando y bebiendo,No,Mayo / Junio,2017,,Guillermo R.,Acarigua,,Desde Venezuela nos comparte su historial,No,No,Acarigua,
https://www.aalavina.org/revista/mayo-junio-2017/jugando-y-bebiendo,Jugando y bebiendo,No,Mayo / Junio,2017,,Guillermo R.,Acarigua,,Desde Venezuela nos comparte su historial,No,No,Acarigua,
https://www.aalavina.org/revista/mayo-junio-2017/nace-un-grupo,Nace un grupo,No,Mayo / Junio,2017,,Judy L.,Boulder,Colorado,Los distritos hispanos de Colorado confirman que todo empieza en el grupo,No,No,"Boulder, Colorado",
https://www.aalavina.org/revista/mayo-junio-2017/dirigiendo-la-orquesta,Dirigiendo la orquesta,No,Mayo / Junio,2017,,Nicasio C.,Atlanta,Georgia,"En sobriedad, se enfrenta a un tremendo defecto de carácter",No,No,"Atlanta, Georgia",
https://www.aalavina.org/revista/mayo-junio-2017/una-vida-falsa,Una vida falsa,No,Mayo / Junio,2017,,Patrocinio C.,Oceanside,California,"Compraba un puesto en la sociedad con mentiras, hoy AA le regala sobriedad",No,No,"Oceanside, California",
https://www.aalavina.org/revista/mayo-junio-2017/reciclaje,Reciclaje,No,Mayo / Junio,2017,,José Joaquín R.F.,Cartago,,Ahora puede organizar lo bueno y lo malo,No,No,Cartago,
https://www.aalavina.org/revista/mayo-junio-2017/tan-solo-unas-copas,Tan sólo unas copas,No,Mayo / Junio,2017,,Anónimo,Atlanta,Georgia,"Antes de llegar a AA, tuvo que amanecer muchas veces en la calle",No,No,"Atlanta, Georgia",
https://www.aalavina.org/revista/mayo-junio-2017/companera-de-tragos,Compañera de tragos,No,Mayo / Junio,2017,,Sandra C.,San José,California,¿Qué sucede cuando dos alcohólicos activos se juntan?,No,No,"San José, California",
https://www.aalavina.org/revista/mayo-junio-2017/juntos-podemos,Juntos podemos,No,Mayo / Junio,2017,,Fernando D.,Houston,Texas,Sabe que no está solo para lograr su sobriedad,No,Yes,"Houston, Texas",
https://www.aalavina.org/revista/mayo-junio-2017/mi-anonimato,Mi anonimato,No,Mayo / Junio,2017,,Miguel H.,San José,California,Una opinión personal acerca de nuestros principios básicos,No,No,"San José, California",
https://www.aalavina.org/revista/mayo-junio-2017/hablando-en-publico,Hablando en público,No,Mayo / Junio,2017,,Juan Manuel,San José,California,Sirviendo en un comité supera los miedos,No,No,"San José, California",
https://www.aalavina.org/revista/mayo-junio-2017/una-gran-familia,Una gran familia,No,Mayo / Junio,2017,,Blas A.,Phoenix,Arizona,Su dedicación al servicio le ha permitido una vida plena,No,No,"Phoenix, Arizona",
https://www.aalavina.org/revista/mayo-junio-2017/sonando-despierto,Soñando despierto,No,Mayo / Junio,2017,,Juan B.,Santa Ana,California,Estando en la cárcel recibe La Viña y el mensaje de AA,No,No,"Santa Ana, California",
https://www.aalavina.org/revista/mayo-junio-2017/carta-de-bienvenida,Carta de Bienvenida,No,Mayo / Junio,2017,,,,,,No,Unknown (no location in byline),,
https://www.aalavina.org/revista/mayo-junio-2017/cartas-del-lector,Cartas del lector,No,Mayo / Junio,2017,,,,,,No,Unknown (no location in byline),,
https://www.aalavina.org/revista/mayo-junio-2017/acerca-del-alcoholismo,Acerca del alcoholismo,No,Mayo / Junio,2017,,,,,"Aspectos médicos, legales y sociales del alcoholismo",No,Unknown (no location in byline),,
https://www.aalavina.org/revista/mayo-junio-2017/tema-de-discusion-para-reuniones,Tema de discusión para reuniones,No,Mayo / Junio,2017,,,,,,No,Unknown (no location in byline),,
https://www.aalavina.org/revista/marzo-abril-2017/tema-de-discusion-para-reuniones,Tema de discusión para reuniones,No,Marzo / Abril,2017,,,,,,No,Unknown (no location in byline),,
https://www.aalavina.org/revista/marzo-abril-2017/trancazos-de-la-vida,“Trancazos” de la vida,No,Marzo / Abril,2017,,Juan,Santa Ana,California,"Una lección inesperada, en la sala de su casa",No,No,"Santa Ana, California",
https://www.aalavina.org/revista/marzo-abril-2017/emociones-peligrosas,Emociones peligrosas,No,Marzo / Abril,2017,,Luis G.,San José,California,Sus buenas intenciones no fueron suficientes,No,No,"San José, California",
https://www.aalavina.org/revista/marzo-abril-2017/en-mala-compania,En mala compañía,No,Marzo / Abril,2017,,Manuel G.,Galicia,,Los defectos de carácter lo alejan de los grupos,No,No,Galicia,
https://www.aalavina.org/revista/marzo-abril-2017/el-desvio,El desvío,No,Marzo / Abril,2017,,Rolando A.G.,Irving,Texas,"Antes de partir, en el grupo me insistieron que no olvidara mis reuniones.",No,Yes,"Irving, Texas",
https://www.aalavina.org/revista/marzo-abril-2017/terreno-resbaloso,Terreno Resbaloso,No,Marzo / Abril,2017,,Lindoleo A.,Houston,Texas,Creyó que bastaba con alejarse de la bebida,No,Yes,"Houston, Texas",
https://www.aalavina.org/revista/marzo-abril-2017/una-vida-ingobernable,Una vida ingobernable,No,Marzo / Abril,2017,,Anónimo,,,Pide ayuda y construye un futuro sin borracheras,No,Unknown (no location in byline),,
https://www.aalavina.org/revista/marzo-abril-2017/como-nos-guiamos,¿Cómo nos guiamos?,No,Marzo / Abril,2017,,Ana Isabel.,Gijón,,Una alcóholica nos comparte su interpretación de nuestras Tradiciones,No,No,Gijón,
https://www.aalavina.org/revista/marzo-abril-2017/toda-maquina,A toda máquina,No,Marzo / Abril,2017,,Rolo J.,Arlington,Virginia,Un motorista apasionado descubre que en AA es posible la aventura,No,No,"Arlington, Virginia",
https://www.aalavina.org/revista/marzo-abril-2017/la-memoria-en-blanco,La memoria en blanco,No,Marzo / Abril,2017,,Kaleb.,Anaheim,California,Una linda aventura termina en pesadilla,No,No,"Anaheim, California",
https://www.aalavina.org/revista/marzo-abril-2017/un-mundo-insospechado,Un mundo insospechado,No,Marzo / Abril,2017,,Néstor G.,Dublin,California,"Desde la cárcel, un mensaje de esperanza",No,No,"Dublin, California",
https://www.aalavina.org/revista/marzo-abril-2017/nuevo-camino,Nuevo camino,No,Marzo / Abril,2017,,Oscar R.,San Antonio,Texas,Sigue el ejemplo de otros y se recupera,No,Yes,"San Antonio, Texas",
https://www.aalavina.org/revista/marzo-abril-2017/la-mente-de-una-alcoholica,La mente de una alcohólica,No,Marzo / Abril,2017,,Adriana C.,San José,California,Se encuentra a sí misma y sana sus heridas,No,No,"San José, California",
https://www.aalavina.org/revista/marzo-abril-2017/en-un-grupito,En un grupito,No,Marzo / Abril,2017,,Juan R.,Houston,Texas,Su grupo es tan nuevo como él,No,Yes,"Houston, Texas",
https://www.aalavina.org/revista/marzo-abril-2017/academico,Académico,No,Marzo / Abril,2017,,Johnny M.D.,Caguas,,Dejó de beber y logró enfrentar profundos sentimientos de fracaso,No,No,Caguas,
https://www.aalavina.org/revista/marzo-abril-2017/sigo-bailando,Sigo bailando,No,Marzo / Abril,2017,,Isabel P.,Tucson,Arizona,"Su esposo era alcohólico, ella no",No,No,"Tucson, Arizona",
https://www.aalavina.org/revista/marzo-abril-2017/famosas-maratonicas,Famosas maratónicas,No,Marzo / Abril,2017,,Irma C.,San Antonio,Texas,"Para ella, los eventos de AA son de recuperación",No,Yes,"San Antonio, Texas",
https://www.aalavina.org/revista/marzo-abril-2017/en-sentido-contrario,En sentido contrario,No,Marzo / Abril,2017,,Jesús G.,Austin,Texas,"Anduvo sin rumbo, hasta que la policía lo detuvo",No,Yes,"Austin, Texas",
https://www.aalavina.org/revista/marzo-abril-2017/problemas-con-la-ley,Problemas con la ley,No,Marzo / Abril,2017,,Miguel H.,Houston,Texas,Afirma que hoy tiene la última oportunidad de mejorar su vida,No,Yes,"Houston, Texas",
https://www.aalavina.org/revista/marzo-abril-2017/hoy-eres-mio,“Hoy eres mío”,No,Marzo / Abril,2017,,José U.,Las Vegas,Nevada,Un sorpresivo encuentro le muestra el amor en el servicio.,No,No,"Las Vegas, Nevada",
https://www.aalavina.org/revista/marzo-abril-2017/panico-en-la-cocina,Pánico en la cocina,No,Marzo / Abril,2017,,José A. Z.,Stockton,California,"Fue el peor momento, en el mejor día",No,No,"Stockton, California",
https://www.aalavina.org/revista/marzo-abril-2017/cartas-del-lector,Cartas del lector,No,Marzo / Abril,2017,,,,,,No,Unknown (no location in byline),,
https://www.aalavina.org/revista/marzo-abril-2017/acerca-del-alcoholismo,Acerca del alcoholismo,No,Marzo / Abril,2017,,,,,"Aspectos médicos, legales y sociales del alcoholismo",No,Unknown (no location in byline),,
https://www.aalavina.org/revista/marzo-abril-2017/carta-de-bienvenida,Carta de Bienvenida,No,Marzo / Abril,2017,,,,,,No,Unknown (no location in byline),,
https://www.aalavina.org/revista/marzo-abril-2017/noticias-de-aa,Noticias de AA,No,Marzo / Abril,2017,,,,,La canasta de AA,No,Unknown (no location in byline),,
https://www.aalavina.org/revista/enero-febrero-2017/suenos-realizables,Sueños realizables,No,Enero / Febrero,2017,,José C.,Fort Worth,Texas,Poco a poco construye sus planes,No,Yes,"Fort Worth, Texas",
https://www.aalavina.org/revista/enero-febrero-2017/sorprendiendo-al-padrino,Sorprendiendo al padrino,No,Enero / Febrero,2017,,Gilberto V.,,,Un ahijado cuenta su trayectoria en el apadrinamiento,No,Unknown (no location in byline),,
https://www.aalavina.org/revista/enero-febrero-2017/en-memoria-de-mi-madrina,En memoria de mi madrina,No,Enero / Febrero,2017,,Stephania,Stanton,California,Encontró en esa compañera servicio y amor,No,No,"Stanton, California",
https://www.aalavina.org/revista/enero-febrero-2017/tema-de-discusion-para-reuniones,Tema de discusión para reuniones,No,Enero / Febrero,2017,,,,,,No,Unknown (no location in byline),,
https://www.aalavina.org/revista/enero-febrero-2017/buenos-dias,¡Buenos días!,No,Enero / Febrero,2017,,Rosemary R.,Burlingame,California,Sigue las sugerencias para enfrentar las emociones,No,No,"Burlingame, California",
https://www.aalavina.org/revista/enero-febrero-2017/buenos-dias-0,¡Buenos días!,No,Enero / Febrero,2017,,Rosemary R.,Burlingame,California,Sigue las sugerencias para enfrentar las emociones,No,No,"Burlingame, California",
https://www.aalavina.org/revista/enero-febrero-2017/campesino,Campesino,No,Enero / Febrero,2017,,Joaquín C.,Austin,Texas,¿Quién podía entender sus orígenes?,No,Yes,"Austin, Texas",
https://www.aalavina.org/revista/enero-febrero-2017/el-mujeriego,El mujeriego,No,Enero / Febrero,2017,,Víctor J.,San José,California,Identifica los motivos de su conducta,No,No,"San José, California",
https://www.aalavina.org/revista/enero-febrero-2017/que-funcione,Que funcione,No,Enero / Febrero,2017,,Jesús R.,Los Ángeles,California,Dos experiencias incómodas le enseñan acerca de la cooperación,No,No,"Los Ángeles, California",
https://www.aalavina.org/revista/enero-febrero-2017/la-dirty-dozen,La Dirty Dozen,No,Enero / Febrero,2017,,Nicolás B.,Nueva York,New York,Se embarcan en una aventura inolvidable,No,No,"Nueva York, New York",
https://www.aalavina.org/revista/enero-febrero-2017/bienvenidos-mi-nueva-vida,Bienvenidos a mi nueva vida,No,Enero / Febrero,2017,,Bartolomé R.,Gardena,California,Adquiere sobriedad y recupera la sonrisa,No,No,"Gardena, California",
https://www.aalavina.org/revista/enero-febrero-2017/suenos-realizables-0,Sueños realizables,No,Enero / Febrero,2017,,José C.,Fort Worth,Texas,Poco a poco construye sus planes,No,Yes,"Fort Worth, Texas",
https://www.aalavina.org/revista/enero-febrero-2017/algo-mas-que-cafe-y-pan,Algo más que café y pan,No,Enero / Febrero,2017,,Mario R.,Austin,Texas,Un incidente familiar lo acerca al programa,No,Yes,"Austin, Texas",
https://www.aalavina.org/revista/enero-febrero-2017/la-verdadera-fortuna,La verdadera fortuna,No,Enero / Febrero,2017,,Orlando G.,Van Nuys,California,Ya no tiene que dejar su vida al azar,No,No,"Van Nuys, California",
https://www.aalavina.org/revista/enero-febrero-2017/padre-ausente,Padre ausente,No,Enero / Febrero,2017,,Javier H.,Braunfels,Texas,Salva su vida y la de sus hijos,No,Yes,"Braunfels, Texas",
https://www.aalavina.org/revista/enero-febrero-2017/lo-logramos,¡Lo logramos!,No,Enero / Febrero,2017,,Leopoldo P.,Dallas,Texas,Juntos en las malas y en las buenas,No,Yes,"Dallas, Texas",
https://www.aalavina.org/revista/enero-febrero-2017/un-buen-desayuno,Un buen desayuno,No,Enero / Febrero,2017,,Alejandro S.,Las Vegas,Nevada,El servicio entra en su hogar,No,No,"Las Vegas, Nevada",
https://www.aalavina.org/revista/enero-febrero-2017/hojas-magicas,Hojas mágicas,No,Enero / Febrero,2017,,Rafael R.,San José,California,Descubre que no es el único con un problema,No,No,"San José, California",
https://www.aalavina.org/revista/enero-febrero-2017/un-recibimiento-caluroso,Un recibimiento caluroso,No,Enero / Febrero,2017,,Miguel C.,Sylmar,California,No puede olvidar aquella primera reunión,No,No,"Sylmar, California",
https://www.aalavina.org/revista/enero-febrero-2017/juntos-cambiamos,"Juntos, cambiamos",No,Enero / Febrero,2017,,Matías Z.,Austin,Texas,Su vida sobria es el resultado de un trabajo que funciona,No,Yes,"Austin, Texas",
https://www.aalavina.org/revista/enero-febrero-2017/carta-de-bienvenida,Carta de Bienvenida,No,Enero / Febrero,2017,,,,,,No,Unknown (no location in byline),,
https://www.aalavina.org/revista/enero-febrero-2017/cartas-del-lector,Cartas del lector,No,Enero / Febrero,2017,,,,,,No,Unknown (no location in byline),,
https://www.aalavina.org/revista/enero-febrero-2017/noticias-de-aa,Noticias de AA,No,Enero / Febrero,2017,,,,,,No,Unknown (no location in byline),,
https://www.aalavina.org/revista/enero-febrero-2017/acerca-del-alcoholismo,Acerca del alcoholismo,No,Enero / Febrero,2017,,,,,"Aspectos médicos, legales y sociales del alcoholismo",No,Unknown (no location in byline),,
https://www.aalavina.org/revista/noviembre-diciembre-2016/una-paloma-mensajera,Una paloma mensajera,No,Noviembre / Diciembre,2016,,María M.,Manhattan,Nueva York,"La autora del lema y emblema, comparte el proceso creativo",No,No,"Manhattan, Nueva York",
https://www.aalavina.org/revista/noviembre-diciembre-2016/en-la-puerta-de-mi-casa,En la puerta de mi casa,No,Noviembre / Diciembre,2016,,Fernando H.,New Castle,Delaware,Era la víspera de Año Nuevo cuando encontró su derrota,No,No,"New Castle, Delaware",
https://www.aalavina.org/revista/noviembre-diciembre-2016/tema-de-discusion-para-reuniones,Tema de discusion para reuniones,No,Noviembre / Diciembre,2016,,,,,,No,Unknown (no location in byline),,
https://www.aalavina.org/revista/noviembre-diciembre-2016/me-dejaron-solo,Me dejaron solo,No,Noviembre / Diciembre,2016,,Ladislao T.,New Castle,Delaware,"Acompañado por el miedo, decide buscar ayuda",No,No,"New Castle, Delaware",
https://www.aalavina.org/revista/noviembre-diciembre-2016/los-pantalones-bien-puestos,Los pantalones bien puestos,No,Noviembre / Diciembre,2016,,Eduardo C.,Toronto,,El inicio de una nueva vida depende de su mente abierta,No,No,Toronto,
https://www.aalavina.org/revista/noviembre-diciembre-2016/lo-mas-dificil,Lo más difícil,No,Noviembre / Diciembre,2016,,Luis V.,San Francisco,California,Tuvo el valor de destapar un secreto muy guardado,No,No,"San Francisco, California",
https://www.aalavina.org/revista/noviembre-diciembre-2016/como-olas-en-un-lago,Como olas en un lago,No,Noviembre / Diciembre,2016,,Bibiana M.,Barranquilla,Colombia,"No son sus palabras las que ayudan, es su ejemplo silencioso",No,No,"Barranquilla, Colombia",
https://www.aalavina.org/revista/noviembre-diciembre-2016/sumergido-en-alcohol,Sumergido en Alcohol,No,Noviembre / Diciembre,2016,,Eduardo C.,,,Nos explica cómo restableció su dignidad,No,Unknown (no location in byline),,
https://www.aalavina.org/revista/noviembre-diciembre-2016/una-manera-facil,Una manera fácil,No,Noviembre / Diciembre,2016,,Patricia,San José,California,Escribe sobre su servicio y sus miedos,No,No,"San José, California",
https://www.aalavina.org/revista/noviembre-diciembre-2016/el-final-de-la-fiesta,El final de la fiesta,No,Noviembre / Diciembre,2016,,Marcos M.,Las Vegas,Nevada,Los buenos momentos se oscurecen con el alcohol,No,No,"Las Vegas, Nevada",
https://www.aalavina.org/revista/noviembre-diciembre-2016/los-mejores-anos,Los mejores años,No,Noviembre / Diciembre,2016,,Jorge G.,La Habra,California,Revela las claves que le permitieron disfrutar del presente,No,No,"La Habra, California",
https://www.aalavina.org/revista/noviembre-diciembre-2016/uno-por-uno,Uno por uno,No,Noviembre / Diciembre,2016,,Marzo O.,Coachella,California,Comparte cómo dejó la miseria emocional,No,No,"Coachella, California",
https://www.aalavina.org/revista/noviembre-diciembre-2016/la-lista,La lista,No,Noviembre / Diciembre,2016,,Jose E.,San Antonio,Texas,Una orden del juez le permite conocer a la comunidad de AA,No,Yes,"San Antonio, Texas",
https://www.aalavina.org/revista/noviembre-diciembre-2016/la-tribuna-ambulante,La tribuna ambulante,No,Noviembre / Diciembre,2016,,Juan R.,Petaluma,,Está pasando el mensaje con la revista y sus eventos,No,No,Petaluma,
https://www.aalavina.org/revista/noviembre-diciembre-2016/daddy-que-te-pasa,"Daddy, ¿Qué te pasa?",No,Noviembre / Diciembre,2016,,Anónimo,,,Hoy su meta es hacer feliz a los demás,No,Unknown (no location in byline),,
https://www.aalavina.org/revista/noviembre-diciembre-2016/sonaron-las-trompetas,¡Sonaron las trompetas!,No,Noviembre / Diciembre,2016,,Filomeno A.,Anaheim,California,Saborea la comida y cada detalle de un evento,No,No,"Anaheim, California",
https://www.aalavina.org/revista/noviembre-diciembre-2016/el-espia,El espía,No,Noviembre / Diciembre,2016,,Luis T.,Buenos Aires,,"Intentó saberlo todo, en un día",No,No,Buenos Aires,
https://www.aalavina.org/revista/noviembre-diciembre-2016/un-lugar-banado-por-el-sol,Un lugar bañado por el Sol,No,Noviembre / Diciembre,2016,,Plinio B.,,,"Su sobriedad emocional, ahora",No,Unknown (no location in byline),,
https://www.aalavina.org/revista/noviembre-diciembre-2016/sucedio-en-navidad,Sucedió en Navidad,No,Noviembre / Diciembre,2016,,Eulalio G.,San Ángelo,Texas,Recuerda la derrota que le devolvió la vida,No,Yes,"San Ángelo, Texas",
https://www.aalavina.org/revista/noviembre-diciembre-2016/veintinueve-primaveras,Veintinueve primaveras,No,Noviembre / Diciembre,2016,,Demetri P.,Valencia,,Encuentra el secreto de la sobriedad,No,No,Valencia,
https://www.aalavina.org/revista/noviembre-diciembre-2016/carta-de-bienvenida,Carta de Bienvenida,No,Noviembre / Diciembre,2016,,,,,,No,Unknown (no location in byline),,
https://www.aalavina.org/revista/noviembre-diciembre-2016/cartas-del-lector,Cartas del lector,No,Noviembre / Diciembre,2016,,,,,,No,Unknown (no location in byline),,
https://www.aalavina.org/revista/noviembre-diciembre-2016/noticias-de-aa,Noticias de AA,No,Noviembre / Diciembre,2016,,,,,¡Escriban!,No,Unknown (no location in byline),,
https://www.aalavina.org/revista/noviembre-diciembre-2016/acerca-del-alcoholismo,Acerca del alcoholismo,No,Noviembre / Diciembre,2016,,,,,"Aspectos médicos, legales y sociales del alcoholismo",No,Unknown (no location in byline),,
https://www.aalavina.org/revista/septiembre-octubre-2016/artistas-en-la-convencion,Artistas en la convención,No,Septiembre / Octubre,2016,,Manuel O.,Port Chester,Nueva York,¿Quién dijo que estar sobrio es aburrido?,No,No,"Port Chester, Nueva York",
https://www.aalavina.org/revista/septiembre-octubre-2016/una-reunion-grande,Una reunión grande,No,Septiembre / Octubre,2016,,Luis A.,Bronx,Nueva York,"La convención estatal de Nueva York, en palabras de un servidor",No,No,"Bronx, Nueva York",
https://www.aalavina.org/revista/septiembre-octubre-2016/gracias-aa,"¡Gracias, AA!",No,Septiembre / Octubre,2016,,Juan P.,San Antonio,Texas,En una asamblea se contagia con el entusiasmo,No,Yes,"San Antonio, Texas",
https://www.aalavina.org/revista/septiembre-octubre-2016/tema-de-discusion-para-reuniones,Tema de discusión para reuniones,No,Septiembre / Octubre,2016,,,,,,No,Unknown (no location in byline),,
https://www.aalavina.org/revista/septiembre-octubre-2016/punto-de-explotar,A punto de explotar,No,Septiembre / Octubre,2016,,Julio L.,Madrid,,Los estragos de sus defectos de carácter,No,No,Madrid,
https://www.aalavina.org/revista/septiembre-octubre-2016/pinchazo-en-el-ego,Pinchazo en el ego,No,Septiembre / Octubre,2016,,,,,Una mudanza inesperada la enfrenta a su orgullo,No,Unknown (no location in byline),,
https://www.aalavina.org/revista/septiembre-octubre-2016/pinchazo-en-el-ego-0,Pinchazo en el ego,No,Septiembre / Octubre,2016,,Anónimo,,,Una mudanza inesperada la enfrenta a su orgullo,No,Unknown (no location in byline),,
https://www.aalavina.org/revista/septiembre-octubre-2016/demasiado-anonimos,¿Demasiado anónimos?,No,Septiembre / Octubre,2016,,Francisco S.,Gijón,,A veces el temor impide nuestro servicio,No,No,Gijón,
https://www.aalavina.org/revista/septiembre-octubre-2016/el-ermitano,El ermitaño,No,Septiembre / Octubre,2016,,Eduardo P.,Watsonville,California,Un despertar espiritual lo conecta con la sociedad,No,No,"Watsonville, California",
https://www.aalavina.org/revista/septiembre-octubre-2016/en-utah,En Utah,No,Septiembre / Octubre,2016,,José H.,Long Beach,California,Descubre los secretos del servicio,No,No,"Long Beach, California",
https://www.aalavina.org/revista/septiembre-octubre-2016/tiempos-dificiles,tiempos difíciles,No,Septiembre / Octubre,2016,,,,,,No,Unknown (no location in byline),,
https://www.aalavina.org/revista/septiembre-octubre-2016/sin-palabras,Sin palabras,No,Septiembre / Octubre,2016,,Noé R.,Houston,Texas,Experimenta la emoción de tres días sobrio,No,Yes,"Houston, Texas",
https://www.aalavina.org/revista/septiembre-octubre-2016/irresistible,Irresistible,No,Septiembre / Octubre,2016,,Gerardo M.,Livermore,California,La atracción de AA en acción,No,No,"Livermore, California",
https://www.aalavina.org/revista/septiembre-octubre-2016/el-mensajero,El mensajero,No,Septiembre / Octubre,2016,,Armando H.,Conroe,Texas,"La llegada de un miembro al grupo, trae una interesante sorpresa.",No,Yes,"Conroe, Texas",
https://www.aalavina.org/revista/septiembre-octubre-2016/atrapada,Atrapada,No,Septiembre / Octubre,2016,,Alma R.,Fort Worth,Texas,"Buscó una manera de olvidar el pasado, y no pudo salir",No,Yes,"Fort Worth, Texas",
https://www.aalavina.org/revista/septiembre-octubre-2016/triunfadora,Triunfadora,No,Septiembre / Octubre,2016,,Marisa R.,San José,California,Se sorprende de su experiencia y educación,No,No,"San José, California",
https://www.aalavina.org/revista/septiembre-octubre-2016/la-ruta-mas-rapida,La ruta más rápida,No,Septiembre / Octubre,2016,,Eric M.,Sunnyvale,California,Abrió los ojos y se dio cuenta que estaba vivo,No,No,"Sunnyvale, California",
https://www.aalavina.org/revista/septiembre-octubre-2016/la-bienvenida-es-importante,La bienvenida es importante,No,Septiembre / Octubre,2016,,Orlando G.,Los Ángeles,California,Se pregunta por qué los nuevos no llegan,No,No,"Los Ángeles, California",
https://www.aalavina.org/revista/septiembre-octubre-2016/amor-y-respeto,Amor y respeto,No,Septiembre / Octubre,2016,,Antonio P.,Oxnard,California,Nos recuerda que la intolerancia puede ser trágica,No,No,"Oxnard, California",
https://www.aalavina.org/revista/septiembre-octubre-2016/sin-direccion,Sin dirección,No,Septiembre / Octubre,2016,,Mauricio M.,Rosenberg,Texas,Recorrió siete estados y tres países,No,Yes,"Rosenberg, Texas",
https://www.aalavina.org/revista/septiembre-octubre-2016/felices,Felices,No,Septiembre / Octubre,2016,,Julio R.,San Antonio,Texas,Trabajó intensamente para tener lo que tiene hoy,No,Yes,"San Antonio, Texas",
https://www.aalavina.org/revista/septiembre-octubre-2016/eloy-y-stanley,Eloy y Stanley,No,Septiembre / Octubre,2016,,Ricardo M.,Warwick,Nueva York,"Eran diferentes, pero amaban AA",No,No,"Warwick, Nueva York",
https://www.aalavina.org/revista/septiembre-octubre-2016/carta-de-bienvenida,Carta de Bienvenida,No,Septiembre / Octubre,2016,,,,,,No,Unknown (no location in byline),,
https://www.aalavina.org/revista/septiembre-octubre-2016/cartas-del-lector,Cartas del lector,No,Septiembre / Octubre,2016,,,,,,No,Unknown (no location in byline),,
https://www.aalavina.org/revista/septiembre-octubre-2016/noticias-de-aa,Noticias de AA,No,Septiembre / Octubre,2016,,,,,Una tribuna mundial,No,Unknown (no location in byline),,
https://www.aalavina.org/revista/septiembre-octubre-2016/acerca-del-alcoholismo,Acerca del alcoholismo,No,Septiembre / Octubre,2016,,,,,"Aspectos médicos, legales y sociales del alcoholismo",No,Unknown (no location in byline),,
https://www.aalavina.org/revista/julio-agosto-2016/tema-de-discusion-para-reuniones,Tema de discusión para reuniones,No,Julio / Agosto,2016,,,,,,No,Unknown (no location in byline),,
https://www.aalavina.org/revista/julio-agosto-2016/quieren-cambiar,Quieren cambiar,No,Julio / Agosto,2016,,Juan Saúl G.,San Francisco,California,Nos transmite información desde una cárcel de máxima seguridad,No,No,"San Francisco, California",
https://www.aalavina.org/revista/julio-agosto-2016/acerca-del-alcoholismo,Acerca del alcoholismo,No,Julio / Agosto,2016,,,,,"Aspectos médicos, legales y sociales del alcoholismo",No,Unknown (no location in byline),,
https://www.aalavina.org/revista/julio-agosto-2016/aferrado-la-maquina-de-escribir,Aferrado a la máquina de escribir,No,Julio / Agosto,2016,,Leandro M.C.,Santa Ana,California,"Con o sin tecnología, nuestras Tradiciones pueden estar en peligro",No,No,"Santa Ana, California",
https://www.aalavina.org/revista/julio-agosto-2016/aprendiendo-cuidarme,Aprendiendo a cuidarme,No,Julio / Agosto,2016,,Anónimo,,,En ocho meses se desintoxica del alcohol y se compromete consigo misma,No,Unknown (no location in byline),,
https://www.aalavina.org/revista/julio-agosto-2016/barrera-linguistica,Barrera lingüística,No,Julio / Agosto,2016,,Woody R.,Stockton,California,Ayudando a establecer el lenguaje del corazón,No,No,"Stockton, California",
https://www.aalavina.org/revista/julio-agosto-2016/adios-al-pasado,Adiós al pasado,No,Julio / Agosto,2016,,Ana Isabel,Gijón,,Su recuperación no depende de la capacidad de <br />perdonar de sus vecinos o amigos,No,No,Gijón,
https://www.aalavina.org/revista/julio-agosto-2016/carta-de-bienvenida,Carta de Bienvenida,No,Julio / Agosto,2016,,,,,,No,Unknown (no location in byline),,
https://www.aalavina.org/revista/julio-agosto-2016/cartas-del-lector,Cartas del lector,No,Julio / Agosto,2016,,,,,,No,Unknown (no location in byline),,
https://www.aalavina.org/revista/julio-agosto-2016/el-mejor-cafe,El mejor café,No,Julio / Agosto,2016,,Gerardo C.,Pacoima,California,Degusta la sobriedad que le devolvió esposa e hijos,No,No,"Pacoima, California",
https://www.aalavina.org/revista/julio-agosto-2016/el-principe-azul,El príncipe azul,No,Julio / Agosto,2016,,Gloria V.,Chowchilla,California,"Buscó el amor de una persona, hoy tiene el amor de toda una comunidad",No,No,"Chowchilla, California",
https://www.aalavina.org/revista/julio-agosto-2016/el-turista-americano,El turista americano,No,Julio / Agosto,2016,,Fracisco L.G.,Hermosillo,,"Hace mucho tiempo atrás, estuvo preso y esto fue lo que pasó",No,No,Hermosillo,
https://www.aalavina.org/revista/julio-agosto-2016/es-mi-turno,Es mi turno,No,Julio / Agosto,2016,,Luis M.,San José,California,"Hoy, que está fuera de la prisión, el deber lo llama",No,No,"San José, California",
https://www.aalavina.org/revista/julio-agosto-2016/fantasmas-al-acecho,Fantasmas al acecho,No,Julio / Agosto,2016,,Teodoro F.,Glenn Heights,Texas,"Estaba en el grupo y seguía bebiendo, y sus enemigos lo perseguían.",No,Yes,"Glenn Heights, Texas",
https://www.aalavina.org/revista/julio-agosto-2016/habla-un-ahijado,Habla un ahijado,No,Julio / Agosto,2016,,Juan P.,San Antonio,Texas,Comparte los beneficios de escuchar a los veteranos,No,Yes,"San Antonio, Texas",
https://www.aalavina.org/revista/julio-agosto-2016/la-cabeza-del-alcoholico,La cabeza del alcohólico,No,Julio / Agosto,2016,,Gustavo S.,Elmendorf,Texas,"Trató de engañar a sus amigos, la verdad la sabían todos",No,Yes,"Elmendorf, Texas",
https://www.aalavina.org/revista/julio-agosto-2016/lo-primero-es-lo-primero,Lo primero es lo primero,No,Julio / Agosto,2016,,Martha C.,El Paso,Texas,En AA logra tener mucho más que 24 horas sobria.,No,Yes,"El Paso, Texas",
https://www.aalavina.org/revista/julio-agosto-2016/mucho-que-ganar-nada-que-perder,"Mucho que ganar, nada que perder",No,Julio / Agosto,2016,,Ramón S.,San Antonio,Texas,Sólo por veinticuatro horas se mantiene sin beber,No,Yes,"San Antonio, Texas",
https://www.aalavina.org/revista/julio-agosto-2016/superman,"""Supermán""",No,Julio / Agosto,2016,,Eve C.,Houston,Texas,"No importaban las locuras que cometía, ni las peleas que iniciaba dentro del bar, se creía invencible",No,Yes,"Houston, Texas",
https://www.aalavina.org/revista/julio-agosto-2016/tiempo-para-pensar,Tiempo para pensar,No,Julio / Agosto,2016,,Javier,Cathedral City,California,En la cárcel se da cuenta que no es el más listo de todos,No,No,"Cathedral City, California",
https://www.aalavina.org/revista/julio-agosto-2016/una-desilusion-amorosa,Una desilusión amorosa,No,Julio / Agosto,2016,,Roberto E.,El Paso,Texas,"Herido por amor buscó consuelo en la botella, el resultado fue terrible.",No,Yes,"El Paso, Texas",
https://www.aalavina.org/revista/julio-agosto-2016/una-noche-diferente,Una noche diferente,No,Julio / Agosto,2016,,Juan Carlos S.,San José,California,Haciendo servicio tiene la oportunidad de una experiencia extraordinaria,No,No,"San José, California",
https://www.aalavina.org/revista/julio-agosto-2016/un-rey-con-problemas,Un rey con problemas,No,Julio / Agosto,2016,,Eloy T.,Warwick,Nueva York,"Tenía dinero, el mundo era suyo, ¿cuál era su problema?",No,No,"Warwick, Nueva York",
https://www.aalavina.org/revista/mayo-junio-2016/tema-de-discusion-para-reuniones,Tema de discusión para reuniones,No,Mayo / Junio,2016,,,,,,No,Unknown (no location in byline),,
https://www.aalavina.org/revista/mayo-junio-2016/aprendi-que-mi-programa-tiene-prioridad,Aprendí que mi programa tiene prioridad,No,Mayo / Junio,2016,,Carolina T.,Bartlett,Illinois,"Esposa, madre y AA",No,No,"Bartlett, Illinois",
https://www.aalavina.org/revista/mayo-junio-2016/solo-los-tontos-sufren,Sólo los tontos sufren,No,Mayo / Junio,2016,,Tony R.,Bonham,Texas,"Sin beber, pero con una doble vida",No,Yes,"Bonham, Texas",
https://www.aalavina.org/revista/mayo-junio-2016/empezar-vivir,Empezar a vivir,No,Mayo / Junio,2016,,Salvador O.,Vernon Hills,Illinois,En AA aprende a caminar para crecer,No,No,"Vernon Hills, Illinois",
https://www.aalavina.org/revista/mayo-junio-2016/mi-primer-amor,Mi primer Amor,No,Mayo / Junio,2016,,Sonia A.,Reno,Nevada,Una terrible obsesión y una dulce derrota,No,No,"Reno, Nevada",
https://www.aalavina.org/revista/mayo-junio-2016/locura-en-sobriedad,Locura en sobriedad,No,Mayo / Junio,2016,,Rodolfo R.,Phoenix,Arizona,Su vanidad lo llevó a ser el pesado de las reuniones,No,No,"Phoenix, Arizona",
https://www.aalavina.org/revista/mayo-junio-2016/sordo-y-ciego,Sordo y ciego,No,Mayo / Junio,2016,,Jorge L.,Wendell,North Carolina,Haciendo servicio adquiere la capacidad de aceptar,No,No,"Wendell, North Carolina",
https://www.aalavina.org/revista/mayo-junio-2016/que-alboroto,¡Que alboroto!,No,Mayo / Junio,2016,,Francisco S.,Gijón,,El futuro del grupo depende de cada uno,No,No,Gijón,
https://www.aalavina.org/revista/mayo-junio-2016/ojos-en-la-red,Ojos en la red,No,Mayo / Junio,2016,,Léon G.,San José,California,Descubre la identidad de muchos en el Internet,No,No,"San José, California",
https://www.aalavina.org/revista/mayo-junio-2016/el-sonambulo,El sonámbulo,No,Mayo / Junio,2016,,Martin F.,Mountain View,California,El alcohol lo transportaba a otro mundo,No,No,"Mountain View, California",
https://www.aalavina.org/revista/mayo-junio-2016/quise-correr,Quise correr,No,Mayo / Junio,2016,,Rod O.,Santa Rosa,California,"Sin alcohol, su soberbía quedó al descubierto",No,No,"Santa Rosa, California",
https://www.aalavina.org/revista/mayo-junio-2016/me-canse-de-mentir,Me cansé de mentir,No,Mayo / Junio,2016,,Moisés P.R.,Austin,Texas,No ha sido fácil descubrir quién es realmente,No,Yes,"Austin, Texas",
https://www.aalavina.org/revista/mayo-junio-2016/padre-y-abuelo,Padre y abuelo,No,Mayo / Junio,2016,,Tránsito N.,San José,California,"Fue un tomador social, hoy desea ser buen padre y abuelo",No,No,"San José, California",
https://www.aalavina.org/revista/mayo-junio-2016/simplemente-no-bebo,"Simplemente, no bebo",No,Mayo / Junio,2016,,Sergio V.,Dallas,Texas,Lucha por enfrentar esos defectos de carácter,No,Yes,"Dallas, Texas",
https://www.aalavina.org/revista/mayo-junio-2016/mala-cara,Mala cara,No,Mayo / Junio,2016,,Brianda A.,San José,California,Detrás de su actitud había algo nuevo,No,No,"San José, California",
https://www.aalavina.org/revista/mayo-junio-2016/nuevos-horizontes,Nuevos horizontes,No,Mayo / Junio,2016,,Juan Carlos P.,Dale,Texas,Todos sus prejuicios se desvanecen en el aire,No,Yes,"Dale, Texas",
https://www.aalavina.org/revista/mayo-junio-2016/para-mi-hermana,Para mi hermana,No,Mayo / Junio,2016,,Rafael R,San José,California,La sobriedad le da una oportunidad inesperada,No,No,"San José, California",
https://www.aalavina.org/revista/mayo-junio-2016/una-necesidad-expresada,Una necesidad expresada,No,Mayo / Junio,2016,,Leonardo C.,Santa Ana,California,Nos recuerda que la revista abre caminos de esperanza,No,No,"Santa Ana, California",
https://www.aalavina.org/revista/mayo-junio-2016/el-dulce-sabor-del-triunfo,El dulce sabor del triunfo,No,Mayo / Junio,2016,,Marco G.,Houston,Texas,Cualquier motivo es bueno para estar sobrio,No,Yes,"Houston, Texas",
https://www.aalavina.org/revista/mayo-junio-2016/necesitaba-ayuda,Necesitaba ayuda,No,Mayo / Junio,2016,,Nicolás G.,San José,California,Era muy joven para llenar con la botella el vacío de su vida,No,No,"San José, California",
https://www.aalavina.org/revista/mayo-junio-2016/cartas-del-lector,Cartas del lector,No,Mayo / Junio,2016,,,,,,No,Unknown (no location in byline),,
https://www.aalavina.org/revista/mayo-junio-2016/acerca-del-alcoholismo,Acerca del alcoholismo,No,Mayo / Junio,2016,,,,,"Aspectos médicos, legales y sociales del alcoholismo",No,Unknown (no location in byline),,
https://www.aalavina.org/revista/mayo-junio-2016/carta-de-bienvenida,Carta de Bienvenida,No,Mayo / Junio,2016,,,,,,No,Unknown (no location in byline),,
https://www.aalavina.org/revista/marzo-abril-2016/tema-de-discusion-para-reuniones,Tema de discusión para reuniones,No,Marzo / Abril,2016,,,,,,No,Unknown (no location in byline),,
https://www.aalavina.org/revista/marzo-abril-2016/una-carta-para-mi,Una carta para mí,No,Marzo / Abril,2016,,Jesús F.,Los Ángeles,California,Dos generaciones de alcohólicos reciben ayuda de la OSG,No,No,"Los Ángeles, California",
https://www.aalavina.org/revista/marzo-abril-2016/camino-seguro,Camino seguro,No,Marzo / Abril,2016,,Antonio G.,Bogotá,,¿Cómo hacen los alcohólicos para organizarse?,No,No,Bogotá,
https://www.aalavina.org/revista/marzo-abril-2016/una-aventura-en-nueva-york,Una aventura en Nueva York,No,Marzo / Abril,2016,,Viajeros Anónimos,Los Ángeles,California,Cruzan el país para visitar las oficinas de AA,No,No,"Los Ángeles, California",
https://www.aalavina.org/revista/marzo-abril-2016/personalidades-o-principios,Personalidades o principios,No,Marzo / Abril,2016,,Reynaldo M.,San Francisco,California,Opina que no podemos manipular nuestra estructura pensando en las personalidades,No,No,"San Francisco, California",
https://www.aalavina.org/revista/marzo-abril-2016/la-mesa-y-yo,La mesa y yo,No,Marzo / Abril,2016,,Eduardo T.,Atlanta,Georgia,El balance de su vida depende de un simple principio,No,No,"Atlanta, Georgia",
https://www.aalavina.org/revista/marzo-abril-2016/ni-alto-ni-bajo,Ni alto ni bajo,No,Marzo / Abril,2016,,Isidro V.,San Diego,California,La confianza en su Poder Superior le permite superar sus complejos,No,No,"San Diego, California",
https://www.aalavina.org/revista/marzo-abril-2016/emergencias,Emergencias,No,Marzo / Abril,2016,,L.A.,Bronx,Nueva York,"En los momentos difíciles, un inventario le devuelve la calma",No,No,"Bronx, Nueva York",
https://www.aalavina.org/revista/marzo-abril-2016/todas-horas-todos-los-dias,"A todas horas, todos los días",No,Marzo / Abril,2016,,René C.,,,"No se emborrachaba en el trabajo, pero bebía y se quedaba dormido",No,Unknown (no location in byline),,
https://www.aalavina.org/revista/marzo-abril-2016/una-monedita-espiritual,Una monedita espiritual,No,Marzo / Abril,2016,,Juan L.,Madrid,,Nuestra aportación no es caridad ni premio,No,No,Madrid,
https://www.aalavina.org/revista/marzo-abril-2016/autoestima,Autoestima,No,Marzo / Abril,2016,,Leandro C.,Cypress,California,Solamente el amor de AA pudo curar su inmenso sentimiento de inferioridad,No,No,"Cypress, California",
https://www.aalavina.org/revista/marzo-abril-2016/sali-negativo,Salí negativo,No,Marzo / Abril,2016,,E.C.,Pasco,Washington,"Los resultados de un test no probaron su inocencia, fue a la cárcel y encontró a los AA",No,No,"Pasco, Washington",
https://www.aalavina.org/revista/marzo-abril-2016/estas-preparado,¿Estás preparado?,No,Marzo / Abril,2016,,Armando H.,San José,California,En los peores momentos recibe el amor de su padrino,No,No,"San José, California",
https://www.aalavina.org/revista/marzo-abril-2016/llega-en-bicicleta,Llega en bicicleta,No,Marzo / Abril,2016,,Edmundo T.,Austin,Texas,"Acosado por la ley, entra a un grupo de AA y encuentra esperanza",No,Yes,"Austin, Texas",
https://www.aalavina.org/revista/marzo-abril-2016/punto-de-romperse,A punto de romperse,No,Marzo / Abril,2016,,Alfonso G.,Conroe,Texas,"Gracias a un juez y a los grupos, su historia tuvo un final feliz",No,Yes,"Conroe, Texas",
https://www.aalavina.org/revista/marzo-abril-2016/sin-un-centavo-en-el-bolsillo,Sin un centavo en el bolsillo,No,Marzo / Abril,2016,,Antonio L.,Middletown,Nueva York,Enfrentó sus miedos y finalmente encontró una oportunidad para ser feliz,No,No,"Middletown, Nueva York",
https://www.aalavina.org/revista/marzo-abril-2016/te-llama-tu-esposa,“Te llama tu esposa”,No,Marzo / Abril,2016,,Ignacio R.,San José,California,Le sucedió lo que a muchos: escucha y se pone en acción,No,No,"San José, California",
https://www.aalavina.org/revista/marzo-abril-2016/en-la-oscuridad,En la oscuridad,No,Marzo / Abril,2016,,Silvia F.,San Diego,California,Recuerda su pasado en el hospital psiquiátrico y acepta que es una alcohólica en recuperación,No,No,"San Diego, California",
https://www.aalavina.org/revista/marzo-abril-2016/solo-por-las-firmas,Sólo por las firmas,No,Marzo / Abril,2016,,Juan R.,Edinburg,Texas,"Una y otra vez cayó en la cárcel, hoy prefiere estar en una reunión de AA",No,Yes,"Edinburg, Texas",
https://www.aalavina.org/revista/marzo-abril-2016/atrapado,¡Atrapado!,No,Marzo / Abril,2016,,Elías C.,Dallas,Texas,En siete meses aprende a dejar de beber y a vivir una vida útil,No,Yes,"Dallas, Texas",
https://www.aalavina.org/revista/marzo-abril-2016/se-apaga-el-fuego,Se apaga el fuego,No,Marzo / Abril,2016,,Ramón,Gijón,,Hace un año conseguí tapar la botella,No,No,Gijón,
https://www.aalavina.org/revista/marzo-abril-2016/sigo-en-la-jugada,Sigo en la jugada,No,Marzo / Abril,2016,,R.C.,Delano,California,En el servicio supera los miedos y se fortalece,No,No,"Delano, California",
https://www.aalavina.org/revista/marzo-abril-2016/sin-servidores-no-hay-fiesta,Sin servidores no hay fiesta,No,Marzo / Abril,2016,,Nelly C.,Desert Hot Springs,California,Trabajan sin descanso y rinden homenaje al grupo,No,No,"Desert Hot Springs, California",
https://www.aalavina.org/revista/marzo-abril-2016/carta-de-bienvenida,Carta de Bienvenida,No,Marzo / Abril,2016,,,,,,No,Unknown (no location in byline),,
https://www.aalavina.org/revista/marzo-abril-2016/acerca-del-alcoholismo,Acerca del alcoholismo,No,Marzo / Abril,2016,,,,,"Aspectos médicos, legales y sociales del alcoholismo",No,Unknown (no location in byline),,
https://www.aalavina.org/revista/enero-febrero-2016/cartas-del-lector-0,Cartas del lector,No,Enero / Febrero,2016,,,,,,No,Unknown (no location in byline),,
https://www.aalavina.org/revista/enero-febrero-2016/tema-de-discusion-para-reuniones,Tema de discusión para reuniones,No,Enero / Febrero,2016,,,,,,No,Unknown (no location in byline),,
https://www.aalavina.org/revista/enero-febrero-2016/dirigiendo-otros-0,Dirigiendo a otros,No,Enero / Febrero,2016,,Carlos R.,Las Vegas,Nevada,Era más fácil ver los problemas ajenos que los propios,No,No,"Las Vegas, Nevada",
https://www.aalavina.org/revista/enero-febrero-2016/mensaje-de-esperanza,Mensaje de esperanza,No,Enero / Febrero,2016,,Fernando M.,New Rochelle,Nueva York,"Su mundo se vino abajo, fue a la cárcel y no bebió",No,No,"New Rochelle, Nueva York",
https://www.aalavina.org/revista/enero-febrero-2016/la-partida,La partida,No,Enero / Febrero,2016,,José F.,Irving,Texas,Permanece sobrio durante una batalla legal,No,Yes,"Irving, Texas",
https://www.aalavina.org/revista/enero-febrero-2016/en-estado-de-alerta,En estado de alerta,No,Enero / Febrero,2016,,Orlando G.,Van Nuys,California,"Con el plan de AA, escapa del caos alcohólico",No,No,"Van Nuys, California",
https://www.aalavina.org/revista/enero-febrero-2016/victoria-la-vencedora,"Victoria, la vencedora",No,Enero / Febrero,2016,,Victoria T.,Lamont,California,Enfrenta la vida con una sonrisa y sin alcohol,No,No,"Lamont, California",
https://www.aalavina.org/revista/enero-febrero-2016/presumido,Presumido,No,Enero / Febrero,2016,,Francisco S.,Gijón,,Está aprendiendo a vivir sin que sus defectos lo controlen,No,No,Gijón,
https://www.aalavina.org/revista/enero-febrero-2016/la-libre,La via libre,No,Enero / Febrero,2016,,Ana S.,Gijón,,Su membresía en AA depende de su decisión de dejar de beber,No,No,Gijón,
https://www.aalavina.org/revista/enero-febrero-2016/gasolina-y-oraciones,Gasolina y oraciones,No,Enero / Febrero,2016,,Ricardo M.,New York City,Nueva York,Se lanzaron a recorrer distancias para llevar el mensaje de esperanza,No,No,"New York City, Nueva York",
https://www.aalavina.org/revista/enero-febrero-2016/servir-es-vivir,“Servir es vivir”,No,Enero / Febrero,2016,,Gil G.,Delano,California,"De joven robaba carteras y bebía, hoy disfruta ayudando a los demás",No,No,"Delano, California",
https://www.aalavina.org/revista/enero-febrero-2016/lavado-de-autos,Lavado de autos,No,Enero / Febrero,2016,,Jose L.E.,Rosemead,California,Un servicio de lavado de autos parecía una buena solución,No,No,"Rosemead, California",
https://www.aalavina.org/revista/enero-febrero-2016/dirigiendo-otros,Dirigiendo a otros,No,Enero / Febrero,2016,,,,,Era más fácil ver los problemas ajenos que los propios,No,Unknown (no location in byline),,
https://www.aalavina.org/revista/enero-febrero-2016/el-ultimo-accidente,El último accidente,No,Enero / Febrero,2016,,Miguel C.,Phoenix,Arizona,Pudo llegar a los grupos gracias al programa de cooperación entre las Cortes y AA,No,No,"Phoenix, Arizona",
https://www.aalavina.org/revista/enero-febrero-2016/afortunado,Afortunado,No,Enero / Febrero,2016,,Carlos L.,Warroad,Minnesota,Un alcohólico descubre algo más valioso que el dinero,No,No,"Warroad, Minnesota",
https://www.aalavina.org/revista/enero-febrero-2016/esperando-mama,Esperando a mamá,No,Enero / Febrero,2016,,Cecilia A.,San José,California,Se dio cuenta que la vida es más importante que los sueños,No,No,"San José, California",
https://www.aalavina.org/revista/enero-febrero-2016/para-mi-hija,Para mi hija,No,Enero / Febrero,2016,,Julieta C.,Las Vegas,Nevada,La revista hace lo que ella no puede hacer,No,No,"Las Vegas, Nevada",
https://www.aalavina.org/revista/enero-febrero-2016/diferentes-o-iguales,¿Diferentes o iguales?,No,Enero / Febrero,2016,,Christian M.,San José,California,Comparte sus defectos de carácter en una comunidad que lo entiende.,No,No,"San José, California",
https://www.aalavina.org/revista/enero-febrero-2016/donde-esta-mi-cheque,¿Dónde está mi cheque?,No,Enero / Febrero,2016,,Erika R.,Costa Mesa,California,Hace un balance de cuentas y sus números están en orden,No,No,"Costa Mesa, California",
https://www.aalavina.org/revista/enero-febrero-2016/lo-mas-importante-es-amor,Lo más importante es amor,No,Enero / Febrero,2016,,Juan B.,Santiago,Chile,Un mensaje para aquellos que le temen al servicio,No,No,"Santiago, Chile",
https://www.aalavina.org/revista/enero-febrero-2016/la-llave-del-grupo,La llave del grupo,No,Enero / Febrero,2016,,Anónimo,,,Pide más confianza en los servidores y menos discusiones,No,Unknown (no location in byline),,
https://www.aalavina.org/revista/enero-febrero-2016/compartiendo-el-pastel,Compartiendo el pastel,No,Enero / Febrero,2016,,José C.,Oxnard,California,Se da cuenta que tenemos una responsabilidad en común,No,No,"Oxnard, California",
https://www.aalavina.org/revista/enero-febrero-2016/carta-de-bienvenida,Carta de Bienvenida,No,Enero / Febrero,2016,,,,,,No,Unknown (no location in byline),,
https://www.aalavina.org/revista/enero-febrero-2016/cartas-del-lector,Cartas del lector,No,Enero / Febrero,2016,,,,,,No,Unknown (no location in byline),,
https://www.aalavina.org/revista/enero-febrero-2016/acerca-del-alcoholismo,Acerca del alcoholismo,No,Enero / Febrero,2016,,,,,"Aspectos médicos, legales y sociales del alcoholismo",No,Unknown (no location in byline),,
https://www.aalavina.org/revista/noviembre-diciembre-2015/tema-de-discusion-para-reuniones,Tema de discusión para reuniones,No,Noviembre / Diciembre,2015,,,,,,No,Unknown (no location in byline),,
https://www.aalavina.org/revista/noviembre-diciembre-2015/acerca-del-alcoholismo,Acerca del alcoholismo,No,Noviembre / Diciembre,2015,,,,,"Aspectos médicos, legales y sociales del alcoholismo",No,Unknown (no location in byline),,
https://www.aalavina.org/revista/noviembre-diciembre-2015/acerca-del-machismo,Acerca del machismo,No,Noviembre / Diciembre,2015,,Antonio A.,Las Vegas,Nevada,Nos recuerda que todos tienen derecho a la sobriedad,No,No,"Las Vegas, Nevada",
https://www.aalavina.org/revista/noviembre-diciembre-2015/cartas-del-lector,Cartas del lector,No,Noviembre / Diciembre,2015,,,,,,No,Unknown (no location in byline),,
https://www.aalavina.org/revista/noviembre-diciembre-2015/como-nunca,Como nunca,No,Noviembre / Diciembre,2015,,Carlos S.,Spring Valley,Nueva York,"Por primera vez pasa una Navidad en familia, y se sorprende",No,No,"Spring Valley, Nueva York",
https://www.aalavina.org/revista/noviembre-diciembre-2015/desde-el-valle-dorado,Desde el valle dorado,No,Noviembre / Diciembre,2015,,Graciela L.,Thousand Palms,California,Describe las emociones de un taller en California,No,No,"Thousand Palms, California",
https://www.aalavina.org/revista/noviembre-diciembre-2015/el-amor-de-una-madre,El amor de una madre,No,Noviembre / Diciembre,2015,,Damián M.,Cathedral City,California,Su membresía en AA causa reacciones inesperadas,No,No,"Cathedral City, California",
https://www.aalavina.org/revista/noviembre-diciembre-2015/el-castigo,El castigo,No,Noviembre / Diciembre,2015,,Isaías V.,Atlanta,Georgia,Hoy ve los cambios y se da cuenta que sí tenía un problema,No,No,"Atlanta, Georgia",
https://www.aalavina.org/revista/noviembre-diciembre-2015/el-tigre,El tigre,No,Noviembre / Diciembre,2015,,José C.,Kent,Washington,De su pasado sólo queda un seudónimo y una vida ingobernable,No,No,"Kent, Washington",
https://www.aalavina.org/revista/noviembre-diciembre-2015/libertad-condicional,Libertad condicional,No,Noviembre / Diciembre,2015,,Enrique M.,Hayward,California,"Con el apoyo de sus compañeros, no bebe y sigue adelante",No,No,"Hayward, California",
https://www.aalavina.org/revista/noviembre-diciembre-2015/mente-abierta,Mente abierta,No,Noviembre / Diciembre,2015,,Armando A.,Riverside,California,La solución estaba en escuchar,No,No,"Riverside, California",
https://www.aalavina.org/revista/noviembre-diciembre-2015/no-esperes-manana,“No esperes a mañana”,No,Noviembre / Diciembre,2015,,Sandra C.,Anaheim,California,Buscó información en el internet y pidió ayuda,No,No,"Anaheim, California",
https://www.aalavina.org/revista/noviembre-diciembre-2015/noticias-en-aa,Noticias en AA,No,Noviembre / Diciembre,2015,,,,,Tres años de inventario,No,Unknown (no location in byline),,
https://www.aalavina.org/revista/noviembre-diciembre-2015/ocupado-para-las-fiestas,Ocupado para las fiestas,No,Noviembre / Diciembre,2015,,Marcos M.,Las Vegas,Nevada,Hace servicio en el fin de año,No,No,"Las Vegas, Nevada",
https://www.aalavina.org/revista/noviembre-diciembre-2015/pase-lo-que-pase,Pase lo que pase,No,Noviembre / Diciembre,2015,,Antonio D.,Wilmington,California,Descubre las misteriosas recompensas del servicio,No,No,"Wilmington, California",
https://www.aalavina.org/revista/noviembre-diciembre-2015/por-que-se-van-los-nuevos,¿Por qué se van los nuevos?,No,Noviembre / Diciembre,2015,,Facho Q.,Panamá,Panamá,Revisa las maneras de pasar el mensaje a los alcohólicos que llegan a nuestros grupos,No,No,"Panamá, Panamá",
https://www.aalavina.org/revista/noviembre-diciembre-2015/puentes-no-murallas,"Puentes, no murallas",No,Noviembre / Diciembre,2015,,Francisco P.,Gijón,,Agradece que lo aceptaron sin importar su recaída ni su pasado,No,No,Gijón,
https://www.aalavina.org/revista/noviembre-diciembre-2015/que-es-un-foro,¿Qué es un foro?,No,Noviembre / Diciembre,2015,,,,,,No,Unknown (no location in byline),,
https://www.aalavina.org/revista/noviembre-diciembre-2015/temporada-navidena-y-sobriedad,Temporada navideña y sobriedad,No,Noviembre / Diciembre,2015,,Daniel Z.,Miami,Florida,Vivió las consecuencias de festejar sin programa,No,No,"Miami, Florida",
https://www.aalavina.org/revista/noviembre-diciembre-2015/vida-mis-anos,Vida a mis años,No,Noviembre / Diciembre,2015,,Luis Raúl H.,Arecibo,Puerto Rico,Comparte su alegría de vivir en AA,No,No,"Arecibo, Puerto Rico",
https://www.aalavina.org/revista/noviembre-diciembre-2015/carta-de-bienvenida,Carta de Bienvenida,No,Noviembre / Diciembre,2015,,,,,,No,Unknown (no location in byline),,
https://www.aalavina.org/revista/septiembre-octubre-2015/abrir-barrer-y-cafe,"Abrir, barrer, y café",No,Septiembre / Octubre,2015,,Dinora,Los Ángeles,California,Para aferrarse al programa tuvo que practicar el abecedario,No,No,"Los Ángeles, California",
https://www.aalavina.org/revista/septiembre-octubre-2015/carta-de-bienvenida,Carta de Bienvenida,No,Septiembre / Octubre,2015,,,,,,No,Unknown (no location in byline),,
https://www.aalavina.org/revista/septiembre-octubre-2015/tema-de-discusion-para-reuniones,Tema de discusión para reuniones,No,Septiembre / Octubre,2015,,,,,,No,Unknown (no location in byline),,
https://www.aalavina.org/revista/septiembre-octubre-2015/la-luz-de-una-vela,A la luz de una vela,No,Septiembre / Octubre,2015,,Pablo N.,Del Valle,Texas,"A pesar de los obstáculos, su grupo espera al alcohólico",No,Yes,"Del Valle, Texas",
https://www.aalavina.org/revista/septiembre-octubre-2015/anonimato,Anonimato,No,Septiembre / Octubre,2015,,Edgar H.,San José,California,Su vanidad le impedía compartir su historial,No,No,"San José, California",
https://www.aalavina.org/revista/septiembre-octubre-2015/camaraderia-y-servicio,Camaradería y servicio,No,Septiembre / Octubre,2015,,Luis M.,Smyrna,Georgia,Los alcohólicos lo rescatan del alcohol y de las tormentas en sobriedad,No,No,"Smyrna, Georgia",
https://www.aalavina.org/revista/septiembre-octubre-2015/cartas-del-lector,Cartas del lector,No,Septiembre / Octubre,2015,,,,,,No,Unknown (no location in byline),,
https://www.aalavina.org/revista/septiembre-octubre-2015/un-corazon-lleno-de-emocion,Un corazón lleno de emoción,No,Septiembre / Octubre,2015,,Jesús M.,Santa Rosa,California,Viaja de una convención estatal a una nacional y se transforma en un convencionista,No,No,"Santa Rosa, California",
https://www.aalavina.org/revista/septiembre-octubre-2015/en-mi-propio-idioma,En mi propio idioma,No,Septiembre / Octubre,2015,,C.T.,Scappoose,Oregon,Cuenta por qué las convenciones lo contagian de entusiasmo,No,No,"Scappoose, Oregon",
https://www.aalavina.org/revista/septiembre-octubre-2015/escuchando-mi-mente,Escuchando mi mente,No,Septiembre / Octubre,2015,,Gustavo S.,San Antonio,Texas,Cuando tocó fondo pudo aceptar las palabras de los compañeros en AA,No,Yes,"San Antonio, Texas",
https://www.aalavina.org/revista/septiembre-octubre-2015/esto-no-tiene-precio,Esto no tiene precio,No,Septiembre / Octubre,2015,,Manuel M.,Boston,Massachusetts,Su recuperación es una experiencia para compartir,No,No,"Boston, Massachusetts",
https://www.aalavina.org/revista/septiembre-octubre-2015/golpeando-puertas,Golpeando puertas,No,Septiembre / Octubre,2015,,J.M.,Upland,California,Nunca imaginó que el muchacho alcohólico sería el AA de hoy,No,No,"Upland, California",
https://www.aalavina.org/revista/septiembre-octubre-2015/hasta-en-la-sopa,Hasta en la sopa,No,Septiembre / Octubre,2015,,Antonio A.,Las Vegas,Nevada,Disfruta compartiendo la revista con los miembros de su familia,No,No,"Las Vegas, Nevada",
https://www.aalavina.org/revista/septiembre-octubre-2015/las-sorpresas,Las sorpresas,No,Septiembre / Octubre,2015,,Mónica M.,Victorville,California,Se dio cuenta que ella también tenía problemas,No,No,"Victorville, California",
https://www.aalavina.org/revista/septiembre-octubre-2015/mar-adentro,Mar adentro,No,Septiembre / Octubre,2015,,Jaime A.,Houston,Texas,Recibe el mensaje trabajando en altamar,No,Yes,"Houston, Texas",
https://www.aalavina.org/revista/septiembre-octubre-2015/mirando-sus-zapatos,Mirando sus zapatos,No,Septiembre / Octubre,2015,,José Joaquín R.,Cartago,Valle del Cauca,El alcoholismo y el programa según su punto de vista,No,No,"Cartago, Valle del Cauca",
https://www.aalavina.org/revista/septiembre-octubre-2015/que-me-ilumine,Que me ilumine,No,Septiembre / Octubre,2015,,Julio L.,Madrid,,En su experiencia lo importante es saber que no está en control,No,No,Madrid,
https://www.aalavina.org/revista/septiembre-octubre-2015/sentado-y-escuchando,Sentado y escuchando,No,Septiembre / Octubre,2015,,H.H.,Columbia,Missouri,Su padrino le dio el secreto del servicio,No,No,"Columbia, Missouri",
https://www.aalavina.org/revista/septiembre-octubre-2015/un-trabajo-de-pintura,Un trabajo de pintura,No,Septiembre / Octubre,2015,,José C.,Kent,Washington,Su primera convencion hispana fue una aventura en AA,No,No,"Kent, Washington",
https://www.aalavina.org/revista/septiembre-octubre-2015/working-together,“Working together”,No,Septiembre / Octubre,2015,,Craig W.,Danbury,Connecticut,Un compañero que no habla español usa el lenguaje del corazón,No,No,"Danbury, Connecticut",
https://www.aalavina.org/revista/julio-agosto-2015/cartas-del-lector,Cartas del lector,No,Julio / Agosto,2015,,,,,,No,Unknown (no location in byline),,
https://www.aalavina.org/revista/julio-agosto-2015/noticias-de-aa,Noticias de AA,No,Julio / Agosto,2015,,Guillermo A.,San Juan,Puerto Rico,,No,No,"San Juan, Puerto Rico",
https://www.aalavina.org/revista/julio-agosto-2015/que-alivio,¡Qué alivio!,No,Julio / Agosto,2015,,Anónimo,San José,California,"Aunque frente al juez se sintió como un criminal, se dio cuenta de su problema",No,No,"San José, California",
https://www.aalavina.org/revista/julio-agosto-2015/cuando-salgas,Cuando salgas,No,Julio / Agosto,2015,,José M.,Houston,Texas,Envía un mensaje a los que están en prisión,No,Yes,"Houston, Texas",
https://www.aalavina.org/revista/julio-agosto-2015/sin-memoria,Sin memoria,No,Julio / Agosto,2015,,Paco C.H.,Houston,Texas,"Todos recuerdan lo que hizo, menos él",No,Yes,"Houston, Texas",
https://www.aalavina.org/revista/julio-agosto-2015/las-rejas-del-alma,Las rejas del alma,No,Julio / Agosto,2015,,Max R.,San José,California,Muchas veces tuvo que tocar un fondo en prisión,No,No,"San José, California",
https://www.aalavina.org/revista/julio-agosto-2015/noches-sin-final,Noches sin final,No,Julio / Agosto,2015,,Carlos A.P.,Ramsey,New Jersey,Creyó que su vida era fiesta y diversión,No,No,"Ramsey, New Jersey",
https://www.aalavina.org/revista/julio-agosto-2015/mente-abierta,Mente abierta,No,Julio / Agosto,2015,,Francisco J.,Arlington,Texas,"Aunque le parecía imposible, la fe llegó a su vida",No,Yes,"Arlington, Texas",
https://www.aalavina.org/revista/julio-agosto-2015/un-destino-que-cumplir,Un destino que cumplir,No,Julio / Agosto,2015,,Mónica S.,Port Chester,Nueva York,Un despertar espiritual y las Tradiciones le permiten tener una vida diferente,No,No,"Port Chester, Nueva York",
https://www.aalavina.org/revista/julio-agosto-2015/la-luz-blanca,La luz blanca,No,Julio / Agosto,2015,,Eduardo O.,Phoenix,Arizona,Su experiencia espiritual le llegó a medianoche,No,No,"Phoenix, Arizona",
https://www.aalavina.org/revista/julio-agosto-2015/oidos-sordos,Oídos sordos,No,Julio / Agosto,2015,,Benjamín V.,Arlington,Texas,Descubre que estar sin beber y sin programa tiene un precio,No,Yes,"Arlington, Texas",
https://www.aalavina.org/revista/julio-agosto-2015/dejandome-guiar,Dejándome guiar,No,Julio / Agosto,2015,,Benjamin D.,Manor,Texas,"Busca un grupo base, participa en el servicio y vive sin alcohol",No,Yes,"Manor, Texas",
https://www.aalavina.org/revista/julio-agosto-2015/el-amor-del-padrino,El amor del padrino,No,Julio / Agosto,2015,,Marcelo B.,Buenos Aires,,Después de una recaída recibe el aliento para seguir adelante,No,No,Buenos Aires,
https://www.aalavina.org/revista/julio-agosto-2015/robandose-si-mismo,Robándose a sí mismo,No,Julio / Agosto,2015,,Hipólito S.,Valley Cottage,Nueva York,Hace un inventario de sus actos y descubre una paradoja,No,No,"Valley Cottage, Nueva York",
https://www.aalavina.org/revista/julio-agosto-2015/de-frente-la-vida,De frente a la vida,No,Julio / Agosto,2015,,Ofelia M.,Alburquerque,Nuevo México,"Experimenta una sensación diferente, está sobria",No,No,"Alburquerque, Nuevo México",
https://www.aalavina.org/revista/julio-agosto-2015/el-poder-de-nuestras-historias,El poder de nuestras historias,No,Julio / Agosto,2015,,Julio,San Antonio,Texas,Abre su mente y aprende de otros alcohólicos,No,Yes,"San Antonio, Texas",
https://www.aalavina.org/revista/julio-agosto-2015/yo-me-saque-la-loteria,Yo me saqué la lotería,No,Julio / Agosto,2015,,Rogelio G.,Los Ángeles,California,,No,No,"Los Ángeles, California",
https://www.aalavina.org/revista/julio-agosto-2015/noticias-de-aa-juntos-y-comprometidos,Noticias de AA-Juntos y comprometidos,No,Julio / Agosto,2015,,Leandro C.,Santa Ana,California,Historia de los eventos del aniversario de La Viña en la Región del Pacífico,No,No,"Santa Ana, California",
https://www.aalavina.org/revista/julio-agosto-2015/escuchando-la-razon,Escuchando a la razón,No,Julio / Agosto,2015,,Anónimo.,Anaheim,California,Diez días sin beber le bastan para desear quedarse en AA,No,No,"Anaheim, California",
https://www.aalavina.org/revista/julio-agosto-2015/inspirada,Inspirada,No,Julio / Agosto,2015,,Rafaela O.,Fort Worth,Texas,Se despide de su servicio y comparte las emociones vividas,No,Yes,"Fort Worth, Texas",
https://www.aalavina.org/revista/julio-agosto-2015/acerca-del-alcoholismo,Acerca del alcoholismo,No,Julio / Agosto,2015,,,,,"Aspectos médicos, legales y sociales del alcoholismo",No,Unknown (no location in byline),,
https://www.aalavina.org/revista/julio-agosto-2015/un-escritor-sobrio,Un escritor sobrio,No,Julio / Agosto,2015,,Enrique M.,Warwick,Nueva York,En un taller de La Viña descubre el valor de su experiencia,No,No,"Warwick, Nueva York",
https://www.aalavina.org/revista/julio-agosto-2015/en-la-publica,En la vía pública,No,Julio / Agosto,2015,,Roberto C.,San Diego,California,,No,No,"San Diego, California",
https://www.aalavina.org/revista/mayo-junio-2015/tema-de-discusion-para-reuniones,Tema de discusión para reuniones,No,Mayo / Junio,2015,,,,,,No,Unknown (no location in byline),,
https://www.aalavina.org/revista/mayo-junio-2015/asi-es-en-mi-pais,Así es en mi país,No,Mayo / Junio,2015,,Luis T.,Bronx,Nueva York,"En El Salvador o en Nueva York, los grupos le ofrecen una vida diferente",No,No,"Bronx, Nueva York",
https://www.aalavina.org/revista/mayo-junio-2015/aa-en-huejuquilla-el-alto,AA en Huejuquilla El Alto,No,Mayo / Junio,2015,,Ricardo Enrique M.,Warwick,New York,Estar en su grupo es mejor que estar en una cantina,No,No,"Warwick, New York",
https://www.aalavina.org/revista/mayo-junio-2015/manos-que-dan-nunca-estaran-vacias,"“Manos que dan, nunca estarÁn vacías”",No,Mayo / Junio,2015,,Anónimo,,,"Inició su recuperación en Acapulco, México",No,Unknown (no location in byline),,
https://www.aalavina.org/revista/mayo-junio-2015/ya-no-me-sorprende-la-lluvia,Ya no me sorprende la lluvia,No,Mayo / Junio,2015,,Oscar P.,San José,,Un miembro en Costa Rica nos cuenta cómo encontró algo más que sobriedad,No,No,San José,
https://www.aalavina.org/revista/mayo-junio-2015/en-cada-parada-un-grupo,En cada parada un grupo,No,Mayo / Junio,2015,,Pablo R.,Arlington,Texas,"Comprueba que, aunque viaja constantemente, sigue siendo un AA",No,Yes,"Arlington, Texas",
https://www.aalavina.org/revista/mayo-junio-2015/ahora-me-llaman-papa,"Ahora me llaman ""papá""",No,Mayo / Junio,2015,,Cristóbal M.,Spring Valley,Nueva York,"Entre las dudas y la derrota, se quedó con la derrota",No,No,"Spring Valley, Nueva York",
https://www.aalavina.org/revista/mayo-junio-2015/y-si-yo-no-contribuyo,¿Y si yo no contribuyo?,No,Mayo / Junio,2015,,Francisco S.P.,Gijón,,Evalúa la importancia de su contribución monetaria,No,No,Gijón,
https://www.aalavina.org/revista/mayo-junio-2015/se-lavan-las-tazas,Se lavan las tazas,No,Mayo / Junio,2015,,R.R.,Los Ángeles,California,"Cambian las costumbres, nunca las Tradiciones",No,No,"Los Ángeles, California",
https://www.aalavina.org/revista/mayo-junio-2015/arroz-pollo-y-ensalada,"Arroz, pollo y ensalada",No,Mayo / Junio,2015,,Eddie D.,Brooklyn,New York,Al cruzar el puente Verrazano encuentra una sabrosa sorpresa,No,No,"Brooklyn, New York",
https://www.aalavina.org/revista/mayo-junio-2015/volando-lejos-y-cayendo-bajo,Volando lejos y cayendo bajo,No,Mayo / Junio,2015,,Carlos R.,Farmington,Nuevo México,"Si no está enfocado, su sobriedad peligra",No,No,"Farmington, Nuevo México",
https://www.aalavina.org/revista/mayo-junio-2015/amo-este-programa,Amo este programa,No,Mayo / Junio,2015,,Suzi M.,San Antonio,Texas,"Al tocar fondo, quiso cambiar y ser parte de AA",No,Yes,"San Antonio, Texas",
https://www.aalavina.org/revista/mayo-junio-2015/actores,Actores,No,Mayo / Junio,2015,,Samuel B.,Austin,Texas,"En AA, encuentra una hermandad de seres iguales, con diferentes escenarios.",No,Yes,"Austin, Texas",
https://www.aalavina.org/revista/mayo-junio-2015/el-ausente,El ausente,No,Mayo / Junio,2015,,Jesús G.,Austin,Texas,"Bebiendo se olvidó de todo, de todos y de sí mismo",No,Yes,"Austin, Texas",
https://www.aalavina.org/revista/mayo-junio-2015/resuelve-el-problema,Resuelve el problema,No,Mayo / Junio,2015,,Mario C.,San Antonio,Texas,Con sus 24 horas al hombro ya no es el que era,No,Yes,"San Antonio, Texas",
https://www.aalavina.org/revista/mayo-junio-2015/mi-grupo-mi-casa,"Mi grupo, mi casa",No,Mayo / Junio,2015,,José A.,Santa Ana,California,Piensa que la bienvenida es fundamental,No,No,"Santa Ana, California",
https://www.aalavina.org/revista/mayo-junio-2015/carta-de-bienvenida,Carta de Bienvenida,No,Mayo / Junio,2015,,,,,,No,Unknown (no location in byline),,
https://www.aalavina.org/revista/mayo-junio-2015/cartas-del-lector,Cartas del lector,No,Mayo / Junio,2015,,,,,,No,Unknown (no location in byline),,
https://www.aalavina.org/revista/mayo-junio-2015/acerca-del-alcoholismo,Acerca del alcoholismo,No,Mayo / Junio,2015,,,,,"Aspectos médicos, legales y sociales del alcoholismo",No,Unknown (no location in byline),,
https://www.aalavina.org/revista/mayo-junio-2015/con-la-cabeza-todavia-caliente,Con la cabeza todavía caliente,No,Mayo / Junio,2015,,Daniel P.,Santa Ana,California,"Sabe que mientras no beba, todo está bien",No,No,"Santa Ana, California",
https://www.aalavina.org/revista/mayo-junio-2015/las-palabras-de-aa,Las palabras de AA,No,Mayo / Junio,2015,,,,,,No,Unknown (no location in byline),,
https://www.aalavina.org/revista/marzo-abril-2015/tema-de-discusion-para-reuniones,Tema de discusión para reuniones,No,Marzo / Abril,2015,,,,,,No,Unknown (no location in byline),,
https://www.aalavina.org/revista/marzo-abril-2015/anonimato,Anonimato,No,Marzo / Abril,2015,,,,,"Extraído de la revista Grapevine, un artículo clásico sobre el anonimato",No,Unknown (no location in byline),,
https://www.aalavina.org/revista/marzo-abril-2015/mis-fotos,Mis fotos,No,Marzo / Abril,2015,,Luis A.,Bronx,Nueva York,¿Qué pasaría si su hijo pidiera ayuda en AA y luego viese sus fotos circulando en el Internet?,No,No,"Bronx, Nueva York",
https://www.aalavina.org/revista/marzo-abril-2015/expuesta,Expuesta,No,Marzo / Abril,2015,,N.A.P.,Austin,Texas,Abrió una cuenta en las redes sociales y publicó todo acerca de su vida,No,Yes,"Austin, Texas",
https://www.aalavina.org/revista/marzo-abril-2015/terapia-digital,Terapia digital,No,Marzo / Abril,2015,,Antonio A.,Pflugerville,Texas,Descubre la diferencia entre compartir en el Internet y en el grupo,No,Yes,"Pfugerville, Texas","Source spelling: ""Pfugerville"""
https://www.aalavina.org/revista/marzo-abril-2015/una-fuerza-misteriosa,Una fuerza misteriosa,No,Marzo / Abril,2015,,J.L.,Madrid,,Describe cómo sucedieron sus despertares espirituales,No,No,Madrid,
https://www.aalavina.org/revista/marzo-abril-2015/el-privilegio-de-meditar,El privilegio de meditar,No,Marzo / Abril,2015,,Ramón L.,Middletown,Nueva York,"Descubre, con emoción, que es posible tener otra actitud",No,No,"Middletown, Nueva York",
https://www.aalavina.org/revista/marzo-abril-2015/la-cabeza-en-la-botella,La cabeza en la botella,No,Marzo / Abril,2015,,Pedro Z.,San Diego,California,"Se enorgullecía de su inteligencia, que no le permitía dejar de beber",No,No,"San Diego, California",
https://www.aalavina.org/revista/marzo-abril-2015/el-monstruo-y-yo,El monstruo y yo,No,Marzo / Abril,2015,,Anónimo,,,Su imaginación le sirve para ayudar a otros y pasar el mensaje,No,Unknown (no location in byline),,
https://www.aalavina.org/revista/marzo-abril-2015/despiertame-de-esta-pesadilla,Despiértame de esta pesadilla,No,Marzo / Abril,2015,,M.R.,Austin,Texas,"Detrás de sus pasos ebrios, sólo quedaba destrucción y dolor",No,Yes,"Austin, Texas",
https://www.aalavina.org/revista/marzo-abril-2015/sali-correr,Salí a correr,No,Marzo / Abril,2015,,Ricardo E.M.,Warwick,Nueva York,Su primera mañana sobrio le ilustra el camino a seguir en AA,No,No,"Warwick, Nueva York",
https://www.aalavina.org/revista/marzo-abril-2015/la-tercera-es-la-vencida,La tercera es la vencida,No,Marzo / Abril,2015,,Francisco R.,Austin,Texas,No importa cuántas veces lo intentó: hoy está sobrio,No,Yes,"Austin, Texas",
https://www.aalavina.org/revista/marzo-abril-2015/con-un-pie-adentro-y-otro-afuera,Con un pie adentro y otro afuera,No,Marzo / Abril,2015,,F.F.,Atlanta,Georgia,Le costó darse cuenta que AA estaba allí para ayudarle,No,No,"Atlanta, Georgia",
https://www.aalavina.org/revista/marzo-abril-2015/la-ultima-llamada,La última llamada,No,Marzo / Abril,2015,,Juan Carlos B.,Houston,Texas,"Cuando ya no quedaban esperanzas, un inesperado gesto lo salva",No,Yes,"Houston, Texas",
https://www.aalavina.org/revista/marzo-abril-2015/simplemente-feliz,"Simplemente, feliz",No,Marzo / Abril,2015,,Teresa A.,Brentwood,New York,"Para ella, el crecimiento es continuo",No,No,"Brentwood, New York",
https://www.aalavina.org/revista/marzo-abril-2015/llegan-los-dias-soleados,Llegan los días soleados,No,Marzo / Abril,2015,,Pablo H.,Bakerfield,California,Cuenta su extraordinario encuentro con la borrachera seca,No,No,"Bakerfield, California",
https://www.aalavina.org/revista/marzo-abril-2015/la-ruta-de-la-culpa,La ruta de la culpa,No,Marzo / Abril,2015,,Manuel Q.,Spring Valley,New York,Antes que confrontar la realidad prefirió beber,No,No,"Spring Valley, New York",
https://www.aalavina.org/revista/marzo-abril-2015/doloroso-recuerdo,Doloroso recuerdo,No,Marzo / Abril,2015,,Israel H.,Austin,Texas,Bebiendo en el velorio y en el funeral,No,Yes,"Austin, Texas",
https://www.aalavina.org/revista/marzo-abril-2015/esta-es-mi-familia,Esta es mi familia,No,Marzo / Abril,2015,,Genobiba G.,Las Vegas,Nevada,"Comparte con sus nietos, estas 24 horas",No,No,"Las Vegas, Nevada",
https://www.aalavina.org/revista/marzo-abril-2015/el-mas-antiguo-de-nueva-york,¿El más antiguo de Nueva York?,No,Marzo / Abril,2015,,Juan V.,Manhattan,New York,"Comparte los resultados de su investigación, en los archivos de la Oficina de Servicios Generales",No,No,"Manhattan, New York",
https://www.aalavina.org/revista/marzo-abril-2015/cartas-del-lector,Cartas del lector,No,Marzo / Abril,2015,,,,,,No,Unknown (no location in byline),,
https://www.aalavina.org/revista/marzo-abril-2015/acerca-del-alcoholismo,Acerca del alcoholismo,No,Marzo / Abril,2015,,,,,"Aspectos médicos, legales y sociales del alcoholismo",No,Unknown (no location in byline),,
https://www.aalavina.org/revista/marzo-abril-2015/carta-de-bienvenida,Carta de Bienvenida,No,Marzo / Abril,2015,,,,,,No,Unknown (no location in byline),,
https://www.aalavina.org/revista/enero-febrero-2015/cartas-del-lector,Cartas del lector,No,Enero / Febrero,2015,,,,,,No,Unknown (no location in byline),,
https://www.aalavina.org/revista/enero-febrero-2015/tema-de-discusion-para-reuniones,Tema de discusión para reuniones,No,Enero / Febrero,2015,,,,,,No,Unknown (no location in byline),,
https://www.aalavina.org/revista/enero-febrero-2015/acerca-del-alcoholismo,Acerca del alcoholismo,No,Enero / Febrero,2015,,,,,"Aspectos médicos, legales y sociales del alcoholismo",No,Unknown (no location in byline),,
https://www.aalavina.org/revista/enero-febrero-2015/toda-velocidad,A toda velocidad,No,Enero / Febrero,2015,,Danny M.,Manhattan,Nueva York,Sólo AA pudo detener su vertiginosa actividad alcohólica,No,No,"Manhattan, Nueva York",
https://www.aalavina.org/revista/enero-febrero-2015/sin-partida-de-nacimiento,Sin partida de nacimiento,No,Enero / Febrero,2015,,Rolando,Tegucigalpa,,Le costó llegar al programa de AA,No,No,Tegucigalpa,
https://www.aalavina.org/revista/enero-febrero-2015/con-el-fervor-de-un-naufrago,Con el fervor de un náufrago,No,Enero / Febrero,2015,,Victor L.,San José,California,Supo que su problema era de vida o muerte,No,No,"San José, California",
https://www.aalavina.org/revista/enero-febrero-2015/presentamelo,Preséntamelo,No,Enero / Febrero,2015,,Armando H.,Conroe,Texas,Descubre en el apadrinamiento la clave para su tranquilidad,No,Yes,"Conroe, Texas",
https://www.aalavina.org/revista/enero-febrero-2015/yo-no-queria-dejar-de-tomar,Yo no queria dejar de tomar,No,Enero / Febrero,2015,,Javier S.,Ronehr Park,California,Despertaba sin dinero y sin memoria de la noche anterior,No,No,"Ronehr Park, California",
https://www.aalavina.org/revista/enero-febrero-2015/el-alcoholico-anonimo-del-ano,El alcohólico anónimo del año,No,Enero / Febrero,2015,,Roberto O.,Madrid,,"Un Cuarto Paso anual, le depara algunas sorpresas",No,No,Madrid,
https://www.aalavina.org/revista/enero-febrero-2015/las-lineas-de-mis-manos,Las líneas de mis manos,No,Enero / Febrero,2015,,Kaleb,Anaheim,California,"Supo que no tenía otra opción: o seguía luchando en vano, o admitía su derrota",No,No,"Anaheim, California",
https://www.aalavina.org/revista/enero-febrero-2015/alcoholico-por-voto-popular,Alcohólico por voto popular,No,Enero / Febrero,2015,,Delfino M.,Fort Worth,Texas,Quiso ejercer su derecho a participar,No,Yes,"Fort Worth, Texas",
https://www.aalavina.org/revista/enero-febrero-2015/de-emergencia,De emergencia,No,Enero / Febrero,2015,,Raúl S.,Pflugerville,Texas,Salió a tomar unos tragos y despertó en un helicóptero,No,Yes,"Pflugerville, Texas",
https://www.aalavina.org/revista/enero-febrero-2015/la-felicidad-de-gildardo,La felicidad de Gildardo,No,Enero / Febrero,2015,,Gildardo A.,Misión Viejo,California,"Reconoce que bebiendo fue feliz, pero estando sobrio lo es más",No,No,"Misión Viejo, California",
https://www.aalavina.org/revista/enero-febrero-2015/estas-loco,¿Estás loco?,No,Enero / Febrero,2015,,Carlos V.,Newark,New Jersey,"Sabía que era su mejor decisión, pero no todos lo apoyaban",No,No,"Newark, New Jersey",
https://www.aalavina.org/revista/enero-febrero-2015/por-mi-propia-voluntad,Por mi propia voluntad,No,Enero / Febrero,2015,,Adan V.,Orange,California,"Creía que era autosuficiente, pero estaba solo y triste",No,No,"Orange, California",
https://www.aalavina.org/revista/enero-febrero-2015/casemonos-otra-vez,Casémonos otra vez,No,Enero / Febrero,2015,,Irma C.,San Antonio,Texas,Empezó a beber cuando su pareja encontró ayuda en AA,No,Yes,"San Antonio, Texas",
https://www.aalavina.org/revista/enero-febrero-2015/insomnio,Insomnio,No,Enero / Febrero,2015,,Rocío E.,San Antonio,Texas,Deja de beber y enfrenta la vida,No,Yes,"San Antonio, Texas",
https://www.aalavina.org/revista/enero-febrero-2015/llevando-el-mensaje,Llevando el mensaje,No,Enero / Febrero,2015,,Jalisco,Austin,Texas,Cuenta sus experiencias en las instituciones y en las juntas maratónicas,No,Yes,"Austin, Texas",
https://www.aalavina.org/revista/enero-febrero-2015/pasion-servicio-y-baile,"Pasión, servicio y baile",No,Enero / Febrero,2015,,S.K.,Bishop,California,"Celebrando La Viña reúnen 700 suscripciones, en una noche",No,No,"Bishop, California",
https://www.aalavina.org/revista/enero-febrero-2015/magno-evento,Magno Evento,No,Enero / Febrero,2015,,José U.,Las Vegas,Nevada,Se llevan la fiesta a Las Vegas,No,No,"Las Vegas, Nevada",
https://www.aalavina.org/revista/enero-febrero-2015/por-una-deuda,Por una deuda,No,Enero / Febrero,2015,,Alejandro C.,San Antonio,Texas,Llega a un grupo de AA atraído con una promesa irresistible,No,Yes,"San Antonio, Texas",
https://www.aalavina.org/revista/enero-febrero-2015/carta-de-bienvenida,Carta de Bienvenida,No,Enero / Febrero,2015,,,,,,No,Unknown (no location in byline),,
https://www.aalavina.org/revista/enero-febrero-2015/pura-fantasia,Pura fantasía,No,Enero / Febrero,2015,,Ricardo C.,Pasco,Washington,Aprendió a beber y a distorsionar la realidad,No,No,"Pasco, Washington",
https://www.aalavina.org/revista/noviembre-diciembre-2014/tema-de-discusion-para-reuniones,Tema de discusión para reuniones,No,Noviembre / Diciembre,2014,,,,,,No,Unknown (no location in byline),,
https://www.aalavina.org/revista/noviembre-diciembre-2014/tolerancia,Tolerancia,No,Noviembre / Diciembre,2014,,Freddy V.,Orlando,Florida,,No,No,"Orlando, Florida",
https://www.aalavina.org/revista/noviembre-diciembre-2014/acerca-del-alcoholismo,Acerca del alcoholismo,No,Noviembre / Diciembre,2014,,,,,"Aspectos médicos, legales y sociales del alcoholismo",No,Unknown (no location in byline),,
https://www.aalavina.org/revista/noviembre-diciembre-2014/cada-dia-es-navidad,Cada día es Navidad,No,Noviembre / Diciembre,2014,,Bill W.,,,"Bill W. escribió este artículo hace 62 años, hoy sus palabras todavía tienen vigencia",No,Unknown (no location in byline),,
https://www.aalavina.org/revista/noviembre-diciembre-2014/carta-de-bienvenida,Carta de Bienvenida,No,Noviembre / Diciembre,2014,,,,,,No,Unknown (no location in byline),,
https://www.aalavina.org/revista/noviembre-diciembre-2014/cartas-del-lector,Cartas del lector,No,Noviembre / Diciembre,2014,,,,,,No,Unknown (no location in byline),,
https://www.aalavina.org/revista/noviembre-diciembre-2014/como-fue-que-paso-y-como-es-ahora,"¿Cómo fue, qué pasó y cómo es ahora?",No,Noviembre / Diciembre,2014,,Roberto M.,Pico Rivera,California,"En un grupo escuchó las palabras de esperanza de una vida diferente, su vida hoy",No,No,"Pico Rivera, California",
https://www.aalavina.org/revista/noviembre-diciembre-2014/como-un-todo,"""Como un todo""",No,Noviembre / Diciembre,2014,,Miguel O.,Miami,Florida,Día a día usa las Tradiciones para asegurarse que no estará solo,No,No,"Miami, Florida",
https://www.aalavina.org/revista/noviembre-diciembre-2014/disfrutando-las-fiestas,Disfrutando las fiestas,No,Noviembre / Diciembre,2014,,Mauricio T.,Anaheim,California,"Recuerda aquel mes de diciembre, el primero sobrio</p>",No,No,"Anaheim, California",
https://www.aalavina.org/revista/noviembre-diciembre-2014/en-la-mezquita,En la mezquita,No,Noviembre / Diciembre,2014,,Anónimo,Madrid,,Buscaba donde dormir y despertó espiritualmente,No,No,Madrid,
https://www.aalavina.org/revista/noviembre-diciembre-2014/en-un-abrir-y-cerrar-de-ojos,En un abrir y cerrar de ojos,No,Noviembre / Diciembre,2014,,Oscar R.,San José,,"Despertó de un mundo imaginario, a la cruda realidad de su alcoholismo",No,No,San José,
https://www.aalavina.org/revista/noviembre-diciembre-2014/haciendo-historia,Haciendo historia,No,Noviembre / Diciembre,2014,,José A.M.,Los Ángeles,California,"Escribe acerca de su grupo, el grupo de habla hispana más antiguo de Los Ángeles, California.",No,No,"Los Ángeles, California",
https://www.aalavina.org/revista/noviembre-diciembre-2014/11-horas-de-viaje,11 horas de viaje,No,Noviembre / Diciembre,2014,,René M.,,Utah,Participa en un taller y comparte con miembros de otra área,No,No,Utah,
https://www.aalavina.org/revista/noviembre-diciembre-2014/impaciente,Impaciente,No,Noviembre / Diciembre,2014,,Anónimo,,,"Contaba las horas para beber, hoy cuenta días de sobriedad",No,Unknown (no location in byline),,
https://www.aalavina.org/revista/noviembre-diciembre-2014/juntos-otra-vez,"Juntos, otra vez",No,Noviembre / Diciembre,2014,,Anónimo,San Antonio,Texas,Hoy disfruta del amor incondicional de su grupo y de su familia,No,Yes,"San Antonio, Texas",
https://www.aalavina.org/revista/noviembre-diciembre-2014/la-mejor-receta,La mejor receta,No,Noviembre / Diciembre,2014,,Marco J.,San José,California,Festeja con alegría y agradecimiento,No,No,"San José, California",
https://www.aalavina.org/revista/noviembre-diciembre-2014/me-cambio-la-vida,Me cambió la vida,No,Noviembre / Diciembre,2014,,Cecilia R.,San José,California,Deja de beber y se anima a perder el miedo a ser madre,No,No,"San José, California",
https://www.aalavina.org/revista/noviembre-diciembre-2014/paso-paso,Paso a paso,No,Noviembre / Diciembre,2014,,Inocente M.,Blythe,California,"Después de una trágica derrota, encuentra una nueva forma de vivir",No,No,"Blythe, California",
https://www.aalavina.org/revista/noviembre-diciembre-2014/sin-resentimientos,Sin resentimientos,No,Noviembre / Diciembre,2014,,Juan Carlos,San José,California,Le dice adiós a las fiestas tristes y solitarias,No,No,"San José, California",
https://www.aalavina.org/revista/noviembre-diciembre-2014/un-fin-de-semana-inolvidable,Un fin de semana inolvidable,No,Noviembre / Diciembre,2014,,Luis A.,Bronx,New York,"Miles de alcohólicos se reúnen cada año, en el mes de junio, en Akron; un alcohólico de Nueva York estuvo ahí",No,No,"Bronx, New York",
https://www.aalavina.org/revista/noviembre-diciembre-2014/unidos-podemos,¡Unidos podemos!,No,Noviembre / Diciembre,2014,,José Miguel M.,Moca,,"Un miembro de AA en la República Dominicana, cuenta su experiencia",No,No,Moca,
https://www.aalavina.org/revista/septiembre-octubre-2014/70-anos-de-historiales-del-grapevine,70 años de historiales del Grapevine,No,Septiembre / Octubre,2014,,,,,Un recorrido por las fechas más importantes en la existencia del Grapevine,No,Unknown (no location in byline),,
https://www.aalavina.org/revista/septiembre-octubre-2014/abandona-la-batalla,Abandona la batalla,No,Septiembre / Octubre,2014,,Emiliano O.,Palo Alto,California,Los Alcohólicos Anónimos se encargaron de su impotencia,No,No,"Palo Alto, California",
https://www.aalavina.org/revista/septiembre-octubre-2014/aliviando-la-carga,Aliviando la carga,No,Septiembre / Octubre,2014,,Oscar R.,San Juan,Puerto Rico,Los Pasos le permiten obtener la dádiva más preciada,No,No,"San Juan, Puerto Rico",
https://www.aalavina.org/revista/septiembre-octubre-2014/bebio-poco,Bebió poco,No,Septiembre / Octubre,2014,,Gilberto A.,San Juan Capistrano,California,Desde que era un niño comprendió lo que es la enfermedad del alcoholismo,No,No,"San Juan Capistrano, California",
https://www.aalavina.org/revista/septiembre-octubre-2014/como-una-segunda-casa,Como una segunda casa,No,Septiembre / Octubre,2014,,Jorge G.,La Habra,California,El amor al grupo ha crecido junto a su sobriedad,No,No,"La Habra, California",
https://www.aalavina.org/revista/septiembre-octubre-2014/desalojado,Desalojado,No,Septiembre / Octubre,2014,,Florentino A.,Las Vegas,Nevada,Las consecuencias de su alcoholismo lo dejan sin casa,No,No,"Las Vegas, Nevada",
https://www.aalavina.org/revista/septiembre-octubre-2014/diosidencia,“Diosidencia”,No,Septiembre / Octubre,2014,,F.C.,San José,California,"En San Miguel, El Salvador, las coincidencias se juntan",No,No,"San José, California",
https://www.aalavina.org/revista/septiembre-octubre-2014/el-plan-de-vicky,El plan de Vicky,No,Septiembre / Octubre,2014,,Vicky H.,Manhattan,Nueva York,"Crea una estrategia para llevar el mensaje de AA y la revista, a donde haga falta.",No,No,"Manhattan, Nueva York",
https://www.aalavina.org/revista/septiembre-octubre-2014/esas-caras-desconocidas,Esas caras desconocidas,No,Septiembre / Octubre,2014,,Roberto O.,Madrid,,En su primera reunión recibió la chispa de amor que necesitaba,No,No,Madrid,
https://www.aalavina.org/revista/septiembre-octubre-2014/la-familia-despues,"La familia, después",No,Septiembre / Octubre,2014,,Crispín P.,San José,California,El divorcio le permite reflexionar acerca de su vida pasada y presente,No,No,"San José, California",
https://www.aalavina.org/revista/septiembre-octubre-2014/la-historia-de-dos-hermanos,La historia de dos hermanos,No,Septiembre / Octubre,2014,,Anónimo,,,Hoy pueden reírse del pasado,No,Unknown (no location in byline),,
https://www.aalavina.org/revista/septiembre-octubre-2014/la-ultima-noche-su-ultimo-trago,"La última noche, su último trago",No,Septiembre / Octubre,2014,,Ricardo B.,San José,California,"Sin saber cómo, llegó a su primera junta.",No,No,"San José, California",
https://www.aalavina.org/revista/septiembre-octubre-2014/libre-para-volar,¿Libre para volar?,No,Septiembre / Octubre,2014,,H.R.,Barbacena,,En un fin de semana aprendió el significado de la libertad,No,No,Barbacena,
https://www.aalavina.org/revista/septiembre-octubre-2014/padre-y-madre-la-vez,Padre y madre a la vez,No,Septiembre / Octubre,2014,,Carmen Z.,Whither,California,La adversidad y la autocompasión casi la destruyen,No,No,"Whither, California",
https://www.aalavina.org/revista/septiembre-octubre-2014/que-no-te-pase-lo-mismo,“Que no te pase lo mismo”,No,Septiembre / Octubre,2014,,Jorge H.,Denver,Colorado,"El amor de padre, un día a la vez",No,No,"Denver, Colorado",
https://www.aalavina.org/revista/septiembre-octubre-2014/sali-del-infierno,Salí del infierno,No,Septiembre / Octubre,2014,,Gustavo F.,Altadena,California,Disfruta de su mejor triunfo en la vida: estar sobrio,No,No,"Altadena, California",
https://www.aalavina.org/revista/septiembre-octubre-2014/noticias-de-aa,Noticias de AA,No,Septiembre / Octubre,2014,,,,,Tiempo de inventario,No,Unknown (no location in byline),,
https://www.aalavina.org/revista/septiembre-octubre-2014/si-quieres-puedes,"Si quieres, puedes",No,Septiembre / Octubre,2014,,Annabelle,Austin,Texas,"Sin beber, recupera su vida y el amor de su hijo",No,Yes,"Austin, Texas",
https://www.aalavina.org/revista/septiembre-octubre-2014/soy-diferente,Soy diferente,No,Septiembre / Octubre,2014,,F.A.T.,Stanton,California,"Después de un largo proceso, comprueba que en AA todos somos iguales",No,No,"Stanton, California",
https://www.aalavina.org/revista/septiembre-octubre-2014/una-idea-audaz,Una idea audaz,No,Septiembre / Octubre,2014,,Juan S.G.,San Francisco,California,"Al calor de un pasado aniversario de La Viña, un miembro reflexiona",No,No,"San Francisco, California",
https://www.aalavina.org/revista/septiembre-octubre-2014/veinte-anos-despues,Veinte años después,No,Septiembre / Octubre,2014,,José G.,Denver,Colorado,"En un taller, en Denver, la memoria vuelve",No,No,"Denver, Colorado",
https://www.aalavina.org/revista/septiembre-octubre-2014/carta-de-bienvenida,Carta de Bienvenida,No,Septiembre / Octubre,2014,,,,,,No,Unknown (no location in byline),,
https://www.aalavina.org/revista/septiembre-octubre-2014/cartas-del-lector,Cartas del lector,No,Septiembre / Octubre,2014,,,,,,No,Unknown (no location in byline),,
https://www.aalavina.org/revista/septiembre-octubre-2014/acerca-del-alcoholismo,Acerca del alcoholismo,No,Septiembre / Octubre,2014,,,,,"Aspectos médicos, legales y sociales del alcoholismo",No,Unknown (no location in byline),,
https://www.aalavina.org/revista/julio-agosto-2014/acerca-del-alcoholismo,Acerca del alcoholismo,No,Julio / Agosto,2014,,,,,"Aspectos médicos, legales y sociales del alcoholismo",No,Unknown (no location in byline),,
https://www.aalavina.org/revista/julio-agosto-2014/cartas-del-lector,Cartas del lector,No,Julio / Agosto,2014,,,,,,No,Unknown (no location in byline),,
https://www.aalavina.org/revista/julio-agosto-2014/cobrador-cobrado,Cobrador cobrado,No,Julio / Agosto,2014,,Anónimo,,,"Comprueba que el alcoholismo es ""desconcertante, astuto y poderoso""",No,Unknown (no location in byline),,
https://www.aalavina.org/revista/julio-agosto-2014/con-el-agua-al-cuello,Con el agua al cuello,No,Julio / Agosto,2014,,Misael C.,New Rochelle,Nueva York,La solución es clara y le llega cuando finalmente pide ayuda,No,No,"New Rochelle, Nueva York",
https://www.aalavina.org/revista/julio-agosto-2014/hagalo,¡Hágalo!,No,Julio / Agosto,2014,,Adolfo Ch.,Atlanta,Georgia,El servicio no sólo lo mantiene ocupado,No,No,"Atlanta, Georgia",
https://www.aalavina.org/revista/julio-agosto-2014/el-numero-de-mi-suerte,El número de mi suerte,No,Julio / Agosto,2014,,Carlos M.,Wenatchee,Washington,Hoy agradece esa última derrota que significó una nueva oportunidad,No,No,"Wenatchee, Washington",
https://www.aalavina.org/revista/julio-agosto-2014/el-trac-trac-del-tren,El trac trac del tren,No,Julio / Agosto,2014,,José C.,Santa Ana,California,"Hoy ya no tiene que andar de un lugar a otro, cargando con su enfermedad",No,No,"Santa Ana, California",
https://www.aalavina.org/revista/julio-agosto-2014/en-conroe-texas,"En Conroe, Texas",No,Julio / Agosto,2014,,Arturo G.,Conroe,Texas,"Celebraron el aniversario del grupo con mariachi, maratónica y comida",No,Yes,"Conroe, Texas",
https://www.aalavina.org/revista/julio-agosto-2014/fui-un-hombre-violento,Fui un hombre violento,No,Julio / Agosto,2014,,José E.T.,Tehachapi,California,"Dentro de la prisión, y en AA, se reconcilia consigo mismo",No,No,"Tehachapi, California",
https://www.aalavina.org/revista/julio-agosto-2014/jefe-de-familia,Jefe de familia,No,Julio / Agosto,2014,,Mario J.,San Diego,California,Sin alcohol rehace su vida y las promesas no se hacen esperar,No,No,"San Diego, California",
https://www.aalavina.org/revista/julio-agosto-2014/llegaron-dos-nuevos,¡Llegaron dos nuevos!,No,Julio / Agosto,2014,,Julio R.,San Antonio,Texas,"Nos recuerda que en un taller lo importante no es la cantidad, sino la calidad",No,Yes,"San Antonio, Texas",
https://www.aalavina.org/revista/julio-agosto-2014/los-conceptos-para-el-servicio-mundial,Los conceptos para el servicio mundial,No,Julio / Agosto,2014,,Francisco S.P.,Gijón,,Desde España un miembro de AA comparte su interpretación de los Doce Conceptos,No,No,Gijón,
https://www.aalavina.org/revista/julio-agosto-2014/me-buscaban-en-las-redes-sociales,Me buscaban en las redes sociales,No,Julio / Agosto,2014,,Laura M.,San Antonio,Texas,"El alcohol la obligó a entregar a sus hijos en adopción, AA la ayudó a esperar",No,Yes,"San Antonio, Texas",
https://www.aalavina.org/revista/julio-agosto-2014/no-recuerdo-que-paso,No recuerdo qué pasó,No,Julio / Agosto,2014,,Fermín A.,Pound,Virginia,El dinero desaparecía y luego yo no tenía para reparar el camión,No,No,"Pound, Virginia",
https://www.aalavina.org/revista/julio-agosto-2014/la-segunda-oportunidad,La segunda oportunidad,No,Julio / Agosto,2014,,Reinario M.,Ontario,Oregon,"En la cárcel aprende a perdonarse y a perdonar, junto a otros alcohólicos",No,No,"Ontario, Oregon",
https://www.aalavina.org/revista/julio-agosto-2014/soy-un-milagro,Soy un milagro,No,Julio / Agosto,2014,,Pedro S.,Arequipa,,"Dejar de beber parecía, en su caso, imposible",No,No,Arequipa,
https://www.aalavina.org/revista/julio-agosto-2014/tragico-desenlace,Trágico desenlace,No,Julio / Agosto,2014,,Carlos R.,Blythe,California,Era su día de descanso y fue su último día libre,No,No,"Blythe, California",
https://www.aalavina.org/revista/julio-agosto-2014/jugando-con-fuego,Jugando con fuego,No,Julio / Agosto,2014,,Fernando G.,La Paz,,"Desde Bolivia, un alcohólico nos comparte, su experiencia",No,No,La Paz,
https://www.aalavina.org/revista/julio-agosto-2014/la-formula-de-mi-tranquilidad,La fórmula de mi tranquilidad,No,Julio / Agosto,2014,,Monce D.,River Oaks,Texas,,No,Yes,"River Oaks, Texas",
https://www.aalavina.org/revista/julio-agosto-2014/una-oportunidad,Una oportunidad,No,Julio / Agosto,2014,,Juan Carlos B.,Houston,Texas,,No,Yes,"Houston, Texas",
https://www.aalavina.org/revista/julio-agosto-2014/carta-de-bienvenida,Carta de Bienvenida,No,Julio / Agosto,2014,,,,,,No,Unknown (no location in byline),,
https://www.aalavina.org/revista/mayo-junio-2014/tema-de-discusion-para-reuniones,Tema de discusión para reuniones,No,Mayo / Junio,2014,,,,,,No,Unknown (no location in byline),,
https://www.aalavina.org/revista/mayo-junio-2014/carta-de-bienvenida,Carta de Bienvenida,No,Mayo / Junio,2014,,,,,,No,Unknown (no location in byline),,
https://www.aalavina.org/revista/mayo-junio-2014/cartas-del-lector,Cartas del lector,No,Mayo / Junio,2014,,,,,,No,Unknown (no location in byline),,
https://www.aalavina.org/revista/mayo-junio-2014/agradecida-disfruta-sus-hijos,Agradecida disfruta sus hijos,No,Mayo / Junio,2014,,Patricia R.,Los Ángeles,California,Esa noche sus oídos estaban dispuestos a escuchar,No,No,"Los Ángeles, California",
https://www.aalavina.org/revista/mayo-junio-2014/una-oveja-perdida,Una oveja perdida,No,Mayo / Junio,2014,,Judith H.,New Rochelle,New York,"Encuentra en los grupos y en la tribuna, su rebaño",No,No,"New Rochelle, New York",
https://www.aalavina.org/revista/mayo-junio-2014/remordimientos,Remordimientos,No,Mayo / Junio,2014,,Gustavo,Sucre,Bolivia,Finalmente pudo revelarle a otro ser humano el secreto que lo torturaba,No,No,"Sucre, Bolivia",
https://www.aalavina.org/revista/mayo-junio-2014/tres-adicciones,Tres adicciones,No,Mayo / Junio,2014,,Salvador F.,Glendale,Arizona,En sobriedad ha luchado por eliminar sus defectos de carácter,No,No,"Glendale, Arizona",
https://www.aalavina.org/revista/mayo-junio-2014/reencontre-mi-padre,Reencontré a mi padre,No,Mayo / Junio,2014,,Eduardo T.,Atlanta,Georgia,Practicando el programa de recuperación de AA aprende a dar y a recibir amor,No,No,"Atlanta, Georgia",
https://www.aalavina.org/revista/mayo-junio-2014/en-las-discotecas,En las discotecas,No,Mayo / Junio,2014,,Teresa G.,Los Ángeles,California,Olvidaba el dolor con música y alcohol,No,No,"Los Ángeles, California",
https://www.aalavina.org/revista/mayo-junio-2014/disparos-al-aire,Disparos al aire,No,Mayo / Junio,2014,,Miguel S.,Aloha,Oregon,La vida ingobernable lo dejó sin salud y sin familia,No,No,"Aloha, Oregon",
https://www.aalavina.org/revista/mayo-junio-2014/un-cheque-al-portador,Un cheque al portador,No,Mayo / Junio,2014,,Enrique H.,Newberg,Oregon,Recuerda las palabras que lo motivaron a seguir sobrio,No,No,"Newberg, Oregon",
https://www.aalavina.org/revista/mayo-junio-2014/i-love-you-grandpa,I love you grandpa,No,Mayo / Junio,2014,,Anónimo,,,"Retirado de la vida laboral pero activo en AA, disfruta de sus bisnietos",No,Unknown (no location in byline),,
https://www.aalavina.org/revista/mayo-junio-2014/de-buenas-o-de-malas,“De buenas o de malas”,No,Mayo / Junio,2014,,José H.,Long Beach,California,"No todos aprecian su café, pero todos necesitamos su servicio",No,No,"Long Beach, California",
https://www.aalavina.org/revista/mayo-junio-2014/silencio-absoluto,Silencio absoluto,No,Mayo / Junio,2014,,Anónimo,,,En los talleres comprueba el compromiso y la emoción de los Alcohólicos Anónimos en acción,No,Unknown (no location in byline),,
https://www.aalavina.org/revista/mayo-junio-2014/la-sombra-de-un-arbol,A la sombra de un árbol,No,Mayo / Junio,2014,,Carlos M.,North Hollywood,California,La falta de fondos para pagar un local los obliga a ser creativos y prácticos,No,No,"North Hollywood, California",
https://www.aalavina.org/revista/mayo-junio-2014/como-un-auto,Como un auto,No,Mayo / Junio,2014,,Héctor O.,Veracruz,,"Necesitaba una revisión completa, para volver a rodar por una nueva carretera",No,No,Veracruz,
https://www.aalavina.org/revista/mayo-junio-2014/bienvenida,¡Bienvenida!,No,Mayo / Junio,2014,,Laura L.,Hillsboro,Oregon,"Quiso quedarse y aprender, a pesar de las dificultades",No,No,"Hillsboro, Oregon",
https://www.aalavina.org/revista/mayo-junio-2014/el-sano-juicio,El sano juicio,No,Mayo / Junio,2014,,Isabel B.,La Paz,Bolivia,Tuvo que probar una vez más y casi muere en el intento,No,No,"La Paz, Bolivia",
https://www.aalavina.org/revista/mayo-junio-2014/el-don-de-ser-una-mujer-sobria,El “don” de ser una mujer sobria,No,Mayo / Junio,2014,,Lolita B.,Huntington,California,Nunca imaginó que recuperaría la dignidad,No,No,"Huntington, California",
https://www.aalavina.org/revista/mayo-junio-2014/enamorada-y-en-aa,Enamorada y en AA,No,Mayo / Junio,2014,,Irma H.,San Diego,California,Trabaja el programa en todos los aspectos de su vida,No,No,"San Diego, California",
https://www.aalavina.org/revista/mayo-junio-2014/reencontre-mi-padre-0,Reencontré a mi padre,No,Mayo / Junio,2014,,,,,Practicando el programa de recuperación de AA aprende a dar y a recibir amor,No,Unknown (no location in byline),,
https://www.aalavina.org/revista/mayo-junio-2014/la-revista-y-yo,La revista y yo,No,Mayo / Junio,2014,,Ramón S.,San Antonio,Texas,Ser un RLV lo benficia a el a la familia,No,Yes,"San Antonio, Texas",
https://www.aalavina.org/revista/mayo-junio-2014/esas-veinticuatro-horas,Esas veinticuatro horas,No,Mayo / Junio,2014,,Jorge G.,,,,No,Unknown (no location in byline),,
https://www.aalavina.org/revista/mayo-junio-2014/dos-derrotas,Dos derrotas,No,Mayo / Junio,2014,,Anónimo,,,Su ego le jugó una mala pasada de la que hoy se recupera,No,Unknown (no location in byline),,
https://www.aalavina.org/revista/mayo-junio-2014/acerca-del-alcoholismo,Acerca del alcoholismo,No,Mayo / Junio,2014,,,,,"Aspectos médicos, legales y sociales del alcoholismo",No,Unknown (no location in byline),,
https://www.aalavina.org/revista/marzo-abril-2014/tema-de-discusion-para-reuniones,Tema de discusión para reuniones,No,Marzo / Abril,2014,,,,,,No,Unknown (no location in byline),,
https://www.aalavina.org/revista/marzo-abril-2014/acerca-del-alcoholismo,Acerca del alcoholismo,No,Marzo / Abril,2014,,,,,"Aspectos médicos, legales y sociales del alcoholismo",No,Unknown (no location in byline),,
https://www.aalavina.org/revista/marzo-abril-2014/ahora-confian-en-mi,Ahora confían en mí,No,Marzo / Abril,2014,,Frank L.,Cayey,Puerto Rico,Tenía una deuda pendiente con sus hijos: admitir sus defectos,No,No,"Cayey, Puerto Rico",
https://www.aalavina.org/revista/marzo-abril-2014/cartas-del-lector,Cartas del lector,No,Marzo / Abril,2014,,,,,,No,Unknown (no location in byline),,
https://www.aalavina.org/revista/marzo-abril-2014/como-funcionamos,Cómo funcionamos,No,Marzo / Abril,2014,,Eladio M.,Caguas,Puerto Rico,Escribe acerca de cómo las Tradiciones y Conceptos nos ayudan a permanecer unidos,No,No,"Caguas, Puerto Rico",
https://www.aalavina.org/revista/marzo-abril-2014/corazon-libre,Corazón libre,No,Marzo / Abril,2014,,L.R.,San José,California,Creció confundido arrastrando un gran secreto,No,No,"San José, California",
https://www.aalavina.org/revista/marzo-abril-2014/despues-de-la-tormenta-la-calma,"Después de la tormenta, la calma",No,Marzo / Abril,2014,,Verónica F.,San José,California,Una mujer se recupera y recuerda cómo era su vida antes,No,No,"San José, California",
https://www.aalavina.org/revista/marzo-abril-2014/diagnostico-equivocado,¿Diagnóstico equivocado?,No,Marzo / Abril,2014,,Lalo,San Antonio,Texas,"Después de muchas veinticuatro horas, su programa sigue siendo un día a la vez",No,Yes,"San Antonio, Texas",
https://www.aalavina.org/revista/marzo-abril-2014/dieciocho-anos,Dieciocho años,No,Marzo / Abril,2014,,L.R.,San José,California,En la cárcel tuvo dos opciones: hundirse o cambiar,No,No,"San José, California",
https://www.aalavina.org/revista/marzo-abril-2014/distribuyendo-la-revista,Distribuyendo la revista,No,Marzo / Abril,2014,,Leandro C.,Cypress,California,Nos regala su experiencia en el comité de La Viña,No,No,"Cypress, California",
https://www.aalavina.org/revista/marzo-abril-2014/el-brujo,El brujo,No,Marzo / Abril,2014,,Anónimo,,,Ya no es necesaria la magia para vivir mejor,No,Unknown (no location in byline),,
https://www.aalavina.org/revista/marzo-abril-2014/el-inventario-de-un-medico,El inventario de un médico,No,Marzo / Abril,2014,,Rogelio,Chiriquí,,Su sobriedad emocional depende de su honestidad,No,No,Chiriquí,
https://www.aalavina.org/revista/marzo-abril-2014/el-mas-fregon,El más fregón,No,Marzo / Abril,2014,,Benito M.,,California,Bajo una apariencia de superioridad se escondía un alcohólico que necesitaba ayuda,No,No,California,
https://www.aalavina.org/revista/marzo-abril-2014/el-ultimo-refugio,El último refugio,No,Marzo / Abril,2014,,Francisco O.,Beaverton,Oregon,"Cerca de su casa descubre que no está solo, que hay otros como él",No,No,"Beaverton, Oregon",
https://www.aalavina.org/revista/marzo-abril-2014/enamorandola,Enamorándola,No,Marzo / Abril,2014,,Teodoro M.,Orange,California,"No sólo aprende a dejar de beber, también aprende a querer",No,No,"Orange, California",
https://www.aalavina.org/revista/marzo-abril-2014/enfrente-del-bar,Enfrente del bar,No,Marzo / Abril,2014,,Ivonne B.,McAllen,Texas,Recuerda el tiempo en que el falso orgullo le impedía conocer su enfermedad,No,Yes,"McAllen, Texas",
https://www.aalavina.org/revista/marzo-abril-2014/los-terrores-nocturnos,Los terrores nocturnos,No,Marzo / Abril,2014,,Carlos H.,Alburquerque,New México,,No,No,"Alburquerque, New México",
https://www.aalavina.org/revista/marzo-abril-2014/manipulador-manipulado,Manipulador manipulado,No,Marzo / Abril,2014,,R.,Madrid,,Sus relaciones afectivas cambiaron al dejar de beber y trabajar los Pasos,No,No,Madrid,
https://www.aalavina.org/revista/marzo-abril-2014/obsesiones,Obsesiones,No,Marzo / Abril,2014,,Isidro V.,San Diego,California,"El alcohol era su antigua tribuna, hoy en AA tiene una nueva",No,No,"San Diego, California",
https://www.aalavina.org/revista/marzo-abril-2014/relaciones-publicas,Relaciones públicas,No,Marzo / Abril,2014,,Julio I.,Wildomar,California,Comer y beber con los clientes era parte de su trabajo,No,No,"Wildomar, California",
https://www.aalavina.org/revista/marzo-abril-2014/con-un-six-pack-en-la-mente,Con un six pack en la mente,No,Marzo / Abril,2014,,Everado B.,New York,New York,Antes de su primera junta realiza una peligrosa trayectoria final,No,No,"New York, New York",
https://www.aalavina.org/revista/marzo-abril-2014/sorteo,Sorteo,No,Marzo / Abril,2014,,Víctor R.,Hempstead,New York,Escribe una reseña histórica de su grupo y recuerda cómo se eligió el nombre,No,No,"Hempstead, New York",
https://www.aalavina.org/revista/marzo-abril-2014/un-tema-delicado,Un tema delicado,No,Marzo / Abril,2014,,José J.,San José,California,Confirma que la práctica de nuestro programa le ayuda en todos sus asuntos,No,No,"San José, California",
https://www.aalavina.org/revista/marzo-abril-2014/carta-de-bienvenida,Carta de Bienvenida,No,Marzo / Abril,2014,,,,,,No,Unknown (no location in byline),,
https://www.aalavina.org/revista/enero-febrero-2014/pidiendo-ayuda,Pidiendo ayuda,No,Enero / Febrero,2014,,Joaquín G.,Alhambra,California,,No,No,"Alhambra, California",
https://www.aalavina.org/revista/enero-febrero-2014/ciento-por-ciento-espiritual,Ciento por ciento espiritual,No,Enero / Febrero,2014,,Lalo L.,San José,California,,No,No,"San José, California",
https://www.aalavina.org/revista/enero-febrero-2014/tema-de-discusion-para-reuniones,Tema de discusión para reuniones,No,Enero / Febrero,2014,,,,,,No,Unknown (no location in byline),,
https://www.aalavina.org/revista/enero-febrero-2014/fuera-de-foco,Fuera de foco,No,Enero / Febrero,2014,,Juan T.,Durham,North Carolina,El deseo de beber confundía su mente,No,No,"Durham, North Carolina",
https://www.aalavina.org/revista/enero-febrero-2014/nuevos-lugares-viejos-problemas,"Nuevos lugares, viejos problemas",No,Enero / Febrero,2014,,Leandro C.,Santa Ana,California,"Deseaba cambiar su vida, pero no sabía cómo",No,No,"Santa Ana, California",
https://www.aalavina.org/revista/enero-febrero-2014/traje-nuevo,Traje nuevo,No,Enero / Febrero,2014,,Antonio F.,Madrid,,El programa le queda a la medida,No,No,Madrid,
https://www.aalavina.org/revista/enero-febrero-2014/mi-cumpleanos-mi-aniversario,"Mi cumpleaños, mi aniversario",No,Enero / Febrero,2014,,Rosa O.,Stanton,California,Celebra su sobriedad y recuerda la última copa,No,No,"Stanton, California",
https://www.aalavina.org/revista/enero-febrero-2014/encontre-el-perdon,Encontré el perdón,No,Enero / Febrero,2014,,Kathy D.,Bell Gardens,California,"Bebiendo, descuidó a sus hijos, sobria recupera su dignidad",No,No,"Bell Gardens, California",
https://www.aalavina.org/revista/enero-febrero-2014/ausente,Ausente,No,Enero / Febrero,2014,,Jorge L.,El Monte,California,Su esposa y sus hijos sufrieron las consecuencias de su alcoholismo,No,No,"El Monte, California",
https://www.aalavina.org/revista/enero-febrero-2014/yo-un-alcoholico,"¿Yo, un alcohólico?",No,Enero / Febrero,2014,,Kaleb,Anaheim,California,Aceptar su impotencia ante el alcohol fue la parte más difícil,No,No,"Anaheim, California",
https://www.aalavina.org/revista/enero-febrero-2014/sin-foto-disponible,Sin foto disponible,No,Enero / Febrero,2014,,Anónimo,,,"Se pregunta qué es más importante, ¿el homenaje a un miembro fallecido o respetar las Tradiciones?",No,Unknown (no location in byline),,
https://www.aalavina.org/revista/enero-febrero-2014/golpes-mi-puerta,Golpes a mi puerta,No,Enero / Febrero,2014,,Carlos M.,Bakersfield,California,Una serie de eventos inesperados le permiten quedarse en AA,No,No,"Bakersfield, California",
https://www.aalavina.org/revista/enero-febrero-2014/completando-mi-alma,Completando mi alma,No,Enero / Febrero,2014,,Adriana C.,San José,California,Encuentra en AA la alegría que nunca tuvo,No,No,"San José, California",
https://www.aalavina.org/revista/enero-febrero-2014/miedos-y-secretos,Miedos y secretos,No,Enero / Febrero,2014,,Rafael R.,San José,California,"En el grupo pudo, por fin, hablar de lo que le atormentaba",No,No,"San José, California",
https://www.aalavina.org/revista/enero-febrero-2014/frente-al-mar,Frente al mar,No,Enero / Febrero,2014,,Miguel H.,San José,California,Se acerca a un poder más grande que él y empieza a creer,No,No,"San José, California",
https://www.aalavina.org/revista/enero-febrero-2014/noticias-de-aa,Noticias de AA,No,Enero / Febrero,2014,,,,,Se edita una edición conmemorativa de la primera edición,No,Unknown (no location in byline),,
https://www.aalavina.org/revista/enero-febrero-2014/puente-de-la-esperanza,Puente de la esperanza,No,Enero / Febrero,2014,,Gabriela D.,Chelan,Washington,Su última copa desencadena una derrota y el cambio,No,No,"Chelan, Washington",
https://www.aalavina.org/revista/enero-febrero-2014/inspirado,Inspirado,No,Enero / Febrero,2014,,Mario C.,San Antonio,Texas,Agradece los cambios y las oportunidades de la sobriedad,No,Yes,"San Antonio, Texas",
https://www.aalavina.org/revista/enero-febrero-2014/escribo-y-participo,Escribo y participo,No,Enero / Febrero,2014,,Enrique T.,Downey,California,Trabaja para que el programa siga y sirva a las generaciones que vienen,No,No,"Downey, California",
https://www.aalavina.org/revista/enero-febrero-2014/autoestima,Autoestima,No,Enero / Febrero,2014,,Margarita S.,Orange,California,"No pudo ser una buena madre, pero hoy tiene la oportunidad de ser mejor abuela",No,No,"Orange, California",
https://www.aalavina.org/revista/enero-febrero-2014/creciendo,Creciendo,No,Enero / Febrero,2014,,Martin N.,San Antonio,Texas,Poco a poco le ganan una batalla a la apatía,No,Yes,"San Antonio, Texas",
https://www.aalavina.org/revista/enero-febrero-2014/sillas-vacias,Sillas vacías,No,Enero / Febrero,2014,,Mauricio T.,Anaheim,California,Nos invita a participar y a pasar el mensaje,No,No,"Anaheim, California",
https://www.aalavina.org/revista/enero-febrero-2014/conocimiento,Conocimiento,No,Enero / Febrero,2014,,Eduardo P.,Watsonville,California,Practica los principios y se fortalece,No,No,"Watsonville, California",
https://www.aalavina.org/revista/enero-febrero-2014/desayuno-en-el-camino,Desayuno en el camino,No,Enero / Febrero,2014,,Anónimo,,,"Viajan, comparten y hacen servicio, a la manera de AA",No,Unknown (no location in byline),,
https://www.aalavina.org/revista/enero-febrero-2014/acerca-del-alcoholismo,Acerca del alcoholismo,No,Enero / Febrero,2014,,,,,"Aspectos médicos, legales y sociales del alcoholismo",No,Unknown (no location in byline),,
https://www.aalavina.org/revista/enero-febrero-2014/cartas-del-lector,Cartas del lector,No,Enero / Febrero,2014,,,,,,No,Unknown (no location in byline),,
https://www.aalavina.org/revista/enero-febrero-2014/carta-de-bienvenida,Carta de Bienvenida,No,Enero / Febrero,2014,,,,,,No,Unknown (no location in byline),,
https://www.aalavina.org/revista/noviembre-diciembre-2013/tema-de-discusion-para-reuniones,Tema de discusión para reuniones,No,Noviembre / Diciembre,2013,,,,,,No,Unknown (no location in byline),,
https://www.aalavina.org/revista/noviembre-diciembre-2013/noticias-de-aa,Noticias de AA,No,Noviembre / Diciembre,2013,,,,,Nuevos materiales para alcohólicos con necesidades especiales,No,Unknown (no location in byline),,
https://www.aalavina.org/revista/noviembre-diciembre-2013/recupera-la-fe,Recupera la fe,No,Noviembre / Diciembre,2013,,Patricia,Cathedral City,California,Descubre la vida después de un largo proceso de autodestrucción,No,No,"Cathedral City, California",
https://www.aalavina.org/revista/noviembre-diciembre-2013/lo-que-aprendi,Lo que aprendi,No,Noviembre / Diciembre,2013,,Agustín R.,San José,California,"Después de la recaída, reconoce la importancia de dejarse apoyar y guiar por los demás",No,No,"San José, California",
https://www.aalavina.org/revista/noviembre-diciembre-2013/cai-con-un-cerveza,Cai con un cerveza,No,Noviembre / Diciembre,2013,,Anónimo,,,,No,Unknown (no location in byline),,
https://www.aalavina.org/revista/noviembre-diciembre-2013/quise-volver,Quise volver,No,Noviembre / Diciembre,2013,,Beatriz,Chula Vista,California,"Para ser la mujer feliz que es hoy, tuvo que recaer muchas veces",No,No,"Chula Vista, California",
https://www.aalavina.org/revista/noviembre-diciembre-2013/infracciones,Infracciones,No,Noviembre / Diciembre,2013,,Cuco R.,Pasco,Washington,"Su vida cambió, aunque ahora le toca pagar el precio de sus recaídas",No,No,"Pasco, Washington",
https://www.aalavina.org/revista/noviembre-diciembre-2013/un-guerrero-con-causa,Un guerrero con causa,No,Noviembre / Diciembre,2013,,Anónimo,,,Pone sus defectos de carácter al servicio de mejores causas,No,Unknown (no location in byline),,
https://www.aalavina.org/revista/noviembre-diciembre-2013/contacto-consciente,Contacto consciente,No,Noviembre / Diciembre,2013,,Oscar M.,Medellín,,"En su recuperación, el cuerpo y el alma se unen en la práctica del Undécimo Paso",No,No,Medellín,
https://www.aalavina.org/revista/noviembre-diciembre-2013/arruine-la-fiesta,Arruiné la fiesta,No,Noviembre / Diciembre,2013,,Alberto L.,San José,California,Compara su última Navidad con las navidades actuales,No,No,"San José, California",
https://www.aalavina.org/revista/noviembre-diciembre-2013/celebrando-sin-alcohol,Celebrando sin alcohol,No,Noviembre / Diciembre,2013,,Luis G.,San José,California,Recuerda que las fiestas pueden ser una oportunidad para recordar con alegría,No,No,"San José, California",
https://www.aalavina.org/revista/noviembre-diciembre-2013/bendita-taza-de-cafe,¡Bendita taza de café!,No,Noviembre / Diciembre,2013,,Armando H.,Conroe,Texas,El mensaje de AA se manifiesta de una y mil maneras,No,Yes,"Conroe, Texas",
https://www.aalavina.org/revista/noviembre-diciembre-2013/haz-lo-que-nosotros-hacemos,"“Haz lo que nosotros hacemos""",No,Noviembre / Diciembre,2013,,Oscar R.,San José,California,"Su disposición al servicio, le permite ser un hombre sobrio",No,No,"San José, California",
https://www.aalavina.org/revista/noviembre-diciembre-2013/un-ano-de-prueba,Un año de prueba,No,Noviembre / Diciembre,2013,,Arnfulo V.,Morelos,,"Un satisfecho miembro de AA, explica cómo le funciona el programa",No,No,Morelos,
https://www.aalavina.org/revista/noviembre-diciembre-2013/el-amor-adulto,El amor adulto,No,Noviembre / Diciembre,2013,,Juan José C.,Madrid,,"Al dejar de beber, despierta a una nueva realidad",No,No,Madrid,
https://www.aalavina.org/revista/noviembre-diciembre-2013/debajo-de-los-puentes,Debajo de los puentes,No,Noviembre / Diciembre,2013,,Miguel S.,Los Ángeles,California,,No,No,"Los Ángeles, California",
https://www.aalavina.org/revista/noviembre-diciembre-2013/una-derrota-y-un-triunfo,Una derrota y un triunfo,No,Noviembre / Diciembre,2013,,Reyna G.,Orange,California,Acepta la ayuda de un Poder Superior y se entrega a una vida sin alcohol,No,No,"Orange, California",
https://www.aalavina.org/revista/noviembre-diciembre-2013/pasandola-bien,Pasándola bien,No,Noviembre / Diciembre,2013,,Luis A.,Delano,California,"Obtuvo esperanza y sobriedad, pero, sobre todo, la capacidad de disfrutar la vida",No,No,"Delano, California",
https://www.aalavina.org/revista/noviembre-diciembre-2013/cinco-estados-un-solo-objetivo,"Cinco estados, un solo objetivo",No,Noviembre / Diciembre,2013,,Anónimo,,,"Levantó su mano sin saber que el servicio lo llevaría lejos, de verdad",No,Unknown (no location in byline),,
https://www.aalavina.org/revista/noviembre-diciembre-2013/lapices-en-movimiento,Lápices en movimiento,No,Noviembre / Diciembre,2013,,Anónimo,,,"Sentado en un taller, observa a sus compañeros y se observa a sí mismo",No,Unknown (no location in byline),,
https://www.aalavina.org/revista/noviembre-diciembre-2013/no-mientas,¡No mientas!,No,Noviembre / Diciembre,2013,,Lalo A.,San Antonio,Texas,"Su padrino le pidió honestidad, sus compañeros también",No,Yes,"San Antonio, Texas",
https://www.aalavina.org/revista/noviembre-diciembre-2013/fuerza-y-sobriedad,Fuerza y sobriedad,No,Noviembre / Diciembre,2013,,Manuel P.,Gijón,,"Comprueba que la recuperación no es sólo espiritual, sino física",No,No,Gijón,
https://www.aalavina.org/revista/noviembre-diciembre-2013/partes-de-un-todo,Partes de un todo,No,Noviembre / Diciembre,2013,,"Juan M,",San José,California,Practica la rotación porque AA es para todos,No,No,"San José, California",
https://www.aalavina.org/revista/noviembre-diciembre-2013/cuando-el-miedo-acecha,Cuando el miedo acecha,No,Noviembre / Diciembre,2013,,José Z.,Guayaquil,,¿Cómo creamos la mejor atmósfera para el nuevo?,No,No,Guayaquil,
https://www.aalavina.org/revista/noviembre-diciembre-2013/carta-de-bienvenida,Carta de Bienvenida,No,Noviembre / Diciembre,2013,,,,,,No,Unknown (no location in byline),,
https://www.aalavina.org/revista/noviembre-diciembre-2013/cartas-del-lector,Cartas del lector,No,Noviembre / Diciembre,2013,,,,,,No,Unknown (no location in byline),,
https://www.aalavina.org/revista/noviembre-diciembre-2013/acerca-del-alcoholismo,Acerca del alcoholismo,No,Noviembre / Diciembre,2013,,,,,"Aspectos médicos, legales y sociales del alcoholismo",No,Unknown (no location in byline),,
https://www.aalavina.org/revista/septiembre-octubre-2013/tema-de-discusion-para-reuniones,Tema de discusión para reuniones,No,Septiembre / Octubre,2013,,,,,,No,Unknown (no location in byline),,
https://www.aalavina.org/revista/septiembre-octubre-2013/acerca-del-alcoholismo,Acerca del alcoholismo,No,Septiembre / Octubre,2013,,,,,"Aspectos médicos, legales y sociales del alcoholismo",No,Unknown (no location in byline),,
https://www.aalavina.org/revista/septiembre-octubre-2013/la-luz-de-las-velas,A la luz de las velas,No,Septiembre / Octubre,2013,,Miguel H.,San José,California,Rodeado de amor sabe que ya no tiene excusas para beber,No,No,"San José, California",
https://www.aalavina.org/revista/septiembre-octubre-2013/alas-de-mariposa,Alas de mariposa,No,Septiembre / Octubre,2013,,Fulton Oursler,,,Uno de nuestros primeros clase A explica por qué siente afecto por los miembros de AA,No,Unknown (no location in byline),,
https://www.aalavina.org/revista/septiembre-octubre-2013/bailando-sobria,Bailando sobria,No,Septiembre / Octubre,2013,,Irma C.,San José,California,En pocas 24 horas descubre que sí puede cambiar,No,No,"San José, California",
https://www.aalavina.org/revista/septiembre-octubre-2013/cartas-del-lector,Cartas del lector,No,Septiembre / Octubre,2013,,,,,,No,Unknown (no location in byline),,
https://www.aalavina.org/revista/septiembre-octubre-2013/con-los-amigos-de-la-calle,Con los amigos de la calle,No,Septiembre / Octubre,2013,,Fermín D.,Renton,Washington,Encuentra en AA lo que buscaba en una pandilla,No,No,"Renton, Washington",
https://www.aalavina.org/revista/septiembre-octubre-2013/cultivando-la-tolerancia,Cultivando la tolerancia,No,Septiembre / Octubre,2013,,Dr.Bob,Akron,Ohio,Sin cierto grado de tolerancia podemos actuar de manera un poco petulante o superior.,No,No,"Akron, Ohio",
https://www.aalavina.org/revista/septiembre-octubre-2013/carta-de-bienvenida,Carta de Bienvenida,No,Septiembre / Octubre,2013,,,,,,No,Unknown (no location in byline),,
https://www.aalavina.org/revista/septiembre-octubre-2013/en-busca-de-la-liberacion,En busca de la liberación,No,Septiembre / Octubre,2013,,Jesús R.,Bogotá,,En cada peldaño pone toda su voluntad para dejarse guiar,No,No,Bogotá,
https://www.aalavina.org/revista/septiembre-octubre-2013/expertos-de-yale,Expertos de Yale,No,Septiembre / Octubre,2013,,H. W. Haggard y E.M. Jellinek,New Haven,Connecticut,Este artículo escrito por los famosos doctores Jellinek y Haggard fue publicado en el primer número del Grapevine,No,No,"New Haven, Connecticut",
https://www.aalavina.org/revista/septiembre-octubre-2013/fui-y-no-bebi,Fui y no bebí,No,Septiembre / Octubre,2013,,Antonio A.,Pflugerville,Texas,"Un viaje doloroso e inesperado lo acerca a nuestro programa, aun más",No,Yes,"Pflugerville, Texas",
https://www.aalavina.org/revista/septiembre-octubre-2013/ganandole-la-tristeza,Ganándole a la tristeza,No,Septiembre / Octubre,2013,,Alfonso G.,Arlington,Texas,"Con la ayuda de su padrino, lucha por alcanzar la sobriedad emocional",No,Yes,"Arlington, Texas",
https://www.aalavina.org/revista/septiembre-octubre-2013/que-es-nuestro-grapevine-de-aa,¿Qué es nuestro Grapevine De AA?,No,Septiembre / Octubre,2013,,Bill W.,,New York,"Un texto de Bill W., que nos recuerda los orígenes de nuestra revista",No,No,New York,
https://www.aalavina.org/revista/septiembre-octubre-2013/la-cerveza-primero-la-familia-despues,"La cerveza primero, la familia después",No,Septiembre / Octubre,2013,,Ramiro A.,San Diego,California,Cuando bebía el dinero no alcanzaba,No,No,"San Diego, California",
https://www.aalavina.org/revista/septiembre-octubre-2013/las-emociones,¡Las emociones!,No,Septiembre / Octubre,2013,,Felipe H.,Pasco,Washington,"Lograr dejar de beber es una cosa, y otra es enfrentar los defectos de carácter",No,No,"Pasco, Washington",
https://www.aalavina.org/revista/septiembre-octubre-2013/mi-turno,Mi turno,No,Septiembre / Octubre,2013,,Ricardo C.,Dallas,Texas,Estaba convencido que seguiría el ciclo alcohólico de su familia,No,Yes,"Dallas, Texas",
https://www.aalavina.org/revista/septiembre-octubre-2013/noticias-de-aa,Noticias de AA,No,Septiembre / Octubre,2013,,,,,Nuestra solución en acción,No,Unknown (no location in byline),,
https://www.aalavina.org/revista/septiembre-octubre-2013/nuestra-reunion-impresa,Nuestra reunión impresa,No,Septiembre / Octubre,2013,,Geovanni D.,Brentwood,Nueva York,Habla acerca de su responsabilidad como hispano en AA,No,No,"Brentwood, Nueva York",
https://www.aalavina.org/revista/septiembre-octubre-2013/una-perspectiva-del-porvenir,Una perspectiva del porvenir,No,Septiembre / Octubre,2013,,Bill W.,,New York,"Las palabras de Bill W., escritas hace 69 años, siguen hoy vigentes",No,No,New York,
https://www.aalavina.org/revista/septiembre-octubre-2013/que-bonito-es-servir,¡Qué bonito es servir!,No,Septiembre / Octubre,2013,,Gilberto A.,San Juan Capistrano,California,Haciendo algo por los demás hace algo para sí mismo,No,No,"San Juan Capistrano, California",
https://www.aalavina.org/revista/septiembre-octubre-2013/esfuerzo-y-servicio,Esfuerzo y servicio,No,Septiembre / Octubre,2013,,Juan Carlos V.,Conference,California,,No,No,"Conference, California",
https://www.aalavina.org/revista/septiembre-octubre-2013/solo-en-la-multitud,Solo en la multitud,No,Septiembre / Octubre,2013,,Ramón B.,Madrid,,"Impotente ante el alcohol, la autocompasión era su único refugio",No,No,Madrid,
https://www.aalavina.org/revista/septiembre-octubre-2013/venta-de-cosas-usadas,Venta de cosas usadas,No,Septiembre / Octubre,2013,,Jesús M.,San Antonio,Texas,,No,Yes,"San Antonio, Texas",
https://www.aalavina.org/revista/julio-agosto-2013/tema-de-discusion-para-reuniones,Tema de discusión para reuniones,No,Julio / Agosto,2013,,,,,,No,Unknown (no location in byline),,
https://www.aalavina.org/revista/julio-agosto-2013/abriendo-un-grupo-donde-sea,"Abriendo un grupo, donde sea",No,Julio / Agosto,2013,,José,San José,California,¿Qué sucede cuando un AA tiene que ir a la cárcel?,No,No,"San José, California",
https://www.aalavina.org/revista/julio-agosto-2013/acerca-del-alcoholismo,Acerca del alcoholismo,No,Julio / Agosto,2013,,,,,"Aspectos médicos, legales y sociales del alcoholismo",No,Unknown (no location in byline),,
https://www.aalavina.org/revista/julio-agosto-2013/admitiendo-mi-persona,Admitiendo mi persona,No,Julio / Agosto,2013,,Ludivina O.,Palo Alto,California,Una alcohólica se da la oportunidad de empezar otra vez,No,No,"Palo Alto, California",
https://www.aalavina.org/revista/julio-agosto-2013/con-lagrimas-en-los-ojos,Con lágrimas en los ojos,No,Julio / Agosto,2013,,Agustín R.,San José,California,,No,No,"San José, California",
https://www.aalavina.org/revista/julio-agosto-2013/carta-de-bienvenida,Carta de Bienvenida,No,Julio / Agosto,2013,,,,,,No,Unknown (no location in byline),,
https://www.aalavina.org/revista/julio-agosto-2013/cartas-del-lector,Cartas del lector,No,Julio / Agosto,2013,,,,,,No,Unknown (no location in byline),,
https://www.aalavina.org/revista/julio-agosto-2013/un-compromiso-verdadero,Un compromiso verdadero,No,Julio / Agosto,2013,,Carlos M.,Bakersfield,California,Deja la prisión y encuentra su destino en AA,No,No,"Bakersfield, California",
https://www.aalavina.org/revista/julio-agosto-2013/desesperado,Desesperado,No,Julio / Agosto,2013,,José M.,San Antonio,Texas,Una sala de AA fue su último refugio,No,Yes,"San Antonio, Texas",
https://www.aalavina.org/revista/julio-agosto-2013/ebrio-al-volante,Ebrio al volante,No,Julio / Agosto,2013,,Francisco M.,Houston,Texas,La corte le recuerda su último problema,No,Yes,"Houston, Texas",
https://www.aalavina.org/revista/julio-agosto-2013/puerta-entreabierta,Puerta entreabierta,No,Julio / Agosto,2013,,Ezequiel D.,Van Nuys,California,"Llegó como un ladrón, hoy vive como un servidor",No,No,"Van Nuys, California",
https://www.aalavina.org/revista/julio-agosto-2013/el-final-de-mi-condena,El final de mi condena,No,Julio / Agosto,2013,,Heriberto M.,Salem,Oregon,"Gracias a las juntas en la cárcel, su vida adquiere otra dimensión",No,No,"Salem, Oregon",
https://www.aalavina.org/revista/julio-agosto-2013/el-valor-de-aceptar,El valor de aceptar,No,Julio / Agosto,2013,,Gustavo S.,San Antonio,Texas,"Por razones legales, regresa a su país de origen",No,Yes,"San Antonio, Texas",
https://www.aalavina.org/revista/julio-agosto-2013/en-nuestras-manos,En nuestras manos,No,Julio / Agosto,2013,,Jorge V.,Cañar,,Cree que no siempre interpretamos las Tradiciones correctamente,No,No,Cañar,
https://www.aalavina.org/revista/julio-agosto-2013/internada,Internada,No,Julio / Agosto,2013,,Erika O.,Lynwood,California,Leyendo La Viña encuentra fortaleza y sabiduría para seguir con su recuperación,No,No,"Lynwood, California",
https://www.aalavina.org/revista/julio-agosto-2013/la-luz-de-un-amanecer,La luz de un amanecer,No,Julio / Agosto,2013,,Eduardo C.,,Ontario,La claridad del despertar espiritual le llegó poco a poco,No,No,Ontario,
https://www.aalavina.org/revista/julio-agosto-2013/los-milagros-existen,Los milagros existen,No,Julio / Agosto,2013,,Nicasio C.,Atlanta,Georgia,Una historia triste con un final sorprendente: la recuperación de un alcohólico,No,No,"Atlanta, Georgia",
https://www.aalavina.org/revista/julio-agosto-2013/me-quieres,¿Me quieres?,No,Julio / Agosto,2013,,Oscar M.,San Diego,California,Un alcohólico confronta su realidad como padre,No,No,"San Diego, California",
https://www.aalavina.org/revista/julio-agosto-2013/mirando-el-ganado,Mirando el ganado,No,Julio / Agosto,2013,,Cristóbal G.,Houston,Texas,"Del campo a la ciudad, del sufrimiento a la sobriedad",No,Yes,"Houston, Texas",
https://www.aalavina.org/revista/julio-agosto-2013/noticias-de-aa,Noticias de AA,No,Julio / Agosto,2013,,,,,Video de AA en español,No,Unknown (no location in byline),,
https://www.aalavina.org/revista/julio-agosto-2013/si-soy-alcoholico,"Sí, soy alcohólico",No,Julio / Agosto,2013,,Inocencio S.,Keman,California,En cada miembro de la comunidad de AA está el salvavidas que necesita para seguir sobrio,No,No,"Keman, California",
https://www.aalavina.org/revista/julio-agosto-2013/tocando-los-suenos,Tocando los sueños,No,Julio / Agosto,2013,,Ramón R.,Kathmandu,Nepal,En cada uno de los Doce Pasos encuentra la clave para crecer,No,No,"Kathmandu, Nepal",
https://www.aalavina.org/revista/julio-agosto-2013/la-prision-del-egocentrismo,La prisión del egocentrismo,No,Julio / Agosto,2013,,Abraham G.,San Diego,California,,No,No,"San Diego, California",
https://www.aalavina.org/revista/julio-agosto-2013/una-copa-y-otra-mas,Una copa y otra más,No,Julio / Agosto,2013,,Fernando G.,San José,California,Un plan de 24 horas es la única solución para él,No,No,"San José, California",
https://www.aalavina.org/revista/julio-agosto-2013/una-cosa-maravillosa,Una cosa maravillosa,No,Julio / Agosto,2013,,Marissa W.,San José,California,Finalmente el instinto maternal triunfa sobre su deseo de beber,No,No,"San José, California",
https://www.aalavina.org/revista/julio-agosto-2013/una-vida-al-azar,Una vida al azar,No,Julio / Agosto,2013,,Oscar P.,Carson,California,Bebiendo frente a la ruleta pierde a la familia y todo su dinero,No,No,"Carson, California",
https://www.aalavina.org/revista/mayo-junio-2013/la-alegria-de-estar-entre-alcoholicos,La alegría de estar entre alcohólicos,No,Mayo / Junio,2013,,Gloria G.,Placencia,California,En su primera junta: un asado y camaradería,No,No,"Placencia, California",
https://www.aalavina.org/revista/mayo-junio-2013/tema-de-discusion-para-reuniones,Tema de discusión para reuniones,No,Mayo / Junio,2013,,,,,,No,Unknown (no location in byline),,
https://www.aalavina.org/revista/mayo-junio-2013/acerca-del-alcoholismo,Acerca del alcoholismo,No,Mayo / Junio,2013,,,,,"Aspectos médicos, legales y sociales del alcoholismo",No,Unknown (no location in byline),,
https://www.aalavina.org/revista/mayo-junio-2013/un-sargento-en-la-familia,Un sargento en la familia,No,Mayo / Junio,2013,,Santos Z.,Wichita,Kansas,Impuso la disciplina en casa pero la olvidó en su propia vida,No,No,"Wichita, Kansas",
https://www.aalavina.org/revista/mayo-junio-2013/tomo-notas-y-aprendo,Tomo notas y aprendo,No,Mayo / Junio,2013,,Leonardo C.,Santa Ana,California,"El servicio es una aventura, su sobriedad un regalo",No,No,"Santa Ana, California",
https://www.aalavina.org/revista/mayo-junio-2013/tan-enfermo-como-mis-secretos,Tan enfermo como mis secretos,No,Mayo / Junio,2013,,L.R.G.,San José,California,"Encuentra en nuestra comunidad, personas dispuestas a escuchar",No,No,"San José, California",
https://www.aalavina.org/revista/mayo-junio-2013/sin-vuelta-atras,Sin vuelta atrás,No,Mayo / Junio,2013,,Mari G.,San Antonio,Texas,Arrastraba el peso de su dependencia,No,Yes,"San Antonio, Texas",
https://www.aalavina.org/revista/mayo-junio-2013/sellando-la-unidad,Sellando la unidad,No,Mayo / Junio,2013,,Anónimo,,,Un pequeño incidente desata una tormenta en el grupo,No,Unknown (no location in byline),,
https://www.aalavina.org/revista/mayo-junio-2013/promesas-olvidadas,Promesas olvidadas,No,Mayo / Junio,2013,,German G.,Greeley,Colorado,En sobriedad puede reparar su conducta irresponsable,No,No,"Greeley, Colorado",
https://www.aalavina.org/revista/mayo-junio-2013/nuestra-literatura,Nuestra literatura,No,Mayo / Junio,2013,,Juan José C.,Madrid,,Pide que haya más reuniones de estudio,No,No,Madrid,
https://www.aalavina.org/revista/mayo-junio-2013/juventud-y-ganas,Juventud y ganas,No,Mayo / Junio,2013,,Selena G.,Cathedral City,California,Va a la escuela y participa de AA,No,No,"Cathedral City, California",
https://www.aalavina.org/revista/mayo-junio-2013/haciendo-cuentas,Haciendo cuentas,No,Mayo / Junio,2013,,,,,El análisis diario le permite vivir sin sobresaltos,No,Unknown (no location in byline),,
https://www.aalavina.org/revista/mayo-junio-2013/mi-granito-de-arena,Mi granito de arena,No,Mayo / Junio,2013,,César F.,Santa Ana,California,"Su amor por AA lo inspira, el servicio lo recupera",No,No,"Santa Ana, California",
https://www.aalavina.org/revista/mayo-junio-2013/la-felicidad-en-nuestras-manos,La felicidad en nuestras manos,No,Mayo / Junio,2013,,Raúl Ch.,Los Ángeles,California,"Al borde del divorcio, hace un esfuerzo por cambiar",No,No,"Los Ángeles, California",
https://www.aalavina.org/revista/mayo-junio-2013/el-sol-siempre-sale-por-las-mananas,El sol siempre sale por las mañanas,No,Mayo / Junio,2013,,Gaby A.,San José,California,"Triunfa sobre la ansiedad, un día a la vez",No,No,"San José, California",
https://www.aalavina.org/revista/mayo-junio-2013/donde-quiera-que-vaya,Donde quiera que vaya,No,Mayo / Junio,2013,,Armando F.,San José,California,Haciendo servicio su horizonte se extiende,No,No,"San José, California",
https://www.aalavina.org/revista/mayo-junio-2013/dieta-liquida,Dieta líquida,No,Mayo / Junio,2013,,Anónimo,,,"Perdió el apetito, pero siguió bebiendo",No,Unknown (no location in byline),,
https://www.aalavina.org/revista/mayo-junio-2013/desconcentrada,Desconcentrada,No,Mayo / Junio,2013,,Lucy A.,San José,California,En las paredes del grupo encuentra las palabras mágicas,No,No,"San José, California",
https://www.aalavina.org/revista/mayo-junio-2013/derrota-total,Derrota total,No,Mayo / Junio,2013,,Carlos,Houston,Texas,Hoy sigue las sugerencias y se da la oportunidad de ser feliz,No,Yes,"Houston, Texas",
https://www.aalavina.org/revista/mayo-junio-2013/en-la-pagina-86,En la página 86,No,Mayo / Junio,2013,,Consuelo,Commerce City,Colorado,,No,No,"Commerce City, Colorado",
https://www.aalavina.org/revista/mayo-junio-2013/cinco-minutos,Cinco minutos,No,Mayo / Junio,2013,,Raymundo L.,San José,California,Con plazos cortos logra metas duraderas,No,No,"San José, California",
https://www.aalavina.org/revista/mayo-junio-2013/cierra-una-puerta-y-abre-otra,Cierra una puerta y abre otra,No,Mayo / Junio,2013,,Misael C.,Queens,New York,Una pequeña decisión cambia su vida por completo,No,No,"Queens, New York",
https://www.aalavina.org/revista/mayo-junio-2013/cartas-del-lector,Cartas del lector,No,Mayo / Junio,2013,,,,,,No,Unknown (no location in byline),,
https://www.aalavina.org/revista/mayo-junio-2013/carta-de-bienvenida,Carta de Bienvenida,No,Mayo / Junio,2013,,,,,,No,Unknown (no location in byline),,
https://www.aalavina.org/revista/mayo-junio-2013/aprendi-decir-que-no,Aprendí a decir que no,No,Mayo / Junio,2013,,Rogelio C.,Los Ángeles,California,Descubre que sí se puede dejar de beber,No,No,"Los Ángeles, California",
https://www.aalavina.org/revista/mayo-junio-2013/aunque-llueve-o-truene-no-bebemos,"Aunque llueve o truene, no bebemos",No,Mayo / Junio,2013,,René V.,San Pablo,California,"Experimentó el dolor más grande, en sobriedad",No,No,"San Pablo, California",
https://www.aalavina.org/revista/marzo-abril-2013/tema-de-discusion-para-reuniones,Tema de discusión para reuniones,No,Marzo / Abril,2013,,,,,,No,Unknown (no location in byline),,
https://www.aalavina.org/revista/marzo-abril-2013/cartas-del-lector,Cartas del lector,No,Marzo / Abril,2013,,,,,,No,Unknown (no location in byline),,
https://www.aalavina.org/revista/marzo-abril-2013/batalla-campal,Batalla campal,No,Marzo / Abril,2013,,Eulalio G.,San Ángelo,Texas,En la tribuna practicaba la ofensa y sufría las consecuencias,No,Yes,"San Ángelo, Texas",
https://www.aalavina.org/revista/marzo-abril-2013/veces-tengo-que-callar,A veces tengo que callar,No,Marzo / Abril,2013,,Anónimo,,,,No,Unknown (no location in byline),,
https://www.aalavina.org/revista/marzo-abril-2013/gritar-en-silencio,Gritar en silencio,No,Marzo / Abril,2013,,Suzi M.,San Antonio,Texas,Encuentra la fortaleza para compartir con honestidad su derrota,No,Yes,"San Antonio, Texas",
https://www.aalavina.org/revista/marzo-abril-2013/impacto-anonimo,Impacto anónimo,No,Marzo / Abril,2013,,Teodoro M.,Orange,California,"A veces, sin darnos cuenta, llevamos la felicidad a otros",No,No,"Orange, California",
https://www.aalavina.org/revista/marzo-abril-2013/un-lujo-que-no-puedo-darme,“Un lujo que no puedo darme”,No,Marzo / Abril,2013,,Leandro C.,Santa Ana,California,El resentimento se desvance y se transforma en amor,No,No,"Santa Ana, California",
https://www.aalavina.org/revista/marzo-abril-2013/una-despedida-serena,Una despedida serena,No,Marzo / Abril,2013,,Tomas R.,San Antonio,Texas,Las acciones del Noveno Paso le permiten vivir en paz,No,Yes,"San Antonio, Texas",
https://www.aalavina.org/revista/marzo-abril-2013/decision-oportuna,Decisión oportuna,No,Marzo / Abril,2013,,Dagoberto A.,Austin,Texas,,No,Yes,"Austin, Texas",
https://www.aalavina.org/revista/marzo-abril-2013/con-el-diablo-en-el-cuerpo,Con el diablo en el cuerpo,No,Marzo / Abril,2013,,Julio,Madrid,,Vivía bajo las órdenes de su peor enemigo,No,No,Madrid,
https://www.aalavina.org/revista/marzo-abril-2013/dejando-la-ninez-atras,Dejando la niñez atrás,No,Marzo / Abril,2013,,Maria Isabel,North Hollywood,California,,No,No,"North Hollywood, California",
https://www.aalavina.org/revista/marzo-abril-2013/de-anoche-no-me-acuerdo,De anoche no me acuerdo,No,Marzo / Abril,2013,,Carlos M.,Salt Lake City,Utah,Recuerda un insólito episodio de su actividad alcohólica,No,No,"Salt Lake City, Utah",
https://www.aalavina.org/revista/marzo-abril-2013/estoy-vivo-y-quiero-vivir,Estoy vivo y quiero vivir,No,Marzo / Abril,2013,,Carlos P.,Sleepy Hollow,Nueva York,Parar de beber no es su único logro,No,No,"Sleepy Hollow, Nueva York",
https://www.aalavina.org/revista/marzo-abril-2013/un-abrazo-emocionado,Un abrazo emocionado,No,Marzo / Abril,2013,,Julio César P.,San José,California,Su mujer y los Alcohólicos Anónimos lo esperaban en el grupo,No,No,"San José, California",
https://www.aalavina.org/revista/marzo-abril-2013/la-sombra-de-un-arbol-torcido,A la sombra de un árbol torcido,No,Marzo / Abril,2013,,Wilfredo G.,Houston,Texas,"Hijo de un alcohólico, creció imitando a su padre",No,Yes,"Houston, Texas",
https://www.aalavina.org/revista/marzo-abril-2013/huellas-oficiales,Huellas oficiales,No,Marzo / Abril,2013,,Armando E.,Orange,California,Sus acciones están en los archivos policiales,No,No,"Orange, California",
https://www.aalavina.org/revista/marzo-abril-2013/en-california-sobria-y-contenta,"En California, sobria y contenta",No,Marzo / Abril,2013,,Nancy M.,Milpitas,California,Cambió su rutina de alcohol y miedo por una vida llena de entusiasmo,No,No,"Milpitas, California",
https://www.aalavina.org/revista/marzo-abril-2013/tierra-firme,Tierra firme,No,Marzo / Abril,2013,,Óscar M.,Medellín,,"Hemos sido rescatados de un naufragio, ahora nos toca vivir",No,No,Medellín,
https://www.aalavina.org/revista/marzo-abril-2013/buscando-unos-tragos,Buscando unos tragos,No,Marzo / Abril,2013,,Thelma T.,Los Ángeles,California,"Había una fiesta, pero sin cervezas",No,No,"Los Ángeles, California",
https://www.aalavina.org/revista/marzo-abril-2013/una-oferta-peligrosa,Una oferta peligrosa,No,Marzo / Abril,2013,,Violeta C.,San Diego,California,Quiso salir de problemas económicos y encontró un problema mayor,No,No,"San Diego, California",
https://www.aalavina.org/revista/marzo-abril-2013/como-se-hace-un-taller,¿Cómo se hace un taller?,No,Marzo / Abril,2013,,Filomeno A.,Staton,California,"Organizar un evento no es fácil, pero se aprende",No,No,"Staton, California",
https://www.aalavina.org/revista/marzo-abril-2013/en-ingles-o-en-espanol,En inglés o en español,No,Marzo / Abril,2013,,Miguel H.,San José,California,Acepta las tareas del servicio y salva su vida,No,No,"San José, California",
https://www.aalavina.org/revista/marzo-abril-2013/un-cafe-bien-caliente,Un café bien caliente,No,Marzo / Abril,2013,,Francisco S.P.,Gijón,,Recuerda sus primeros servicios,No,No,Gijón,
https://www.aalavina.org/revista/marzo-abril-2013/acerca-del-alcoholismo,Acerca del alcoholismo,No,Marzo / Abril,2013,,,,,"Aspectos médicos, legales y sociales del alcoholismo",No,Unknown (no location in byline),,
https://www.aalavina.org/revista/marzo-abril-2013/carta-de-bienvenida,Carta de Bienvenida,No,Marzo / Abril,2013,,,,,,No,Unknown (no location in byline),,
https://www.aalavina.org/revista/marzo-abril-2013/indice,Indice,No,Marzo / Abril,2013,,,,,,No,Unknown (no location in byline),,
https://www.aalavina.org/revista/enero-febrero-2013/un-dia-mas-sin-beber,Un día más sin beber,No,Enero / Febrero,2013,,Simón A.,Bakersfield,California,"Parecía que nadie podría ayudarle,que su caso era un “caso perdido”",No,No,"Bakersfield, California",
https://www.aalavina.org/revista/enero-febrero-2013/la-solucion-diaria,La solución diaria,No,Enero / Febrero,2013,,Cristóbal J.,San Juan Capistrano,California,,No,No,"San Juan Capistrano, California",
https://www.aalavina.org/revista/enero-febrero-2013/recuerdos-de-ese-primer-ano,Recuerdos de ese primer año,No,Enero / Febrero,2013,,Ana Lorena A.,Huntington,Nueva York,Llegó sin esperanza y el grupo la rodeó de amor,No,No,"Huntington, Nueva York",
https://www.aalavina.org/revista/enero-febrero-2013/reconoce-su-problema,Reconoce su problema,No,Enero / Febrero,2013,,Pedro P.L.,Los Ángeles,California,,No,No,"Los Ángeles, California",
https://www.aalavina.org/revista/enero-febrero-2013/donde-te-llevo,¿A dónde te llevo?,No,Enero / Febrero,2013,,Carlos C.,,California,Necesitaba más ayuda de lo que imaginaba,No,No,California,
https://www.aalavina.org/revista/enero-febrero-2013/una-mujer-ingobernable,Una mujer ingobernable,No,Enero / Febrero,2013,,Claribel G.,Delano,California,La derrota fue clave en su transformación,No,No,"Delano, California",
https://www.aalavina.org/revista/enero-febrero-2013/lecciones-del-alfarero,Lecciones del alfarero,No,Enero / Febrero,2013,,Luis F.,,,"Todo lo que hemos sido es útil, si queremos que así sea",No,Unknown (no location in byline),,
https://www.aalavina.org/revista/enero-febrero-2013/orgulloso-receloso-y-soberbio,"Orgulloso, receloso y soberbio",No,Enero / Febrero,2013,,Antonio,Gijón,,Aplicando las Tradiciones aprende a ser humilde,No,No,Gijón,
https://www.aalavina.org/revista/enero-febrero-2013/mi-amante-mi-esposa-mi-sobriedad,"Mi amante, mi esposa, mi sobriedad",No,Enero / Febrero,2013,,Cupertino P.,Las Vegas,Nevada,El obstáculo más grande se convierte en una oportunidad para aceptar y crecer,No,No,"Las Vegas, Nevada",
https://www.aalavina.org/revista/enero-febrero-2013/el-vago-aquel,“El vago aquel”,No,Enero / Febrero,2013,,Arturo C.,Toronto,Ontario,Atado al alcohol olvidó cómo se llamaba,No,No,"Toronto, Ontario",
https://www.aalavina.org/revista/enero-febrero-2013/poco-poco-se-va-lejos,Poco a poco se va lejos,No,Enero / Febrero,2013,,David A.,Staten Island,New York,"Usó el alcohol como calmante y antidepresivo, hoy su cura está en nuestros principios",No,No,"Staten Island, New York",
https://www.aalavina.org/revista/enero-febrero-2013/desposeido,Desposeído,No,Enero / Febrero,2013,,Gilberto,San Juan,California,"Ayer sentía que no tenía nada, hoy tiene una nueva vida",No,No,"San Juan, California",
https://www.aalavina.org/revista/enero-febrero-2013/donde-esta-la-fiesta,¿Dónde está la fiesta?,No,Enero / Febrero,2013,,Raúl V.,San Fernando,California,"Todo estaba listo para pasarla bien, excepto por un pequeño detalle",No,No,"San Fernando, California",
https://www.aalavina.org/revista/enero-febrero-2013/nunca-me-mientas,Nunca me mientas,No,Enero / Febrero,2013,,Lalo A.,San Antonio,Texas,,No,Yes,"San Antonio, Texas",
https://www.aalavina.org/revista/enero-febrero-2013/escrito-en-san-francisco,Escrito en San Francisco,No,Enero / Febrero,2013,,Nancy M.,Milpitas,California,Comparte la emoción de participar en servicio y salvar su vida,No,No,"Milpitas, California",
https://www.aalavina.org/revista/enero-febrero-2013/testigos-silenciosos,Testigos silenciosos,No,Enero / Febrero,2013,,Eva C.H.,San Antonio,Texas,,No,Yes,"San Antonio, Texas",
https://www.aalavina.org/revista/enero-febrero-2013/una-familia-disfuncional,Una familia disfuncional,No,Enero / Febrero,2013,,Pedro Z.,Aurora,California,No quería beber como sus padres,No,No,"Aurora, California",
https://www.aalavina.org/revista/enero-febrero-2013/llevando-el-mensaje-las-carceles,Llevando el mensaje a las cárceles,No,Enero / Febrero,2013,,Erasmo M.,Glenwood Springs,Colorado,Su agradecimiento es acción y compromiso en compartir su experiencia,No,No,"Glenwood Springs, Colorado",
https://www.aalavina.org/revista/enero-febrero-2013/ni-con-el-son-de-la-marimba,Ni con el son de la marimba,No,Enero / Febrero,2013,,René M.,Sanford,North Carolina,"Después de varias décadas sobrio, no logra explicarse cómo llegó al grupo",No,No,"Sanford, North Carolina",
https://www.aalavina.org/revista/enero-febrero-2013/los-peldanos-de-mi-salvacion,Los peldaños de mi salvación,No,Enero / Febrero,2013,,Nuria,Gijón,,Minutos antes de su primera junta tuvo miedo,No,No,Gijón,
https://www.aalavina.org/revista/enero-febrero-2013/venciendo-la-timidez,Venciendo la timidez,No,Enero / Febrero,2013,,Roberto Q.,Las Vegas,Nevada,Descubre las múltiples facetas del cambio,No,No,"Las Vegas, Nevada",
https://www.aalavina.org/revista/enero-febrero-2013/carta-de-bienvenida,Carta de Bienvenida,No,Enero / Febrero,2013,,,,,,No,Unknown (no location in byline),,
https://www.aalavina.org/revista/enero-febrero-2013/cartas-del-lector,Cartas del lector,No,Enero / Febrero,2013,,,,,,No,Unknown (no location in byline),,
https://www.aalavina.org/revista/enero-febrero-2013/acerca-del-alcoholismo,Acerca del alcoholismo,No,Enero / Febrero,2013,,,,,"Aspectos médicos, legales y sociales del alcoholismo",No,Unknown (no location in byline),,
https://www.aalavina.org/revista/enero-febrero-2013/indice-de-enerofebrero-2013,Índice de Enero/Febrero 2013,No,Enero / Febrero,2013,,,,,,No,Unknown (no location in byline),,
https://www.aalavina.org/revista/noviembre-diciembre-2012/tema-de-discusion-para-reuniones,Tema de discusión para reuniones,No,Noviembre / Diciembre,2012,,,,,,No,Unknown (no location in byline),,
https://www.aalavina.org/revista/noviembre-diciembre-2012/acerca-del-alcoholismo,Acerca del alcoholismo,No,Noviembre / Diciembre,2012,,,,,"Aspectos médicos, legales y sociales del alcoholismo",No,Unknown (no location in byline),,
https://www.aalavina.org/revista/noviembre-diciembre-2012/carta-del-lector,Carta del lector,No,Noviembre / Diciembre,2012,,,,,,No,Unknown (no location in byline),,
https://www.aalavina.org/revista/noviembre-diciembre-2012/expulsado,Expulsado,No,Noviembre / Diciembre,2012,,Salvador P.,Canyon City,California,La botella de alcohol acabó con su futuro en la medicina,No,No,"Canyon City, California",
https://www.aalavina.org/revista/noviembre-diciembre-2012/emociones-malsanas,Emociones malsanas,No,Noviembre / Diciembre,2012,,Anónimo,,,,No,Unknown (no location in byline),,
https://www.aalavina.org/revista/noviembre-diciembre-2012/esto-es-lo-maximo,Esto es lo máximo,No,Noviembre / Diciembre,2012,,Héctor O.G.,Veracruz,,"Cumple 40 años sobrio, rodeado de buenos recuerdos y satisfacciones",No,No,Veracruz,
https://www.aalavina.org/revista/noviembre-diciembre-2012/al-alcance-de-cualquiera,Al alcance de cualquiera,No,Noviembre / Diciembre,2012,,Juan Carlos P.,Mission Hill,California,El servicio le proporciona amor propio,No,No,"Mission Hill, California",
https://www.aalavina.org/revista/noviembre-diciembre-2012/asustado,Asustado,No,Noviembre / Diciembre,2012,,Julio A.,Austin,Texas,Pensó que nunca tendría el valor de abordar la tribuna,No,Yes,"Austin, Texas",
https://www.aalavina.org/revista/noviembre-diciembre-2012/bebiendo-en-el-camino,Bebiendo en el camino,No,Noviembre / Diciembre,2012,,J.L.C.,Westchester,New York,En el primer año de sobriedad visita a su familia,No,No,"Westchester, New York",
https://www.aalavina.org/revista/noviembre-diciembre-2012/bocadillos-y-unidad,Bocadillos y unidad,No,Noviembre / Diciembre,2012,,Ronal D.,Seaside,California,Unas juntas-talleres donde el compañerismo es el principal invitado,No,No,"Seaside, California",
https://www.aalavina.org/revista/noviembre-diciembre-2012/crezco-con-el-grupo,Crezco con el grupo,No,Noviembre / Diciembre,2012,,Stephania,Anaheim,California,Recibe con paciencia y gratitud el amor de los compañeros,No,No,"Anaheim, California",
https://www.aalavina.org/revista/noviembre-diciembre-2012/disciplina-espiritual,Disciplina espiritual,No,Noviembre / Diciembre,2012,,Marcos,,,En el Paso Once explora los diversos caminos de la espiritualidad,No,Unknown (no location in byline),,
https://www.aalavina.org/revista/noviembre-diciembre-2012/empezando,Empezando,No,Noviembre / Diciembre,2012,,Juan H.,Lamont,California,Lleva poco tiempo pero ya disfruta de los cambios,No,No,"Lamont, California",
https://www.aalavina.org/revista/noviembre-diciembre-2012/por-estas-24-horas,Por estas 24 horas,No,Noviembre / Diciembre,2012,,Cruz R.,San Diego,California,Insatisfecho con su vida reconoce que los problemas empezaban por el alcohol,No,No,"San Diego, California",
https://www.aalavina.org/revista/noviembre-diciembre-2012/un-matrimonio-especial,Un matrimonio especial,No,Noviembre / Diciembre,2012,,Teodoro M.,Orange,California,"Bajo los efectos de una borrachera seca, la realidad supera la ficción",No,No,"Orange, California",
https://www.aalavina.org/revista/noviembre-diciembre-2012/nunca-mas-navidades-tristes,Nunca más navidades tristes,No,Noviembre / Diciembre,2012,,Héctor M.,Querétaro,,Creer en un Poder Superior lo aleja del alcohol y de la depresión clínica,No,No,Querétaro,
https://www.aalavina.org/revista/noviembre-diciembre-2012/el-mundo-no-cambia-nosotros-si,"El mundo no cambia, nosotros sí",No,Noviembre / Diciembre,2012,,Crispín P.,San José,California,Con un abrazo rompen el anonimato y vencen las barreras que los separan,No,No,"San José, California",
https://www.aalavina.org/revista/noviembre-diciembre-2012/con-las-manos-vacias,Con las manos vacías,No,Noviembre / Diciembre,2012,,Ramón S.,San Antonio,Texas,,No,Yes,"San Antonio, Texas",
https://www.aalavina.org/revista/noviembre-diciembre-2012/aa-en-purepecha,AA en Purépecha,No,Noviembre / Diciembre,2012,,Gabriela A.,San José,California,Nunca imaginó las bellas sorpresas que le aguardaban en su tierra natal,No,No,"San José, California",
https://www.aalavina.org/revista/noviembre-diciembre-2012/volvi-con-mucha-verguenza,Volví con mucha vergüenza,No,Noviembre / Diciembre,2012,,Gabino V.,Austin,Texas,"Después de cruzar muchas veces la frontera, pide ayuda en los grupos de su pueblo",No,Yes,"Austin, Texas",
https://www.aalavina.org/revista/noviembre-diciembre-2012/viviendo-en-sociedad,Viviendo en sociedad,No,Noviembre / Diciembre,2012,,,,,Su actitud como ciudadano ha cambiado gracias al servicio y a la confianza en un Poder Superior,No,Unknown (no location in byline),,
https://www.aalavina.org/revista/noviembre-diciembre-2012/carta-de-bienvenida,Carta de Bienvenida,No,Noviembre / Diciembre,2012,,,,,,No,Unknown (no location in byline),,
https://www.aalavina.org/revista/septiembre-octubre-2012/tema-de-discusion-para-reuniones,Tema de discusión para reuniones,No,Septiembre / Octubre,2012,,,,,,No,Unknown (no location in byline),,
https://www.aalavina.org/revista/septiembre-octubre-2012/acerca-del-alcoholismo,Acerca del alcoholismo,No,Septiembre / Octubre,2012,,,,,"Aspectos médicos, legales y sociales del alcoholismo",No,Unknown (no location in byline),,
https://www.aalavina.org/revista/septiembre-octubre-2012/cartas-del-lector,Cartas del lector,No,Septiembre / Octubre,2012,,,,,,No,Unknown (no location in byline),,
https://www.aalavina.org/revista/septiembre-octubre-2012/vidas-paralelas,Vidas paralelas,No,Septiembre / Octubre,2012,,Ricardo E.M.,Warwick,New York,"De día era un consejero sobrio, de noche servía tragos",No,No,"Warwick, New York",
https://www.aalavina.org/revista/septiembre-octubre-2012/astucia-professional,Astucia professional,No,Septiembre / Octubre,2012,,Samuel H.,Brooklyn,New York,Conocía todos los trucos para beber en su lugar de trabajo,No,No,"Brooklyn, New York",
https://www.aalavina.org/revista/septiembre-octubre-2012/memorias-de-un-barman,Memorias de un barman,No,Septiembre / Octubre,2012,,José F.R.,,Distrito Federal,Cae en la tentación de ser infiel con una compañera de trabajo,No,No,Distrito Federal,
https://www.aalavina.org/revista/septiembre-octubre-2012/la-canasta,La canasta,No,Septiembre / Octubre,2012,,Jorge G.,La Habra,California,,No,No,"La Habra, California",
https://www.aalavina.org/revista/septiembre-octubre-2012/despues-del-trabajo,Después del trabajo,No,Septiembre / Octubre,2012,,Ernesto E.,Oxnard,California,"Lavando copas en un bar, hace contacto con el alcohol por primera vez",No,No,"Oxnard, California",
https://www.aalavina.org/revista/septiembre-octubre-2012/mi-poder-superior,Mi poder superior,No,Septiembre / Octubre,2012,,Ignacio G.,Anaheim,California,Se dio cuenta de que no necesitaba seguir peleando,No,No,"Anaheim, California",
https://www.aalavina.org/revista/septiembre-octubre-2012/dos-en-uno,Dos en uno,No,Septiembre / Octubre,2012,,J.S.,Los Ángeles,California,El programa de AA le ayuda en otros aspectos de su vida,No,No,"Los Ángeles, California",
https://www.aalavina.org/revista/septiembre-octubre-2012/un-amigo-verdadero,Un amigo verdadero,No,Septiembre / Octubre,2012,,Oscar,San Antonio,Texas,"Ayer era un compañero de borracheras, hoy es compañero en AA",No,Yes,"San Antonio, Texas",
https://www.aalavina.org/revista/septiembre-octubre-2012/formula-fatal,Fórmula fatal,No,Septiembre / Octubre,2012,,Alejandro C.R.,Kennewic,Washington,Una peligrosa dosis de alcohol y violencia casi lo lleva a la locura,No,No,"Kennewic, Washington",
https://www.aalavina.org/revista/septiembre-octubre-2012/el-mundo-que-yo-construi,El mundo que yo construí,No,Septiembre / Octubre,2012,,José M.,Queens,New York,,No,No,"Queens, New York",
https://www.aalavina.org/revista/septiembre-octubre-2012/album-familiar,Álbum familiar,No,Septiembre / Octubre,2012,,Abelardo C.,Orange,California,Descubre su problema y empieza a vivir en libertad,No,No,"Orange, California",
https://www.aalavina.org/revista/septiembre-octubre-2012/yo-tambien-puedo,Yo también puedo,No,Septiembre / Octubre,2012,,Suzi M.,San Antonio,Texas,Su experiencia como mujer dentro de AA no ha sido fácil,No,Yes,"San Antonio, Texas",
https://www.aalavina.org/revista/septiembre-octubre-2012/no-soy-la-unica,No soy la única,No,Septiembre / Octubre,2012,,Lote G.,Hillsboro,Oregon,"Trabajando para ayudar al que llega, supera el temor y la vergüenza",No,No,"Hillsboro, Oregon",
https://www.aalavina.org/revista/septiembre-octubre-2012/mi-comunidad,Mi comunidad,No,Septiembre / Octubre,2012,,Mery,La Paz,,"En tiempos difíciles, el grupo le dio fuerza y apoyo",No,No,La Paz,
https://www.aalavina.org/revista/septiembre-octubre-2012/atrapada-en-la-enfermedad,Atrapada en la enfermedad,No,Septiembre / Octubre,2012,,María De Jesús L.,San José,California,A los dieciséis años su vida tiene un nuevo horizonte,No,No,"San José, California",
https://www.aalavina.org/revista/septiembre-octubre-2012/su-problema-es-nuestro,"""Su problema es nuestro""",No,Septiembre / Octubre,2012,,Anónimo,,,Recuerda y agradece a aquellos que le mostraron el camino de AA,No,Unknown (no location in byline),,
https://www.aalavina.org/revista/septiembre-octubre-2012/sigue-viniendo,"""Sigue viniendo""",No,Septiembre / Octubre,2012,,Herbert J.,Bakersfield,California,,No,No,"Bakersfield, California",
https://www.aalavina.org/revista/septiembre-octubre-2012/una-evidencia,Una evidencia,No,Septiembre / Octubre,2012,,Anónimo,,,Pensó que su Poder Superior lo había olvidado,No,Unknown (no location in byline),,
https://www.aalavina.org/revista/septiembre-octubre-2012/celebrando-mi-vida,Celebrando mi vida,No,Septiembre / Octubre,2012,,Rosario,Queens,New York,,No,No,"Queens, New York",
https://www.aalavina.org/revista/septiembre-octubre-2012/viajando-sola,Viajando sola,No,Septiembre / Octubre,2012,,Anónimo,,,Un desencuentro con su padrino le recuerda que su sobriedad emocional esta primero,No,Unknown (no location in byline),,
https://www.aalavina.org/revista/septiembre-octubre-2012/tu-traes-la-llave,Tú traes la llave,No,Septiembre / Octubre,2012,,Teófilo R.,Durango,,Comparte una anécdota acerca de cómo el programa funciona si él lo desea,No,No,Durango,
https://www.aalavina.org/revista/septiembre-octubre-2012/carta-de-bienvenida,Carta de Bienvenida,No,Septiembre / Octubre,2012,,,,,,No,Unknown (no location in byline),,
https://www.aalavina.org/revista/julio-agosto-2012/tema-de-discusion-para-reuniones,Tema de discusión para reuniones,No,Julio / Agosto,2012,,,,,,No,Unknown (no location in byline),,
https://www.aalavina.org/revista/julio-agosto-2012/acerca-del-alcoholismo,Acerca del alcoholismo,No,Julio / Agosto,2012,,,,,"Aspectos médicos, legales y sociales del alcoholismo",No,Unknown (no location in byline),,
https://www.aalavina.org/revista/julio-agosto-2012/recuerdos-de-akron,Recuerdos de Akron,No,Julio / Agosto,2012,,Tomás G.,Falls Church,Virginia,Visita junto a su esposa la casa del Dr. Bob,No,No,"Falls Church, Virginia",
https://www.aalavina.org/revista/julio-agosto-2012/quiero-cambiar,Quiero cambiar,No,Julio / Agosto,2012,,Edgar R.,Long Island,New York,,No,No,"Long Island, New York",
https://www.aalavina.org/revista/julio-agosto-2012/que-alivio,¡Qué alivio!,No,Julio / Agosto,2012,,Chago R.,Lomas Verde,Puerto Rico,Con el Cuarto Paso puede aceptar la realidad y vivir tranquilo,No,No,"Lomas Verde, Puerto Rico",
https://www.aalavina.org/revista/julio-agosto-2012/carta-de-bienvenida,Carta de Bienvenida,No,Julio / Agosto,2012,,,,,,No,Unknown (no location in byline),,
https://www.aalavina.org/revista/julio-agosto-2012/cartas-del-lector,Cartas del lector,No,Julio / Agosto,2012,,,,,,No,Unknown (no location in byline),,
https://www.aalavina.org/revista/julio-agosto-2012/se-como-te-sientes,"""Sé cómo te sientes""",No,Julio / Agosto,2012,,Lucila R.,Oaxaca,,Experimenta la inmensa alegría de transmitir el mensaje,No,No,Oaxaca,
https://www.aalavina.org/revista/julio-agosto-2012/no-soy-un-prisionero-sino-un-convicto,"No soy un prisionero, sino un convicto",No,Julio / Agosto,2012,,Eugenio P.,Soledad,California,Hoy tiene la capacidad de hacer lo mejor para sí mismo y los demás,No,No,"Soledad, California",
https://www.aalavina.org/revista/julio-agosto-2012/una-decision-correcta,Una decisión correcta,No,Julio / Agosto,2012,,Juan M.,Austin,Texas,Un examen de alcoholemia lo puso en el camino a la solución,No,Yes,"Austin, Texas",
https://www.aalavina.org/revista/julio-agosto-2012/no-son-ellos-soy-yo,"No son ellos, soy yo",No,Julio / Agosto,2012,,Paloma A.,Brownsville,Texas,"Pase lo que pase, no bebe",No,Yes,"Brownsville, Texas",
https://www.aalavina.org/revista/julio-agosto-2012/un-evento-inolvidable,Un evento inolvidable,No,Julio / Agosto,2012,,José M.,Santa Ana,California,Recuerda su experiencia en el 15to Aniversario de La Viña,No,No,"Santa Ana, California",
https://www.aalavina.org/revista/julio-agosto-2012/quien-eres-tu,¿Quién eres tú?,No,Julio / Agosto,2012,,Limarí C.,Arecibo,Puerto Rico,,No,No,"Arecibo, Puerto Rico",
https://www.aalavina.org/revista/julio-agosto-2012/extraviado,Extraviado,No,Julio / Agosto,2012,,Oscar P.,Houston,Texas,Encuentra la ayuda y le devuelve a su madre la sonrisa,No,Yes,"Houston, Texas",
https://www.aalavina.org/revista/julio-agosto-2012/un-fondo-caro,Un fondo caro,No,Julio / Agosto,2012,,Fernando V.,San Antonio,Texas,Su tercer DWI lo dejó en la bancarrota moral y económica,No,Yes,"San Antonio, Texas",
https://www.aalavina.org/revista/julio-agosto-2012/como-iniciar-un-taller,¿Cómo iniciar un taller?,No,Julio / Agosto,2012,,Tacho E.,San Antonio,Texas,,No,Yes,"San Antonio, Texas",
https://www.aalavina.org/revista/julio-agosto-2012/libre,Libre,No,Julio / Agosto,2012,,Juan R.,Ontario,Oregon,"Sin salir de su celda, recupera el amor por la vida y la autoestima",No,No,"Ontario, Oregon",
https://www.aalavina.org/revista/julio-agosto-2012/la-lucha-continua,La lucha continúa,No,Julio / Agosto,2012,,José M.,Délano,California,Un compañero de celda lo invita a conocer nuestro programa,No,No,"Délano, California",
https://www.aalavina.org/revista/julio-agosto-2012/la-belleza-de-aprender,La belleza de aprender,No,Julio / Agosto,2012,,Herberito M.,Ontario,Oregon,,No,No,"Ontario, Oregon",
https://www.aalavina.org/revista/julio-agosto-2012/instinto-maternal,Instinto maternal,No,Julio / Agosto,2012,,Tereza,Stockton,California,Alcoholismo y recuperación pasan de madre a hija,No,No,"Stockton, California",
https://www.aalavina.org/revista/julio-agosto-2012/meditacion,Meditación,No,Julio / Agosto,2012,,Sheila O.B.,La Paz,,Aprende a meditar y se conecta con su Poder Superior,No,No,La Paz,
https://www.aalavina.org/revista/julio-agosto-2012/otra-oportunidad,Otra oportunidad,No,Julio / Agosto,2012,,Sonia E.,San José,California,La puerta estaba abierta para su regreso,No,No,"San José, California",
https://www.aalavina.org/revista/julio-agosto-2012/las-ovejas-negras,Las ovejas negras,No,Julio / Agosto,2012,,Anónimo,,,Sus camaradas de bebetoria se unen a la comunidad de AA,No,Unknown (no location in byline),,
https://www.aalavina.org/revista/julio-agosto-2012/un-refugio-en-la-oscuridad,Un refugio en la oscuridad,No,Julio / Agosto,2012,,José S.,Pecos,Texas,Nace un grupo dentro de la cárcel,No,Yes,"Pecos, Texas",
https://www.aalavina.org/revista/julio-agosto-2012/15-meses,15 Meses,No,Julio / Agosto,2012,,Herberto M.,Ontario,Oregon,,No,No,"Ontario, Oregon",
https://www.aalavina.org/revista/julio-agosto-2012/resentimientos,Resentimientos,No,Julio / Agosto,2012,,José L.R.,Guayaquil,,Escribe sobre la importancia del perdón en la vida de los alcohólicos que se recuperan,No,No,Guayaquil,
https://www.aalavina.org/revista/julio-agosto-2012/la-venganza,La venganza,No,Julio / Agosto,2012,,Anónimo,,,Termina en la cárcel por haber robado a su propia hermana,No,Unknown (no location in byline),,
https://www.aalavina.org/revista/mayo-junio-2012/tema-de-discusion-para-reuniones,Tema de discusión para reuniones,No,Mayo / Junio,2012,,,,,,No,Unknown (no location in byline),,
https://www.aalavina.org/revista/mayo-junio-2012/acerca-del-alcoholismo,Acerca del alcoholismo,No,Mayo / Junio,2012,,,,,"Aspectos médicos, legales y sociales del alcoholismo",No,Unknown (no location in byline),,
https://www.aalavina.org/revista/mayo-junio-2012/un-asiento-vacio,Un asiento vacío,No,Mayo / Junio,2012,,Esteban S.,San José,,"Su padre no pudo mantenerse sobrio, ¿cómo podía él?",No,No,San José,
https://www.aalavina.org/revista/mayo-junio-2012/la-bienvenida,La bienvenida,No,Mayo / Junio,2012,,Carmen H.,San Diego,California,Evoca con cariño ese primer aplauso,No,No,"San Diego, California",
https://www.aalavina.org/revista/mayo-junio-2012/de-california-utah,De California a Utah,No,Mayo / Junio,2012,,Carlos M.,Salt Lake City,Utah,Participando se asegura de estar siempre unido al grupo,No,No,"Salt Lake City, Utah",
https://www.aalavina.org/revista/mayo-junio-2012/mas-cantinas-que-tiendas,Más cantinas que tiendas,No,Mayo / Junio,2012,,Víctor R.,Conroe,Texas,Se emborrachaba hasta quedar inconsciente,No,Yes,"Conroe, Texas",
https://www.aalavina.org/revista/mayo-junio-2012/los-beneficios-de-mi-sobriedad,Los beneficios de mi sobriedad,No,Mayo / Junio,2012,,Humberto O.,Conroe,Texas,,No,Yes,"Conroe, Texas",
https://www.aalavina.org/revista/mayo-junio-2012/cartas-del-lector,Cartas del lector,No,Mayo / Junio,2012,,,,,,No,Unknown (no location in byline),,
https://www.aalavina.org/revista/mayo-junio-2012/en-la-cocina,En la cocina,No,Mayo / Junio,2012,,Luis G.,San Jose,California,Un despertar espiritual cortando vegetales y lavando platos,No,No,"San Jose, California",
https://www.aalavina.org/revista/mayo-junio-2012/local-pequeno-corazon-grande,"Local pequeño, corazón grande",No,Mayo / Junio,2012,,Luis A.,New Rochelle,New York,Empezaron hace siete años en un apartamento,No,No,"New Rochelle, New York",
https://www.aalavina.org/revista/mayo-junio-2012/carta-de-bienvenida,Carta de Bienvenida,No,Mayo / Junio,2012,,,,,,No,Unknown (no location in byline),,
https://www.aalavina.org/revista/mayo-junio-2012/enviado-por-el-juez,Enviado por el juez,No,Mayo / Junio,2012,,Milton R.,Austin,Texas,Con la ayuda de otros alcohólicos puso fin a su sufrimiento,No,Yes,"Austin, Texas",
https://www.aalavina.org/revista/mayo-junio-2012/mi-experiencia-un-tesoro,"Mi experiencia, un tesoro",No,Mayo / Junio,2012,,Socorro L.,San José,California,,No,No,"San José, California",
https://www.aalavina.org/revista/mayo-junio-2012/felipe,Felipe,No,Mayo / Junio,2012,,Anónimo,Garden Grove,California,Antes de morir salva la vida a otro alcohólico,No,No,"Garden Grove, California",
https://www.aalavina.org/revista/mayo-junio-2012/un-milagro,Un milagro,No,Mayo / Junio,2012,,Alvaro A.,Houston,Texas,,No,Yes,"Houston, Texas",
https://www.aalavina.org/revista/mayo-junio-2012/el-libro-grande,El libro grande,No,Mayo / Junio,2012,,Guillermo A.,San Juan,,Disfruta de la lectura y fortalece su sobriedad,No,No,San Juan,
https://www.aalavina.org/revista/mayo-junio-2012/segundo-paso,Segundo paso,No,Mayo / Junio,2012,,Anónimo,Phoenix,Arizona,Sabe seguir los Pasos sugeridamente,No,No,"Phoenix, Arizona",
https://www.aalavina.org/revista/mayo-junio-2012/borrachera-seca,Borrachera seca,No,Mayo / Junio,2012,,Martin S.,North Hollywood,California,,No,No,"North Hollywood, California",
https://www.aalavina.org/revista/mayo-junio-2012/ser-aceptado,Ser aceptado,No,Mayo / Junio,2012,,Raúl V.,San Fernando,California,Encuentra un lugar reservado para mentes complicadas y vidas traumadas,No,No,"San Fernando, California",
https://www.aalavina.org/revista/mayo-junio-2012/solo-por-hoy,Sólo por hoy,No,Mayo / Junio,2012,,J.G.,Baytown,Texas,El servicio le da felicidad y optimismo,No,Yes,"Baytown, Texas",
https://www.aalavina.org/revista/mayo-junio-2012/todo-lo-que-tengo,Todo lo que tengo,No,Mayo / Junio,2012,,Graciela,Thousand Palms,California,Asiste a una convención y exprime su bolsillo con gusto,No,No,"Thousand Palms, California",
https://www.aalavina.org/revista/mayo-junio-2012/unidad-de-san-antonio,Unidad de San Antonio,No,Mayo / Junio,2012,,Anónimo,San Antonio,Texas,Desde hace 39 años sirven a la comunidad alcohólica hispana,No,Yes,"San Antonio, Texas",
https://www.aalavina.org/revista/mayo-junio-2012/vida-o-muerte,Vida o muerte,No,Mayo / Junio,2012,,Francisco D.,Thousand Palms,California,"El alcohol le quitó la vista, en AA recupera su vida",No,No,"Thousand Palms, California",
https://www.aalavina.org/revista/mayo-junio-2012/reganadientes,A regañadientes,No,Mayo / Junio,2012,,Raúl C.,Los Angeles,California,,No,No,"Los Angeles, California",
https://www.aalavina.org/revista/mayo-junio-2012/el-grupo-gijon,El grupo Gijón,No,Mayo / Junio,2012,,F.S.,Gijón,,"Antes de tener un local, se reunían bajo los portales de una calle",No,No,Gijón,
https://www.aalavina.org/revista/mayo-junio-2012/historia-del-grupo-primer-paso,Historia del grupo Primer Paso,No,Mayo / Junio,2012,,F.S.,Gijón,,,No,No,Gijón,
https://www.aalavina.org/revista/mayo-junio-2012/historia-del-grupo-claridad,Historia del grupo Claridad,No,Mayo / Junio,2012,,F.S.,Gijón,,,No,No,Gijón,
https://www.aalavina.org/revista/marzo-abril-2012/aroma-de-cafe,Aroma de café,No,Marzo / Abril,2012,,Anónimo,Milpitas,California,El amor del grupo entra por el olfato,No,No,"Milpitas, California",
https://www.aalavina.org/revista/marzo-abril-2012/tema-de-discusion-para-reuniones,Tema de discusión para reuniones,No,Marzo / Abril,2012,,,,,,No,Unknown (no location in byline),,
https://www.aalavina.org/revista/marzo-abril-2012/acerca-del-alcoholismo,Acerca del alcoholismo,No,Marzo / Abril,2012,,,,,"Aspectos médicos, legales y sociales del alcoholismo",No,Unknown (no location in byline),,
https://www.aalavina.org/revista/marzo-abril-2012/bailando-sin-parar,Bailando sin parar,No,Marzo / Abril,2012,,Kaleb,Anaheim,California,"Pierde el miedo al ridículo, un paso a la vez",No,No,"Anaheim, California",
https://www.aalavina.org/revista/marzo-abril-2012/confusion-amorosa,Confusión amorosa,No,Marzo / Abril,2012,,Eduardo P.,Watsonville,California,,No,No,"Watsonville, California",
https://www.aalavina.org/revista/marzo-abril-2012/companera-y-madre,Compañera y madre,No,Marzo / Abril,2012,,Bertha M.,Manhattan,New York,Solucionando los problemas familiares,No,No,"Manhattan, New York",
https://www.aalavina.org/revista/marzo-abril-2012/cartas-del-lector,Cartas del lector,No,Marzo / Abril,2012,,,,,,No,Unknown (no location in byline),,
https://www.aalavina.org/revista/marzo-abril-2012/el-cuarto-paso-es-privado,El Cuarto Paso es privado,No,Marzo / Abril,2012,,Irma C.,San Antonio,Texas,Desea reafirmar los principios básicos,No,Yes,"San Antonio, Texas",
https://www.aalavina.org/revista/marzo-abril-2012/carta-de-bienvenida,Carta de Bienvenida,No,Marzo / Abril,2012,,,,,,No,Unknown (no location in byline),,
https://www.aalavina.org/revista/marzo-abril-2012/abandone-la-escuela,Abandoné la escuela,No,Marzo / Abril,2012,,Anónimo,Houston,Texas,Afortunadamente su vida activa fue breve,No,Yes,"Houston, Texas",
https://www.aalavina.org/revista/marzo-abril-2012/en-un-mar-de-alcohol,En un mar de alcohol,No,Marzo / Abril,2012,,Esteban C.,Austin,Texas,,No,Yes,"Austin, Texas",
https://www.aalavina.org/revista/marzo-abril-2012/evidencias,Evidencias,No,Marzo / Abril,2012,,Anónimo,Austin,Texas,¿Cuántos incidentes necesitaba para reconocer la obsesión?,No,Yes,"Austin, Texas",
https://www.aalavina.org/revista/marzo-abril-2012/de-grupo-en-grupo,De grupo en grupo,No,Marzo / Abril,2012,,Ovidio L.,Houston,Texas,Llegó sin esperanza de quedarse,No,Yes,"Houston, Texas",
https://www.aalavina.org/revista/marzo-abril-2012/juntos-pero-no-revueltos,Juntos pero no revueltos,No,Marzo / Abril,2012,,Nancy M.,Milpitas,California,Encuentran armonía en AA y en el apadrinamiento,No,No,"Milpitas, California",
https://www.aalavina.org/revista/marzo-abril-2012/al-que-madruga,Al que madruga,No,Marzo / Abril,2012,,Axel M.,Milpitas,California,Un menor de edad cuenta su historia,No,No,"Milpitas, California",
https://www.aalavina.org/revista/marzo-abril-2012/siga-la-corriente,Siga la corriente,No,Marzo / Abril,2012,,Fernando C.,Austin,Texas,,No,Yes,"Austin, Texas",
https://www.aalavina.org/revista/marzo-abril-2012/el-mensajero,El mensajero,No,Marzo / Abril,2012,,Angel C.,Bakersfield,California,,No,No,"Bakersfield, California",
https://www.aalavina.org/revista/marzo-abril-2012/millas-de-sobriedad,Millas de sobriedad,No,Marzo / Abril,2012,,Virginia N.,Bakersfield,California,Perfecciona el arte de terminar lo que empieza,No,No,"Bakersfield, California",
https://www.aalavina.org/revista/marzo-abril-2012/belicoso,Belicoso,No,Marzo / Abril,2012,,Juan H.,Houston,Texas,Su obsesión por la bebida comenzó en la niñez,No,Yes,"Houston, Texas",
https://www.aalavina.org/revista/marzo-abril-2012/el-retrato-de-un-nino,El retrato de un niño,No,Marzo / Abril,2012,,Fredie D.,San José,California,Antes de cumplir la mayoría de edad su cuerpo reflejaba los estragos del alcohol,No,No,"San José, California",
https://www.aalavina.org/revista/marzo-abril-2012/nuestras-historias,Nuestras historias,No,Marzo / Abril,2012,,Cachorro L.,Palmdale,California,Reflexionando acerca del servicio y las emociones,No,No,"Palmdale, California",
https://www.aalavina.org/revista/marzo-abril-2012/primer-paso,Primer Paso,No,Marzo / Abril,2012,,Jesús G.,Los Angeles,California,Admitimos que éramos impotentes ante el alcohol; que nuestras vidas se habían vuelto ingobernables,No,No,"Los Angeles, California",
https://www.aalavina.org/revista/marzo-abril-2012/los-pasos-y-el-grupo,Los Pasos y el grupo,No,Marzo / Abril,2012,,Antonio P.,Oxnard,California,,No,No,"Oxnard, California",
https://www.aalavina.org/revista/marzo-abril-2012/el-saber-y-el-sabor,El saber y el sabor,No,Marzo / Abril,2012,,Raymundo L.,Las Vegas,Nevada,La euforia de sus discursos en la tribuna le duraba muy poco,No,No,"Las Vegas, Nevada",
https://www.aalavina.org/revista/marzo-abril-2012/salto-la-vida,Salto a la vida,No,Marzo / Abril,2012,,Reyes L.,San Diego,California,Se dio una oportunidad para ser feliz,No,No,"San Diego, California",
https://www.aalavina.org/revista/marzo-abril-2012/las-satisfacciones-de-mi-sobriedad,Las satisfacciones de mi sobriedad,No,Marzo / Abril,2012,,Luis Raúl H.,Arecibo,Puerto Rico,Un antiguo servidor hace su inventario,No,No,"Arecibo, Puerto Rico",
https://www.aalavina.org/revista/marzo-abril-2012/tormenta-en-el-hogar,Tormenta en el hogar,No,Marzo / Abril,2012,,José M.,Lynwood,California,Enfrenta una crisis matrimonial aferrado a los principios espirituales,No,No,"Lynwood, California",
https://www.aalavina.org/revista/marzo-abril-2012/primera-tradicion,Primera Tradición,No,Marzo / Abril,2012,,Pepe L.,Puertollano,Castilla – La Mancha,Nuestro bienestar común debe tener la preferencia; la recuperación personal depende de la unidad de AA,No,No,"Puertollano, Castilla – La Mancha",
https://www.aalavina.org/revista/marzo-abril-2012/ese-trago,Ese trago,No,Marzo / Abril,2012,,César G.,,,Su objetivo diario es dejar de beber,No,Unknown (no location in byline),,
https://www.aalavina.org/revista/marzo-abril-2012/sin-cadenas,Sin cadenas,No,Marzo / Abril,2012,,Marcial G.,Houston,Texas,,No,Yes,"Houston, Texas",
https://www.aalavina.org/revista/enero-febrero-2012/acerca-del-alcoholismo,Acerca del alcoholismo,No,Enero / Febrero,2012,,,,,"Aspectos médicos, legales y sociales del alcoholismo",No,Unknown (no location in byline),,
https://www.aalavina.org/revista/enero-febrero-2012/acerca-del-paso-once,Acerca del Paso Once . . .,No,Enero / Febrero,2012,,C.B.,Greenwich Village,Nueva York,,No,No,"Greenwich Village, Nueva York",
https://www.aalavina.org/revista/enero-febrero-2012/amor-adulto,Amor adulto,No,Enero / Febrero,2012,,Anónimo,Madrid,,"En AA hablamos de libertad y amor, ¿cómo ponemos en práctica esos conceptos?",No,No,Madrid,
https://www.aalavina.org/revista/enero-febrero-2012/cambiar-o-morir,Cambiar o morir,No,Enero / Febrero,2012,,Gilberto V.,Guaynabo,,¿Cómo logramos los cambios? Un alcohólico nos da su receta.,No,No,Guaynabo,
https://www.aalavina.org/revista/enero-febrero-2012/con-el-sol-de-hoy,Con el sol de hoy,No,Enero / Febrero,2012,,Juan Antonio R.,San Juan,,Usando los pasos para cambiar poco a poco y disfrutar el proceso,No,No,San Juan,
https://www.aalavina.org/revista/enero-febrero-2012/cartas-del-lector,Cartas del lector,No,Enero / Febrero,2012,,,,,,No,Unknown (no location in byline),,
https://www.aalavina.org/revista/enero-febrero-2012/de-una-semilla-nace-la-fruta,De una semilla nace la fruta,No,Enero / Febrero,2012,,Héctor O.,Veracruz,,¿Es posible que un borracho deje de beber?,No,No,Veracruz,
https://www.aalavina.org/revista/enero-febrero-2012/echandole-ganas,Echándole ganas,No,Enero / Febrero,2012,,Guadalupe D.,San José,California,Un servidor de La Viña cuenta cómo hace su trabajo,No,No,"San José, California",
https://www.aalavina.org/revista/enero-febrero-2012/carta-de-bienvenida,Carta de Bienvenida,No,Enero / Febrero,2012,,,,,,No,Unknown (no location in byline),,
https://www.aalavina.org/revista/enero-febrero-2012/empezar-vivir,Empezar a vivir,No,Enero / Febrero,2012,,Salvador O.,Vernon Hills,Illinois,En la oscuridad de la duda encuentra una señal para seguir viviendo,No,No,"Vernon Hills, Illinois",
https://www.aalavina.org/revista/enero-febrero-2012/en-el-campo-o-en-la-ciudad,En el campo o en la ciudad,No,Enero / Febrero,2012,,Moisés A.,San Diego,California,Recuerda sus inicios alcohólicos y cómo encontró a AA,No,No,"San Diego, California",
https://www.aalavina.org/revista/enero-febrero-2012/en-esto-estamos-todos-juntos,En esto estamos todos juntos,No,Enero / Febrero,2012,,Anónimo,Ponca City,Oklahoma,,No,No,"Ponca City, Oklahoma",
https://www.aalavina.org/revista/enero-febrero-2012/en-todos-nuestros-asuntos,En todos nuestros asuntos,No,Enero / Febrero,2012,,H.W.,Westport,Connecticut,,No,No,"Westport, Connecticut",
https://www.aalavina.org/revista/enero-febrero-2012/tema-de-discusion-para-reuniones,Tema de discusión para reuniones,No,Enero / Febrero,2012,,Robert L. S.,,,¿Son importantes los Pasos en tu recuperación?,No,Unknown (no location in byline),,
https://www.aalavina.org/revista/enero-febrero-2012/entusiasmo,Entusiasmo,No,Enero / Febrero,2012,,José G. P.,Houston,Texas,Hay jóvenes viejos y hay viejos jóvenes,No,Yes,"Houston, Texas",
https://www.aalavina.org/revista/enero-febrero-2012/nochebuena,Nochebuena,No,Enero / Febrero,2012,,Abelardo O.,McHenry,Illinois,Sin las reuniones hoy no habría cena navideña junto a los suyos,No,No,"McHenry, Illinois",
https://www.aalavina.org/revista/enero-febrero-2012/afortunado,Afortunado,No,Enero / Febrero,2012,,Horacio S.,Buda,Texas,,No,Yes,"Buda, Texas",
https://www.aalavina.org/revista/enero-febrero-2012/nuestro-mensaje-en-alaska,Nuestro mensaje en Alaska,No,Enero / Febrero,2012,,Fernando B.,North Hollywood,California,Descubre que ayudando a otros se ayuda a sí mismo,No,No,"North Hollywood, California",
https://www.aalavina.org/revista/enero-febrero-2012/parejas-disparejas,Parejas disparejas,No,Enero / Febrero,2012,,Erika R.,Costa Mesa,California,¿Por qué en cada matrimonio se repetía la misma escena?,No,No,"Costa Mesa, California",
https://www.aalavina.org/revista/enero-febrero-2012/violencia,Violencia,No,Enero / Febrero,2012,,Mónicia. L.,La Paz,Bolivia,,No,No,"La Paz, Bolivia",
https://www.aalavina.org/revista/enero-febrero-2012/un-jinete-sobrio,Un jinete sobrio,No,Enero / Febrero,2012,,Ismael R.,Santa Ana,California,"Practicó el deporte y el alcoholismo, hoy practica la sobriedad",No,No,"Santa Ana, California",
https://www.aalavina.org/revista/enero-febrero-2012/senales,Señales,No,Enero / Febrero,2012,,David A.,La Paz,,Hoy está convencido que su Poder Superior estaba ahí para ayudarle,No,No,La Paz,
https://www.aalavina.org/revista/noviembre-diciembre-2011/tema-de-discusion-para-reuniones,Tema de discusión para reuniones,No,Noviembre / Diciembre,2011,,,,,,No,Unknown (no location in byline),,
https://www.aalavina.org/revista/noviembre-diciembre-2011/descubriendo-la-felicidad,Descubriendo la felicidad,No,Noviembre / Diciembre,2011,,Diego D.,Cliffside Park,New Jersey,"Culpaba a la vida, hoy disfruta de una nueva oportunidad para ser feliz",No,No,"Cliffside Park, New Jersey",
https://www.aalavina.org/revista/noviembre-diciembre-2011/una-noche-maravillosa,Una noche maravillosa,No,Noviembre / Diciembre,2011,,Teodoro M.,Orange,California,En un paseo junto a su esposa se da cuenta que el pasado queda atrás,No,No,"Orange, California",
https://www.aalavina.org/revista/noviembre-diciembre-2011/comprometidos,Comprometidos,No,Noviembre / Diciembre,2011,,Filomeno A.,Stanton,California,Una relación de pareja nace entre dos compañeros del grupo,No,No,"Stanton, California",
https://www.aalavina.org/revista/noviembre-diciembre-2011/acerca-del-decimo-paso,Acerca del Décimo Paso,No,Noviembre / Diciembre,2011,,,,,,No,Unknown (no location in byline),,
https://www.aalavina.org/revista/noviembre-diciembre-2011/pongan-el-cafe,¡Pongan el café!,No,Noviembre / Diciembre,2011,,Lisa R.,Aberdeen,Dakota del Sur,,No,No,"Aberdeen, Dakota del Sur",
https://www.aalavina.org/revista/noviembre-diciembre-2011/dias-de-mala-suerte,Días de mala suerte,No,Noviembre / Diciembre,2011,,Prudencio H.,San Fernando,California,A veces su vida le parecía perfecta,No,No,"San Fernando, California",
https://www.aalavina.org/revista/noviembre-diciembre-2011/en-recuperacion,En recuperación,No,Noviembre / Diciembre,2011,,José M.,San Diego,California,,No,No,"San Diego, California",
https://www.aalavina.org/revista/noviembre-diciembre-2011/en-la-puerta-de-mi-casa,En la puerta de mi casa,No,Noviembre / Diciembre,2011,,Román R.,San José,California,A punto de salir para siempre encuentra la entrada a una vida mejor,No,No,"San José, California",
https://www.aalavina.org/revista/noviembre-diciembre-2011/un-puente-de-comprension,Un puente de comprensión,No,Noviembre / Diciembre,2011,,José M.,Houston,Texas,En los grupos encontró la fortaleza necesaria para estar sobrio,No,Yes,"Houston, Texas",
https://www.aalavina.org/revista/noviembre-diciembre-2011/expulsado,Expulsado,No,Noviembre / Diciembre,2011,,Carlos G.,Commerce City,Colorado,Casi alcanza la gloria en las canchas,No,No,"Commerce City, Colorado",
https://www.aalavina.org/revista/noviembre-diciembre-2011/sedienta-de-amor,Sedienta de amor,No,Noviembre / Diciembre,2011,,Ross,San Diego,California,Cuenta cómo los Pasos la ayudaron a recuperar el autoestima,No,No,"San Diego, California",
https://www.aalavina.org/revista/noviembre-diciembre-2011/toda-la-noche,Toda la noche,No,Noviembre / Diciembre,2011,,Pedro A.,Desert Hot Springs,California,Los primeros tragos fueron al ritmo de la música,No,No,"Desert Hot Springs, California",
https://www.aalavina.org/revista/noviembre-diciembre-2011/mensaje-impreso,Mensaje impreso,No,Noviembre / Diciembre,2011,,Misael C.,Queens Village,New York,Encuentra la esperanza y la recuperación en un libro,No,No,"Queens Village, New York",
https://www.aalavina.org/revista/noviembre-diciembre-2011/tierra-fertil,Tierra fértil,No,Noviembre / Diciembre,2011,,Armando H.,Houston,Texas,Un servidor observa con satisfacción los frutos de su trabajo,No,Yes,"Houston, Texas",
https://www.aalavina.org/revista/noviembre-diciembre-2011/386-dias,386 días,No,Noviembre / Diciembre,2011,,Francisco C.,Las Vegas,Nevada,"El alivio de estar sobrio cada día, un día a la vez",No,No,"Las Vegas, Nevada",
https://www.aalavina.org/revista/noviembre-diciembre-2011/ultimatum,Ultimátum,No,Noviembre / Diciembre,2011,,Liliana L.,Houston,Texas,Conducía su vida y automóviles con unos tragos de más,No,Yes,"Houston, Texas",
https://www.aalavina.org/revista/noviembre-diciembre-2011/panico-en-el-parque,Pánico en el parque,No,Noviembre / Diciembre,2011,,Efraín A.,Houston,Texas,Aquellos días de intenso miedo y soledad quedaron atrás,No,Yes,"Houston, Texas",
https://www.aalavina.org/revista/noviembre-diciembre-2011/como-un-camaleon,Como un camaleón,No,Noviembre / Diciembre,2011,,Efraín D.,San Antonio,Texas,En el espejo se reflejaban los resultados,No,Yes,"San Antonio, Texas",
https://www.aalavina.org/revista/noviembre-diciembre-2011/acerca-del-alcoholismo,Acerca del alcoholismo,No,Noviembre / Diciembre,2011,,,,,"Aspectos médicos, legales y sociales del alcoholismo",No,Unknown (no location in byline),,
https://www.aalavina.org/revista/noviembre-diciembre-2011/cartas-del-lector,Cartas del lector,No,Noviembre / Diciembre,2011,,,,,,No,Unknown (no location in byline),,
https://www.aalavina.org/revista/noviembre-diciembre-2011/carta-de-bienvenida,Carta de Bienvenida,No,Noviembre / Diciembre,2011,,,,,,No,Unknown (no location in byline),,
https://www.aalavina.org/revista/septiembre-octubre-2011/de-mal-en-peor,De mal en peor,No,Septiembre / Octubre,2011,,Alfred M.,Austin,Texas,,No,Yes,"Austin, Texas",
https://www.aalavina.org/revista/septiembre-octubre-2011/sin-control,Sin control,No,Septiembre / Octubre,2011,,Isidro V.,San Diego,California,,No,No,"San Diego, California",
https://www.aalavina.org/revista/septiembre-octubre-2011/por-mi-hija,Por mi hija,No,Septiembre / Octubre,2011,,Martin P.,La Paz,,,No,No,La Paz,
https://www.aalavina.org/revista/septiembre-octubre-2011/limpiando-el-alma,Limpiando el alma,No,Septiembre / Octubre,2011,,David M.,Los Ángeles,California,,No,No,"Los Ángeles, California",
https://www.aalavina.org/revista/septiembre-octubre-2011/tema-de-discusion-para-reuniones,Tema de discusión para reuniones,No,Septiembre / Octubre,2011,,,,,,No,Unknown (no location in byline),,
https://www.aalavina.org/revista/septiembre-octubre-2011/mi-marido-es-un-alcoholico-yo-no,"Mi marido es un alcohólico, yo no",No,Septiembre / Octubre,2011,,Mayka L.,Barcelona,,Dos bebedores se casan para continuar la fiesta,No,No,Barcelona,
https://www.aalavina.org/revista/septiembre-octubre-2011/cordero-y-esclavo,Cordero y esclavo,No,Septiembre / Octubre,2011,,Luis F.,,,¿Qué sucede cuando un miembro de la relación conyugal es alcohólico?,No,Unknown (no location in byline),,
https://www.aalavina.org/revista/septiembre-octubre-2011/seduccion-fatal,Seducción fatal,No,Septiembre / Octubre,2011,,Fermín A.D.,Arlington,Virginia,Trató de enamorar a una mujer con tragos y recayó,No,No,"Arlington, Virginia",
https://www.aalavina.org/revista/septiembre-octubre-2011/amores-que-matan,Amores que matan,No,Septiembre / Octubre,2011,,Liza M.,Lamont,California,"Entre ellos sólo había alcohol, locura y violencia",No,No,"Lamont, California",
https://www.aalavina.org/revista/septiembre-octubre-2011/derrotado,Derrotado,No,Septiembre / Octubre,2011,,Martin M.,San José,California,Regresó del coma a buscar su botella,No,No,"San José, California",
https://www.aalavina.org/revista/septiembre-octubre-2011/remendar-el-pasado,Remendar el pasado,No,Septiembre / Octubre,2011,,Mark T.,Ashland,Oregon,,No,No,"Ashland, Oregon",
https://www.aalavina.org/revista/septiembre-octubre-2011/las-polemicas-externas,Las polémicas externas,No,Septiembre / Octubre,2011,,Paul C.,Oceanside,California,"Los grupos de Alcohólicos Anónimos no se oponen a nadie, esos son asuntos externos.",No,No,"Oceanside, California",
https://www.aalavina.org/revista/septiembre-octubre-2011/la-tercera-es-la-vencida,La tercera es la vencida,No,Septiembre / Octubre,2011,,Kaleb,Anaheim,California,"No recuerda cuántas copas, pero sí los delitos cometidos",No,No,"Anaheim, California",
https://www.aalavina.org/revista/septiembre-octubre-2011/un-rayito-de-luz,Un rayito de luz,No,Septiembre / Octubre,2011,,José Luis G.,San José,California,Trabaja el programa para recuperar la confianza de sus hijos,No,No,"San José, California",
https://www.aalavina.org/revista/septiembre-octubre-2011/un-borracho-nunca-entiende,Un borracho nunca entiende,No,Septiembre / Octubre,2011,,Lorenzo R.,Houston,Texas,Detrás del volante no importaban los accidentes o las fechorías,No,Yes,"Houston, Texas",
https://www.aalavina.org/revista/septiembre-octubre-2011/solo-los-tontos-sufren,Sólo los tontos sufren,No,Septiembre / Octubre,2011,,Tony R.,Bonham,Texas,Escapa del dolor y cae,No,Yes,"Bonham, Texas",
https://www.aalavina.org/revista/septiembre-octubre-2011/llegue-tronada,Llegué tronada,No,Septiembre / Octubre,2011,,Alejandra R.,El Cajón,California,"Aunque lleva poco tiempo, los cambios se notan",No,No,"El Cajón, California",
https://www.aalavina.org/revista/septiembre-octubre-2011/postales-de-un-viaje,Postales de un viaje,No,Septiembre / Octubre,2011,,Raymundo L.,Sacramento,California,Desvelados y contentos estos servidores llevan el mensaje de una ciudad a otra,No,No,"Sacramento, California",
https://www.aalavina.org/revista/septiembre-octubre-2011/y-estos-que-se-traen,¿Y éstos qué se traen?,No,Septiembre / Octubre,2011,,Carlos M.P.,Jesup,California,Huyendo de la policía buscó refugio en un grupo,No,No,"Jesup, California",
https://www.aalavina.org/revista/septiembre-octubre-2011/carta-de-bienvenida,Carta de Bienvenida,No,Septiembre / Octubre,2011,,,,,,No,Unknown (no location in byline),,
https://www.aalavina.org/revista/septiembre-octubre-2011/cartas-del-lector,Cartas del lector,No,Septiembre / Octubre,2011,,,,,,No,Unknown (no location in byline),,
https://www.aalavina.org/revista/septiembre-octubre-2011/acerca-del-alcoholismo,Acerca del alcoholismo,No,Septiembre / Octubre,2011,,,,,"Aspectos médicos, legales y sociales del alcoholismo",No,Unknown (no location in byline),,
https://www.aalavina.org/revista/julio-agosto-2011/tema-de-discusion-para-reuniones,Tema de discusión para reuniones,No,Julio / Agosto,2011,,,,,,No,Unknown (no location in byline),,
https://www.aalavina.org/revista/julio-agosto-2011/una-batalla-mental,Una batalla mental,No,Julio / Agosto,2011,,Luis M.,San José,California,El ego y la conciencia luchaban por dominar su conducta,No,No,"San José, California",
https://www.aalavina.org/revista/julio-agosto-2011/ser-o-no-ser,Ser o no ser,No,Julio / Agosto,2011,,Anónimo,La Paz,,Una joven se pregunta si su conducta es normal,No,No,La Paz,
https://www.aalavina.org/revista/julio-agosto-2011/no-nos-digan-que-hacer,¡No nos digan qué hacer!,No,Julio / Agosto,2011,,W.H.,Manhattan,Nueva York,,No,No,"Manhattan, Nueva York",
https://www.aalavina.org/revista/julio-agosto-2011/licor-en-mi-ataud,Licor en mi ataúd,No,Julio / Agosto,2011,,George M.,Reseda,California,El orgullo no le permitía ver sus defectos de carácter,No,No,"Reseda, California",
https://www.aalavina.org/revista/julio-agosto-2011/una-trayectoria-sobria,Una trayectoria sobria,No,Julio / Agosto,2011,,Nancy M.,Milpitas,California,La distancia entre la depresión y la alegría se mide con servicio,No,No,"Milpitas, California",
https://www.aalavina.org/revista/julio-agosto-2011/compartiendo-risas,Compartiendo risas,No,Julio / Agosto,2011,,Gaby A.,San José,California,En el grupo encuentra algo más que gente,No,No,"San José, California",
https://www.aalavina.org/revista/julio-agosto-2011/viviendo-al-maximo,Viviendo al máximo,No,Julio / Agosto,2011,,Dulce M.,Houston,Texas,,No,Yes,"Houston, Texas",
https://www.aalavina.org/revista/julio-agosto-2011/convencedor-convencido,Convencedor convencido,No,Julio / Agosto,2011,,Anónimo,Potosí,,Usaba la tribuna para exponer sus argumentos,No,No,Potosí,
https://www.aalavina.org/revista/julio-agosto-2011/y-la-plancha-tambien,¡Y la plancha también!,No,Julio / Agosto,2011,,Luis A.,Houston,Texas,,No,Yes,"Houston, Texas",
https://www.aalavina.org/revista/julio-agosto-2011/me-buscaron-hasta-en-la-morgue,Me buscaron hasta en la morgue,No,Julio / Agosto,2011,,Anónimo,La Paz,,Un buen momento se transforma en una pesadilla interminable,No,No,La Paz,
https://www.aalavina.org/revista/julio-agosto-2011/viaje-ninguna-parte,Viaje a ninguna parte,No,Julio / Agosto,2011,,Alvaro V.,Houston,Texas,Esperaba encontrar la solución cambiando de lugar,No,Yes,"Houston, Texas",
https://www.aalavina.org/revista/julio-agosto-2011/acerca-del-alcoholismo,Acerca del alcoholismo,No,Julio / Agosto,2011,,,,,"Aspectos médicos, legales y sociales del alcoholismo",No,Unknown (no location in byline),,
https://www.aalavina.org/revista/julio-agosto-2011/carta-de-bienvenida,Carta de Bienvenida,No,Julio / Agosto,2011,,,,,,No,Unknown (no location in byline),,
https://www.aalavina.org/revista/julio-agosto-2011/cartas-del-lector,Cartas del lector,No,Julio / Agosto,2011,,,,,,No,Unknown (no location in byline),,
https://www.aalavina.org/revista/julio-agosto-2011/la-sobriedad-entra-por-los-ojos,La sobriedad entra por los ojos,No,Julio / Agosto,2011,,Ricardo E.M.,Skokie,Illinois,Revistas y libros forman parte de su recuperación,No,No,"Skokie, Illinois",
https://www.aalavina.org/revista/julio-agosto-2011/regalatela-ti-mismo,Regálatela a ti mismo,No,Julio / Agosto,2011,,Rodolfo C.,Las Vegas,Nevada,Las historias de otros le cambian su vida,No,No,"Las Vegas, Nevada",
https://www.aalavina.org/revista/julio-agosto-2011/una-reunion-escrita,Una reunión escrita,No,Julio / Agosto,2011,,José A.,Long Beach,California,Compartiendo la revista y pasando el mensaje,No,No,"Long Beach, California",
https://www.aalavina.org/revista/julio-agosto-2011/reparando-sin-pensarlo,Reparando sin pensarlo,No,Julio / Agosto,2011,,Morgan J.,Crofton,Maryland,,No,No,"Crofton, Maryland",
https://www.aalavina.org/revista/julio-agosto-2011/fui-un-borracho-seco,Fui un borracho seco,No,Julio / Agosto,2011,,Francisco S. P.,Gijón,España,Encontró la sobriedad emocional después de muchas recaídas,No,No,"Gijón, España",
https://www.aalavina.org/revista/julio-agosto-2011/cruzando-la-meta,Cruzando la meta,No,Julio / Agosto,2011,,René C.,Mixco,,"Antes caminaba embriagado, hoy participa en maratones",No,No,Mixco,
https://www.aalavina.org/revista/julio-agosto-2011/en-la-revista,En la revista,No,Julio / Agosto,2011,,,,,,No,Unknown (no location in byline),,
https://www.aalavina.org/revista/julio-agosto-2011/julioagosto-2011-en-la-revista,julio/agosto 2011: En la revista,No,Julio / Agosto,2011,,,,,,No,Unknown (no location in byline),,
https://www.aalavina.org/revista/mayo-junio-2011/tema-de-discusion-para-reuniones,Tema de discusión para reuniones,No,Mayo / Junio,2011,,,,,,No,Unknown (no location in byline),,
https://www.aalavina.org/revista/mayo-junio-2011/carta-de-bienvenida,Carta de Bienvenida,No,Mayo / Junio,2011,,,,,,No,Unknown (no location in byline),,
https://www.aalavina.org/revista/mayo-junio-2011/cartas-del-lector,Cartas del lector,No,Mayo / Junio,2011,,,,,,No,Unknown (no location in byline),,
https://www.aalavina.org/revista/mayo-junio-2011/un-disparo-de-madrugada,Un disparo de madrugada,No,Mayo / Junio,2011,,Anónimo,San Luís Obispo,California,Su pasión lo llevó a cometer el peor crimen,No,No,"San Luís Obispo, California",
https://www.aalavina.org/revista/mayo-junio-2011/la-ultima-fiesta,La última fiesta,No,Mayo / Junio,2011,,Gaudencio V. R.,San Luís Obispo,California,En menos de un minuto todo cambió para él,No,No,"San Luís Obispo, California",
https://www.aalavina.org/revista/mayo-junio-2011/mi-antidoto,Mi antídoto,No,Mayo / Junio,2011,,Nelson T.,Soledad,California,Atravesando los muros de la cárcel con palabras,No,No,"Soledad, California",
https://www.aalavina.org/revista/mayo-junio-2011/una-no-es-ninguna,Una no es ninguna,No,Mayo / Junio,2011,,D.R.,Soledad,California,Un accidente de tránsito lo envía por quinta vez detrás de las rejas y lejos de su familia,No,No,"Soledad, California",
https://www.aalavina.org/revista/mayo-junio-2011/un-lento-avance,Un lento avance,No,Mayo / Junio,2011,,Anónimo,New York,New York,,No,No,"New York, New York",
https://www.aalavina.org/revista/mayo-junio-2011/profesionalismo-y-aa,Profesionalismo y AA,No,Mayo / Junio,2011,,Gabriela R.,Lynnwood,Washington,,No,No,"Lynnwood, Washington",
https://www.aalavina.org/revista/mayo-junio-2011/cuando-la-musica-se-acaba,Cuando la música se acaba,No,Mayo / Junio,2011,,Leandro C.,Santa Ana,California,Desde muy joven renunció a sus talentos,No,No,"Santa Ana, California",
https://www.aalavina.org/revista/mayo-junio-2011/una-muerte-prematura,Una muerte prematura,No,Mayo / Junio,2011,,Maximino L.,New Brunswick,New Jersey,La culpa y un recuerdo doloroso le acompañaron desde niño,No,No,"New Brunswick, New Jersey",
https://www.aalavina.org/revista/mayo-junio-2011/la-ley-de-gravedad,La ley de gravedad,No,Mayo / Junio,2011,,Eduardo G.,Tustin,California,Creía que el éxito profesional era lo más importante,No,No,"Tustin, California",
https://www.aalavina.org/revista/mayo-junio-2011/amarga-venganza,Amarga venganza,No,Mayo / Junio,2011,,Jesús T.,Mountain View,California,El resentimiento hacia su hermano lo puso frente a un juez,No,No,"Mountain View, California",
https://www.aalavina.org/revista/mayo-junio-2011/un-calvario-de-lentejuelas,Un calvario de lentejuelas,No,Mayo / Junio,2011,,Stephania,Stanton,California,Necesitaba la sobriedad para salir del clóset y recibir amor de verdad,No,No,"Stanton, California",
https://www.aalavina.org/revista/mayo-junio-2011/locura-en-sobriedad,Locura en sobriedad,No,Mayo / Junio,2011,,Rodolfo R.,Phoenix,Arizona,Celebra muchos años sin beber pero pocos meses de paz espiritual,No,No,"Phoenix, Arizona",
https://www.aalavina.org/revista/mayo-junio-2011/de-blanco-y-derrotada,De blanco y derrotada,No,Mayo / Junio,2011,,María H.,Bakersfield,California,Celebra muchos años sin beber pero pocos meses de paz espiritual,No,No,"Bakersfield, California",
https://www.aalavina.org/revista/mayo-junio-2011/solo-por-el-efecto,Sólo por el efecto,No,Mayo / Junio,2011,,Marcelo G.,San Fernando,California,Hoy comprende que su vida y la de otros estuvo en peligro,No,No,"San Fernando, California",
https://www.aalavina.org/revista/mayo-junio-2011/transmitir-el-mensaje,Transmitir el mensaje,No,Mayo / Junio,2011,,Mauricio T.,Anaheim,California,Escribe su historia para que otros se motiven,No,No,"Anaheim, California",
https://www.aalavina.org/revista/mayo-junio-2011/no-soy-la-excepcion,No soy la excepción,No,Mayo / Junio,2011,,Teodoro M.,Orange,California,Quince años después reflexiona acerca de su recaída,No,No,"Orange, California",
https://www.aalavina.org/revista/mayo-junio-2011/ese-nino-que-fui,Ese niño que fui,No,Mayo / Junio,2011,,Javier,Anaheim,California,La recuperación le devuelve su niñez,No,No,"Anaheim, California",
https://www.aalavina.org/revista/mayo-junio-2011/aspectos-medicos-legales-y-sociales-del-alcoholismo,"Aspectos médicos, legales y sociales del alcoholismo",No,Mayo / Junio,2011,,,,,,No,Unknown (no location in byline),,
https://www.aalavina.org/revista/mayo-junio-2011/volviendo-encender-el-fuego,Volviendo a encender el fuego,No,Mayo / Junio,2011,,Anónimo,Vancouver,Washington,,No,No,"Vancouver, Washington",
https://www.aalavina.org/revista/marzo-abril-2011/carta-de-bienvenida,Carta de Bienvenida,No,Marzo / Abril,2011,,,,,,No,Unknown (no location in byline),,
https://www.aalavina.org/revista/marzo-abril-2011/carta-de-la-junta-del-grapevine,Carta de la Junta del Grapevine,No,Marzo / Abril,2011,,,,,,No,Unknown (no location in byline),,
https://www.aalavina.org/revista/marzo-abril-2011/cartas-del-lector,Cartas del Lector,No,Marzo / Abril,2011,,,,,,No,Unknown (no location in byline),,
https://www.aalavina.org/revista/marzo-abril-2011/terible-ambicion,Terible ambición,No,Marzo / Abril,2011,,Gilardo B.,Mision Viejo,California,Con dinero en la billetera sentía que su vida estaba bajo control,No,No,"Mision Viejo, California",
https://www.aalavina.org/revista/marzo-abril-2011/la-moneda,La moneda,No,Marzo / Abril,2011,,Rigoberto A.,Hialeah,Florida,Pidiendo prestado para asistir a la primera junta,No,No,"Hialeah, Florida",
https://www.aalavina.org/revista/marzo-abril-2011/tema-de-discusion-para-reuniones,Tema de discusión para reuniones,No,Marzo / Abril,2011,,,,,,No,Unknown (no location in byline),,
https://www.aalavina.org/revista/marzo-abril-2011/alfombra-cara,Alfombra cara,No,Marzo / Abril,2011,,Zuleika G.,San Francisco,California,Gastaba su sueldo en cervezas y sus amantes pagaban la renta,No,No,"San Francisco, California",
https://www.aalavina.org/revista/marzo-abril-2011/escogi-crecer,Escogí crecer,No,Marzo / Abril,2011,,Ron D.,Canaán,Connecticut,Sexto Paso: Estuvimos enteramente dispuestos a dejar que Dios nos liberase de nuestros defectos.,No,No,"Canaán, Connecticut",
https://www.aalavina.org/revista/marzo-abril-2011/automantienimiento,Automantienimiento,No,Marzo / Abril,2011,,Jessica C.,Los Ángeles,California,,No,No,"Los Ángeles, California",
https://www.aalavina.org/revista/marzo-abril-2011/preparada-para-lo-peor,Preparada para lo peor,No,Marzo / Abril,2011,,Maria V.,El Paso,Texas,En sobriedad tiene que regresar a la cárcel,No,Yes,"El Paso, Texas",
https://www.aalavina.org/revista/marzo-abril-2011/reconciliacion,Reconciliación,No,Marzo / Abril,2011,,Efraín T.,Santa Ana,California,,No,No,"Santa Ana, California",
https://www.aalavina.org/revista/marzo-abril-2011/una-hija-y-un-milagro,Una hija y un milagro,No,Marzo / Abril,2011,,Pablo R.,Garden Grove,California,El embarazo de su esposa lo llevó a una junta,No,No,"Garden Grove, California",
https://www.aalavina.org/revista/marzo-abril-2011/no-bebas-aguantala,"¡No bebas, aguántala!",No,Marzo / Abril,2011,,Miguel G.,Van Nuys,California,,No,No,"Van Nuys, California",
https://www.aalavina.org/revista/marzo-abril-2011/aa-es-un-mundo,AA es un mundo,No,Marzo / Abril,2011,,Leonel P.,Waterbury,Connecticut,Compartió multitud de emociones y experiencias en la Convención Internacional,No,No,"Waterbury, Connecticut",
https://www.aalavina.org/revista/marzo-abril-2011/escombros-del-pasado,Escombros del pasado,No,Marzo / Abril,2011,,Rafaela,Pacoima,California,Regresó al programa después de ocho años,No,No,"Pacoima, California",
https://www.aalavina.org/revista/marzo-abril-2011/perdido-en-sobriedad,Perdido en sobriedad,No,Marzo / Abril,2011,,Anónimo,,,Con el tiempo pudo entender la diferencia entre crecimiento espiritual y abstinencia,No,Unknown (no location in byline),,
https://www.aalavina.org/revista/marzo-abril-2011/la-manera-antiguita,A la manera antiguita,No,Marzo / Abril,2011,,Eulalio G.,San Angelo,Texas,Apego a las tradiciones y la practica de los Doce Pasos son su secreto,No,Yes,"San Angelo, Texas",
https://www.aalavina.org/revista/marzo-abril-2011/un-chavo-deportista,Un chavo deportista,No,Marzo / Abril,2011,,Edgar A.,Panorama City,California,Llevaba una vida sana hasta que su novia lo dejó,No,No,"Panorama City, California",
https://www.aalavina.org/revista/marzo-abril-2011/recayo-el-dia-de-su-boda,Recayó el día de su boda,No,Marzo / Abril,2011,,José A.G.,Houston,Texas,,No,Yes,"Houston, Texas",
https://www.aalavina.org/revista/marzo-abril-2011/parches-y-huaraches,Parches y huaraches,No,Marzo / Abril,2011,,Carlos V.,Santa Ana,California,Las marcas de una infancia humilde,No,No,"Santa Ana, California",
https://www.aalavina.org/revista/marzo-abril-2011/encontre-una-familia,Encontré una familia,No,Marzo / Abril,2011,,Soledad P.,Seaside,California,Observando a los miembros de un grupo recupera la esperanza,No,No,"Seaside, California",
https://www.aalavina.org/revista/marzo-abril-2011/sin-dormir,Sin dormir,No,Marzo / Abril,2011,,José A.S.,Sunnyvale,California,Calmaba la vergüenza que sentía con borracheras,No,No,"Sunnyvale, California",
https://www.aalavina.org/revista/marzo-abril-2011/acerca-del-alcoholismo,Acerca del alcoholismo,No,Marzo / Abril,2011,,,,,"Aspectos médicos, legales y sociales del alcoholismo",No,Unknown (no location in byline),,
https://www.aalavina.org/revista/enero-febrero-2011/carta-de-bienvenida,Carta de Bienvenida,No,Enero / Febrero,2011,,,,,,No,Unknown (no location in byline),,
https://www.aalavina.org/revista/enero-febrero-2011/cartas-del-lector,Cartas del Lector,No,Enero / Febrero,2011,,,,,,No,Unknown (no location in byline),,
https://www.aalavina.org/revista/enero-febrero-2011/junto-las-vias-del-tren,Junto a las vías del tren,No,Enero / Febrero,2011,,Herberto M.,Canoga Park,California,De madrugada admitió su derrota,No,No,"Canoga Park, California",
https://www.aalavina.org/revista/enero-febrero-2011/esa-soy-yo,Esa soy yo,No,Enero / Febrero,2011,,Graciela S.,Sur de California,,,No,No,Sur de California,
https://www.aalavina.org/revista/enero-febrero-2011/cada-quien-viene-vivir-su-vida,Cada quien viene a vivir su vida,No,Enero / Febrero,2011,,Julia S.,Madrid,,Aprendió a no depositar expectativas irreales en los demás,No,No,Madrid,
https://www.aalavina.org/revista/enero-febrero-2011/tema-de-discusion-para-reuniones,Tema de discusión para reuniones,No,Enero / Febrero,2011,,,,,,No,Unknown (no location in byline),,
https://www.aalavina.org/revista/enero-febrero-2011/rafagas-de-gratitud,Ráfagas de gratitud,No,Enero / Febrero,2011,,M.B.,Minneapolis,Minnesota,Las lágrimas le anuncian su despertar espiritual,No,No,"Minneapolis, Minnesota",
https://www.aalavina.org/revista/enero-febrero-2011/dias-antes-de-mi-llegada,Días antes de mi llegada,No,Enero / Febrero,2011,,Luis G.,Netzahualcoyotl,,Un recién llegado recibe amor y jabón,No,No,Netzahualcoyotl,
https://www.aalavina.org/revista/enero-febrero-2011/el-milagro-de-mi-recuperacion,El milagro de mi recuperación,No,Enero / Febrero,2011,,Guillermo A.,San Juan,Puerto Rico,,No,No,"San Juan, Puerto Rico",
https://www.aalavina.org/revista/enero-febrero-2011/grandes-suenos-y-metas-nobles,Grandes sueños y metas nobles,No,Enero / Febrero,2011,,Mickey H.,Springville,Utah,,No,No,"Springville, Utah",
https://www.aalavina.org/revista/enero-febrero-2011/costal-roto,Costal roto,No,Enero / Febrero,2011,,Alejandro,Houston,Texas,El alcohol destruyó sus ilusiones de inmigrante,No,Yes,"Houston, Texas",
https://www.aalavina.org/revista/enero-febrero-2011/no-llores-por-lo-que-perdiste,No llores por lo que perdiste,No,Enero / Febrero,2011,,Elezar H.,McHenry,Illinois,,No,No,"McHenry, Illinois",
https://www.aalavina.org/revista/enero-febrero-2011/lagunas-mentales-y-fugas-geograficas,Lagunas mentales y fugas geográficas,No,Enero / Febrero,2011,,Efraín A.,Houston,Texas,Vagaba de un estado a otro sin encontrar la solución,No,Yes,"Houston, Texas",
https://www.aalavina.org/revista/enero-febrero-2011/sobrio-pero-equivocado,Sobrio pero equivocado,No,Enero / Febrero,2011,,Jesús P.,Houston,Texas,No basta con solo escuchar,No,Yes,"Houston, Texas",
https://www.aalavina.org/revista/enero-febrero-2011/una-pieza-clave,Una pieza clave,No,Enero / Febrero,2011,,Ricardo L.,Bell,California,Hacer servicio es tan importante que hasta lo sueña,No,No,"Bell, California",
https://www.aalavina.org/revista/enero-febrero-2011/aprendiendo-valorar,Aprendiendo a valorar,No,Enero / Febrero,2011,,Dulce M.,Houston,Texas,Una mujer recupera el amor familiar,No,Yes,"Houston, Texas",
https://www.aalavina.org/revista/enero-febrero-2011/se-me-quedo-en-la-cabeza,Se me quedó en la cabeza,No,Enero / Febrero,2011,,Juan I.,,California,,No,No,California,
https://www.aalavina.org/revista/enero-febrero-2011/san-antonio-fue-una-aventura,San Antonio fue una aventura,No,Enero / Febrero,2011,,Héctor O.,Veracruz,,Tiene 38 años sin beber y viaja sin parar,No,No,Veracruz,
https://www.aalavina.org/revista/enero-febrero-2011/apoyando-la-revista,Apoyando a la revista,No,Enero / Febrero,2011,,Reynaldo M.,San Francisco,California,Una reunión lo motiva,No,No,"San Francisco, California",
https://www.aalavina.org/revista/enero-febrero-2011/quiero-ser-alterno,Quiero ser alterno,No,Enero / Febrero,2011,,Tino M.,Houston,Texas,Una reunión de servicio despierta su interés en La Viña,No,Yes,"Houston, Texas",
https://www.aalavina.org/revista/enero-febrero-2011/por-anchas-carreteras,Por anchas carreteras,No,Enero / Febrero,2011,,Oscar R.,San Antonio,Texas,Recorre muchas millas para llevar el mensaje,No,Yes,"San Antonio, Texas",
https://www.aalavina.org/revista/enero-febrero-2011/sanando-heridas,Sanando heridas,No,Enero / Febrero,2011,,Raúl,San Antonio,Texas,,No,Yes,"San Antonio, Texas",
https://www.aalavina.org/revista/enero-febrero-2011/crei-que-mi-problema-era-con-la-ley,Creí que mi problema era con la ley,No,Enero / Febrero,2011,,Manuel B.,Houston,Texas,,No,Yes,"Houston, Texas",
https://www.aalavina.org/revista/enero-febrero-2011/acerca-del-alcoholismo,Acerca del alcoholismo,No,Enero / Febrero,2011,,,,,"Aspectos médicos, legales y sociales del alcoholismo",No,Unknown (no location in byline),,
https://www.aalavina.org/revista/noviembre-diciembre-2010/cartas-del-lector,Cartas del lector,No,Noviembre / Diciembre,2010,,,,,,No,Unknown (no location in byline),,
https://www.aalavina.org/revista/noviembre-diciembre-2010/mi-ultima-oportunidad,Mi ultima oportunidad,No,Noviembre / Diciembre,2010,,Saúl G.,Santa Paula,California,Ella entendió y hoy me apoya incondicionalmente,No,No,"Santa Paula, California",
https://www.aalavina.org/revista/noviembre-diciembre-2010/cien-por-ciento-convencido,Cien por ciento convencido,No,Noviembre / Diciembre,2010,,Edgar O.,Providence,Rhode Island,Un hombre que hoy disfruta del amor de su familia,No,No,"Providence, Rhode Island",
https://www.aalavina.org/revista/noviembre-diciembre-2010/los-deje-por-una-junta,Los deje por una junta,No,Noviembre / Diciembre,2010,,Jaime G.,Kyle,Texas,,No,Yes,"Kyle, Texas",
https://www.aalavina.org/revista/noviembre-diciembre-2010/mas-facil-que-estar-borracha,Mas facil que estar borracha,No,Noviembre / Diciembre,2010,,Suzi,,,Maldijo a sus padres e hijas por abandonarla,No,Unknown (no location in byline),,
https://www.aalavina.org/revista/noviembre-diciembre-2010/tema-de-discusion-para-reuniones,Tema de discusión para reuniones,No,Noviembre / Diciembre,2010,,,,,,No,Unknown (no location in byline),,
https://www.aalavina.org/revista/noviembre-diciembre-2010/acerca-del-alcoholismo,Acerca del alcoholismo,No,Noviembre / Diciembre,2010,,,,,"Aspectos médicos, legales y sociales del alcoholismo",No,Unknown (no location in byline),,
https://www.aalavina.org/revista/noviembre-diciembre-2010/irresponsable,Irresponsable,No,Noviembre / Diciembre,2010,,Rámon L.,,New York,Los juramentos le duraban poco,No,No,New York,
https://www.aalavina.org/revista/noviembre-diciembre-2010/navidad-dulce-navidad,"Navidad, dulce Navidad",No,Noviembre / Diciembre,2010,,Juan José C.,Madrid,,Con la ayuda de AA aprendió a celebrar sobrio,No,No,Madrid,
https://www.aalavina.org/revista/noviembre-diciembre-2010/el-mismo-lenguaje,El mismo lenguaje,No,Noviembre / Diciembre,2010,,Gladys H.,,,,No,Unknown (no location in byline),,
https://www.aalavina.org/revista/noviembre-diciembre-2010/collar-de-recuerdos,Collar de recuerdos,No,Noviembre / Diciembre,2010,,Eddie D.,Brooklyn,New York,En su primera convención hubo emociones y promesas cumplidas,No,No,"Brooklyn, New York",
https://www.aalavina.org/revista/noviembre-diciembre-2010/miedo-de-volar,Miedo de volar,No,Noviembre / Diciembre,2010,,Arturo L.,,,,No,Unknown (no location in byline),,
https://www.aalavina.org/revista/noviembre-diciembre-2010/una-revision-de-la-quinta-tradicion,Una revisión de la Quinta Tradición,No,Noviembre / Diciembre,2010,,B.L.,Manhattan,New York,,No,No,"Manhattan, New York",
https://www.aalavina.org/revista/septiembre-octubre-2010/cartas-del-lector,Cartas del lector,No,Septiembre / Octubre,2010,,,,,,No,Unknown (no location in byline),,
https://www.aalavina.org/revista/septiembre-octubre-2010/un-muchacho-como-vos,Un muchacho como vos,No,Septiembre / Octubre,2010,,Ariel S.,Buenos Aires,,Las inseguridades físicas lo atormentaban,No,No,Buenos Aires,
https://www.aalavina.org/revista/septiembre-octubre-2010/alquilaba-mi-vida-otros-alcoholicos,Alquilaba mi vida a otros alcohólicos,No,Septiembre / Octubre,2010,,Graciela L.,Thousand Palms,California,"Calmaba sus penas con alcohol, personas y lugares",No,No,"Thousand Palms, California",
https://www.aalavina.org/revista/septiembre-octubre-2010/condenado-vivir-en-una-celda-etilica,Condenado a vivir en una celda etilica,No,Septiembre / Octubre,2010,,Kevin V.,Caracas,,Una experiencia espiritual lo devolvió al programa,No,No,Caracas,
https://www.aalavina.org/revista/septiembre-octubre-2010/la-madrina,La madrina,No,Septiembre / Octubre,2010,,Amalia C.,Newington,Connecticut,Tuve oportunidad de compartir el amadrinamiento en ascendencia y descendencia.,No,No,"Newington, Connecticut",
https://www.aalavina.org/revista/septiembre-octubre-2010/en-busca-de-la-honestidad,En busca de la honestidad,No,Septiembre / Octubre,2010,,Anónimo,Phoenix,Arizona,Se dio cuenta que detrás de las palabras tienen que existir hechos,No,No,"Phoenix, Arizona",
https://www.aalavina.org/revista/septiembre-octubre-2010/tema-de-discusion-para-reuniones,Tema de discusión para reuniones,No,Septiembre / Octubre,2010,,,,,,No,Unknown (no location in byline),,
https://www.aalavina.org/revista/septiembre-octubre-2010/elija-companero,Elija compañero,No,Septiembre / Octubre,2010,,José A.M.,Los Ángeles,California,Una reflexión sobre los grupos de estudio,No,No,"Los Ángeles, California",
https://www.aalavina.org/revista/septiembre-octubre-2010/un-momento-de-panico,Un momento de pánico,No,Septiembre / Octubre,2010,,Daris N.,Humacao,Puerto Rico,,No,No,"Humacao, Puerto Rico",
https://www.aalavina.org/revista/septiembre-octubre-2010/aa-en-mexico-y-nuestra-literatura,AA en México y nuestra literatura,No,Septiembre / Octubre,2010,,José G.M.,,Distrito Federal,Su sobriedad se la debe al conocimiento y a la práctica de nuestros principios,No,No,Distrito Federal,
https://www.aalavina.org/revista/septiembre-octubre-2010/un-paso-muy-practico,Un paso muy práctico,No,Septiembre / Octubre,2010,,Juanjo,Madrid,,,No,No,Madrid,
https://www.aalavina.org/revista/septiembre-octubre-2010/autonomia-en-vez-de-obstinacion,Autonomía en vez de obstinación,No,Septiembre / Octubre,2010,,Richard B.,Iselin,New Jersey,,No,No,"Iselin, New Jersey",
https://www.aalavina.org/revista/septiembre-octubre-2010/acerca-del-alcoholismo,Acerca del alcoholismo,No,Septiembre / Octubre,2010,,,,,,No,Unknown (no location in byline),,
https://www.aalavina.org/revista/julio-agosto-2010/cartas-del-lector,Cartas del lector,No,Julio / Agosto,2010,,,,,,No,Unknown (no location in byline),,
https://www.aalavina.org/revista/julio-agosto-2010/mi-esposo-me-trajo-al-programa,Mi esposo me trajo al programa,No,Julio / Agosto,2010,,Delia,Addison,Illinois,Una mujer cuenta su experiencia de recuperación dentro del matrimonio,No,No,"Addison, Illinois",
https://www.aalavina.org/revista/julio-agosto-2010/la-enfermedad-volvio-crecer,La enfermedad volvió a crecer,No,Julio / Agosto,2010,,Luis A.,New Rochelle,New York,Su última borrachera duró ocho días,No,No,"New Rochelle, New York",
https://www.aalavina.org/revista/julio-agosto-2010/tengo-veintitres-anos,Tengo veintitrés años,No,Julio / Agosto,2010,,Marcos G.,Mountainview,California,Un compañero de borracheras lo invitó a una reunión,No,No,"Mountainview, California",
https://www.aalavina.org/revista/julio-agosto-2010/una-vision-para-nosotros,Una visión para nosotros,No,Julio / Agosto,2010,,Reverend Ward B. Ewing,,,Un viejo amigo de Alcohólicos Anónimos comparte sus ideas sobre el futuro de AA.,No,Unknown (no location in byline),Presidente de la Junta de Servicios Generales de AA,"Byline gives a role/medium, not a place: Presidente de la Junta de Servicios Generales de AA"
https://www.aalavina.org/revista/julio-agosto-2010/un-vistazo-convenciones-internacionales,Un vistazo: convenciones internacionales,No,Julio / Agosto,2010,,,,,,No,Unknown (no location in byline),,
https://www.aalavina.org/revista/julio-agosto-2010/por-que-tenemos-convenciones,¿Por qué tenemos convenciones?,No,Julio / Agosto,2010,,,,,,No,Unknown (no location in byline),,
https://www.aalavina.org/revista/julio-agosto-2010/1970-la-convencion-internacional-de-aa-en-miami-beach,1970 La convención internacional de AA en Miami Beach,No,Julio / Agosto,2010,,L.H.,North Hollywood,California,Los recuerdos fragmentados de un alcohólico,No,No,"North Hollywood, California",
https://www.aalavina.org/revista/julio-agosto-2010/la-redencion,La redención,No,Julio / Agosto,2010,,Adán B.,Mar de Plata,,,No,No,Mar de Plata,
https://www.aalavina.org/revista/julio-agosto-2010/zanfarinfas-y-su-padrino,Zanfarinfas y su padrino,No,Julio / Agosto,2010,,,,,Cómo entender la tercera Tradición,No,Unknown (no location in byline),,
https://www.aalavina.org/revista/julio-agosto-2010/desde-san-antonio-hay-una-solucion,Desde San Antonio: hay una solución,No,Julio / Agosto,2010,,Irma C.,San Antonio,Texas,"Hoy, poco a poco, ella encuentra la paz",No,Yes,"San Antonio, Texas",
https://www.aalavina.org/revista/julio-agosto-2010/tema-de-discusion-para-reuniones,Tema de discusión para reuniones,No,Julio / Agosto,2010,,,,,,No,Unknown (no location in byline),,
https://www.aalavina.org/revista/julio-agosto-2010/acerca-del-alcoholismo,Acerca del alcoholismo,No,Julio / Agosto,2010,,,,,"Aspectos médicos, legales y sociales del alcoholismo",No,Unknown (no location in byline),,
https://www.aalavina.org/revista/mayo-junio-2010/cartas-del-lector,Cartas del lector,No,Mayo / Junio,2010,,,,,,No,Unknown (no location in byline),,
https://www.aalavina.org/revista/mayo-junio-2010/un-largo-camino,Un largo camino,No,Mayo / Junio,2010,,Zuleika G.,San Francisco,California,Estuvo quince años intentando dejar de beber,No,No,"San Francisco, California",
https://www.aalavina.org/revista/mayo-junio-2010/me-acompana-todas-partes,Me acompaña a todas partes,No,Mayo / Junio,2010,,Eduardo B.,Peñuelas,Puerto Rico,Trato de encontrar la solución con una fuga geográfica,No,No,"Peñuelas, Puerto Rico",
https://www.aalavina.org/revista/mayo-junio-2010/bienvenida-una-nueva-vida,Bienvenida a una nueva vida,No,Mayo / Junio,2010,,Ninoska T.,La Paz,,Un despertar espiritual le dio una nueva vida y un nuevo grupo,No,No,La Paz,
https://www.aalavina.org/revista/mayo-junio-2010/no-soy-la-misma,No soy la misma,No,Mayo / Junio,2010,,Claribel G.,Delano,California,Una condena le cambió la vida,No,No,"Delano, California",
https://www.aalavina.org/revista/mayo-junio-2010/un-aa-nunca-esta-solo,Un AA nunca está solo,No,Mayo / Junio,2010,,Ramiro M.,Lake Elsinore,California,Un miembro del comité de prisiones pone en práctica el programa como recluso,No,No,"Lake Elsinore, California",
https://www.aalavina.org/revista/mayo-junio-2010/en-la-orbita-lunar,En la órbita lunar,No,Mayo / Junio,2010,,John W.J.,,Kansas,Desde su celda un AA reflexiona acerca de la soledad,No,No,Kansas,
https://www.aalavina.org/revista/mayo-junio-2010/aqui-hay-dos-maneras-de-pensar,Aquí hay dos maneras de pensar,No,Mayo / Junio,2010,,Gil,Queens,New York,,No,No,"Queens, New York",
https://www.aalavina.org/revista/mayo-junio-2010/elecciones-renidas,Elecciones reñidas,No,Mayo / Junio,2010,,Anónimo,,,,No,Unknown (no location in byline),,
https://www.aalavina.org/revista/mayo-junio-2010/tema-de-discusion-para-reuniones,Tema de discusión para reuniones,No,Mayo / Junio,2010,,,,,,No,Unknown (no location in byline),,
https://www.aalavina.org/revista/mayo-junio-2010/acerca-del-alcoholismo,Acerca del alcoholismo,No,Mayo / Junio,2010,,,,,"Aspectos médicos, legales y sociales del alcoholismo",No,Unknown (no location in byline),,
https://www.aalavina.org/revista/marzo-abril-2010/cartas-del-lector,Cartas del lector,No,Marzo / Abril,2010,,,,,,No,Unknown (no location in byline),,
https://www.aalavina.org/revista/marzo-abril-2010/trabajando-con-otros,Trabajando con otros,No,Marzo / Abril,2010,,Óscar R.,San Antonio,Texas,Compartiendo con otros alcohólicos encontró la solución a su problema,No,Yes,"San Antonio, Texas",
https://www.aalavina.org/revista/marzo-abril-2010/nunca-me-gusto,Nunca me gustó,No,Marzo / Abril,2010,,Laura,San Antonio,Texas,"Una mujer comparte su alcoholismo, para que otras mujeres que aún sufren reciban el mensaje",No,Yes,"San Antonio, Texas",
https://www.aalavina.org/revista/marzo-abril-2010/todo-salia-mal,Todo salía mal,No,Marzo / Abril,2010,,Ángel C.,San Diego,California,"La autocompasión, el miedo a la gente y la soledad lo llevaron al alcoholismo",No,No,"San Diego, California",
https://www.aalavina.org/revista/marzo-abril-2010/dichos-en-accion,Dichos en acción,No,Marzo / Abril,2010,,Eladio M.,Caguas,Puerto Rico,La práctica de los pasos y las tradiciones le han brindado la calma necesaria para enfrentar buenas y malas,No,No,"Caguas, Puerto Rico",
https://www.aalavina.org/revista/marzo-abril-2010/historias-junto-al-lecho,Historias junto al lecho,No,Marzo / Abril,2010,,Carole P.,San Francisco,California,Un grupo que lleva las reuniones a aquellos miembros de AA que están hospitalizados o que no pueden salir de sus hogares.,No,No,"San Francisco, California",
https://www.aalavina.org/revista/marzo-abril-2010/necesidades-especiales,Necesidades especiales,No,Marzo / Abril,2010,,,,,"AA encuentra soluciones para acercarse a aquellos alcohólicos que tienen limitadas capacidades para ver, escuchar o transportarse.",No,Unknown (no location in byline),,
https://www.aalavina.org/revista/marzo-abril-2010/una-llamada-de-paso-doce,Una llamada de Paso Doce,No,Marzo / Abril,2010,,A.B.,Huntington,California,Fue un recién llegado quien la hizo,No,No,"Huntington, California",
https://www.aalavina.org/revista/marzo-abril-2010/pertenencia,Pertenencia,No,Marzo / Abril,2010,,W.H.,Manhattan,New York,,No,No,"Manhattan, New York",
https://www.aalavina.org/revista/marzo-abril-2010/tema-de-discusion-para-reuniones,Tema de discusión para reuniones,No,Marzo / Abril,2010,,,,,,No,Unknown (no location in byline),,
https://www.aalavina.org/revista/marzo-abril-2010/acerca-del-alcoholismo,Acerca del alcoholismo,No,Marzo / Abril,2010,,,,,"Aspectos médicos, legales y sociales del alcoholismo",No,Unknown (no location in byline),,
https://www.aalavina.org/revista/marzo-abril-2010/tema-de-discusion-para-reuniones-0,Tema de discusión para reuniones,No,Marzo / Abril,2010,,,,,,No,Unknown (no location in byline),,
https://www.aalavina.org/revista/enero-febrero-2010/cartas-del-lector,Cartas del lector,No,Enero / Febrero,2010,,,,,,No,Unknown (no location in byline),,
https://www.aalavina.org/revista/enero-febrero-2010/la-mano-que-ayuda,La mano que ayuda,No,Enero / Febrero,2010,,Elizabeth H.,New York,New York,Buscar una madrina fue fácil; encontrar una ahijada es otra historia,No,No,"New York, New York",
https://www.aalavina.org/revista/enero-febrero-2010/eso-no-es-para-mi,Eso no es para mí,No,Enero / Febrero,2010,,Anónimo,,Pennsylvania,La aceptación es parte de la experiencia como padrino,No,No,Pennsylvania,
https://www.aalavina.org/revista/enero-febrero-2010/yo-madrina,¿Yo madrina?,No,Enero / Febrero,2010,,C.H.,East Windsor,New Jersey,Una compañera reflexiona sobre el apadrinamiento,No,No,"East Windsor, New Jersey",
https://www.aalavina.org/revista/enero-febrero-2010/el-conocimiento-nos-da-satisfaccion,El conocimiento nos da satisfacción,No,Enero / Febrero,2010,,D.W.,St.Helens,Oregon,Al leer nuestra literatura nos preparamos para prestar un mejor servicio al nuevo,No,No,"St.Helens, Oregon",
https://www.aalavina.org/revista/enero-febrero-2010/avanzando-en-madurez-espiritual,Avanzando en madurez espiritual,No,Enero / Febrero,2010,,Eduardo C.,Toronto,,,No,No,Toronto,
https://www.aalavina.org/revista/enero-febrero-2010/creciendo-con-el-anonimato,Creciendo con el anonimato,No,Enero / Febrero,2010,,Jim H.,Coquille,Oregon,,No,No,"Coquille, Oregon",
https://www.aalavina.org/revista/enero-febrero-2010/acerca-del-alcoholismo,Acerca del alcoholismo,No,Enero / Febrero,2010,,,,,"Aspectos médicos, legales y sociales del alcoholismo",No,Unknown (no location in byline),,
https://www.aalavina.org/revista/enero-febrero-2010/tema-de-discusion-para-reuniones,Tema de discusión para reuniones,No,Enero / Febrero,2010,,,,,,No,Unknown (no location in byline),,
https://www.aalavina.org/revista/enero-febrero-2010/yo-fui-el-que-fallo,Yo fui el que falló,No,Enero / Febrero,2010,,Juan Carlos I.,Elkton,Ohio,La historia de un alcohólico que descuidó su programa y cayó preso,No,No,"Elkton, Ohio",
https://www.aalavina.org/revista/enero-febrero-2010/mantuvimos-la-unidad-pesar-de-todo,Mantuvimos la unidad a pesar de todo,No,Enero / Febrero,2010,,Anónimo,Austin,Texas,Un alcohólico cuenta cómo su grupo superó un grave accidente,No,Yes,"Austin, Texas",
https://www.aalavina.org/revista/enero-febrero-2010/me-invitaron-siete-veces,Me invitaron siete veces,No,Enero / Febrero,2010,,Anche C.,Nueva York,New York,Tuvo que escuchar el mensaje muchas veces antes de sentirse identificado,No,No,"Nueva York, New York",
https://www.aalavina.org/revista/noviembre-diciembre-2009/aprendi-que-mi-programa-tiene-prioridad,Aprendí que mi programa tiene prioridad,No,Noviembre / Diciembre,2009,,Carolina T.,Bartlett,Illinois,Aprendí que mi programa tiene prioridad,No,No,"Bartlett, Illinois",
https://www.aalavina.org/revista/noviembre-diciembre-2009/el-servicio-me-protege-contra-una-recaida,El servicio me protege contra una recaída,No,Noviembre / Diciembre,2009,,Mauricio T.,Fullerton,California,Cambió las celdas por la participación activa en AA,No,No,"Fullerton, California",
https://www.aalavina.org/revista/noviembre-diciembre-2009/una-inversion-largo-plazo,Una inversión a largo plazo,No,Noviembre / Diciembre,2009,,Abelardo O.,McHenry,Illinois,Pensaba que ganando dinero solucionaría sus problemas,No,No,"McHenry, Illinois",
https://www.aalavina.org/revista/noviembre-diciembre-2009/mi-primer-trago-fue-en-ano-nuevo,Mi primer trago fue en Año Nuevo,No,Noviembre / Diciembre,2009,,Eddie D.,Brooklyn,New York,La historia de un hombre que ocultaba su tristeza detrás de la bebida,No,No,"Brooklyn, New York",
https://www.aalavina.org/revista/noviembre-diciembre-2009/la-caracteristica-mas-desconcertante-del-alcoholismo,La característica más desconcertante del alcoholismo,No,Noviembre / Diciembre,2009,,Samuel H.,,New York,Descubrió que no podía dejar de beber el Día de Acción de Gracias,No,No,"Grupo Cuzcatlán, New York",Group/institution: Grupo Cuzcatlán
https://www.aalavina.org/revista/noviembre-diciembre-2009/esperanza-para-un-problema-comun,Esperanza para un problema común,No,Noviembre / Diciembre,2009,,Alejandro C.,Westland,Maryland,Creyó que era un triunfador y en realidad era un alcohólico,No,No,"Westland, Maryland",
https://www.aalavina.org/revista/noviembre-diciembre-2009/celebraba-desde-octubre-hasta-el-ano-nuevo,Celebraba desde octubre hasta el Año Nuevo,No,Noviembre / Diciembre,2009,,Hilario P.,Joliet,Illinois,La recuperación de un alcohólico que prefería festejar solo,No,No,"Joliet, Illinois",
https://www.aalavina.org/revista/noviembre-diciembre-2009/peleando-contra-el-dragon-de-las-postergaciones,Peleando contra el dragón de las postergaciones,No,Noviembre / Diciembre,2009,,W.H.,New York,New York,,No,No,"New York, New York",
https://www.aalavina.org/revista/noviembre-diciembre-2009/el-ejemplo-silencioso-de-los-principios-de-aa,El ejemplo silencioso de los principios de AA,No,Noviembre / Diciembre,2009,,B.M.,Barranquilla,,,No,No,Barranquilla,
https://www.aalavina.org/revista/noviembre-diciembre-2009/tema-de-discusion-para-reuniones,Tema de discusión para reuniones,No,Noviembre / Diciembre,2009,,,,,,No,Unknown (no location in byline),,
https://www.aalavina.org/revista/noviembre-diciembre-2009/acerca-del-alcoholismo,Acerca del alcoholismo,No,Noviembre / Diciembre,2009,,,,,"Aspectos médicos, legales y sociales del alcoholismo",No,Unknown (no location in byline),,
https://www.aalavina.org/revista/septiembre-octubre-2009/cartas-del-lector,Cartas del lector,No,Septiembre / Octubre,2009,,,,,,No,Unknown (no location in byline),,
https://www.aalavina.org/revista/septiembre-octubre-2009/es-dificil-examinar-el-alma-desnuda,Es difícil examinar el alma desnuda,No,Septiembre / Octubre,2009,,Jesús A.,Bogotá,,Un inventario personal es esencial para conocernos,No,No,Bogotá,
https://www.aalavina.org/revista/septiembre-octubre-2009/ayudo-porque-me-ayudaron,Ayudo porque me ayudaron,No,Septiembre / Octubre,2009,,Pedro V.,Arecibo,Puerto Rico,Un alcohólico lleva el mensaje a los que todavía sufren,No,No,"Arecibo, Puerto Rico",
https://www.aalavina.org/revista/septiembre-octubre-2009/el-aspecto-espiritual-debe-ir-primero,El aspecto espiritual debe ir primero,No,Septiembre / Octubre,2009,,Héctor O.,Veracruz,,Encontró la felicidad prestando servicio,No,No,Veracruz,
https://www.aalavina.org/revista/septiembre-octubre-2009/todos-me-respetan-como-companera,Todos me respetan como compañera,No,Septiembre / Octubre,2009,,Bertha M.,Manhattan,New York,,No,No,"Manhattan, New York",
https://www.aalavina.org/revista/septiembre-octubre-2009/8-entre-83,8 entre 83,No,Septiembre / Octubre,2009,,Ruth B.,Jackson,Mississippi,Las primeras mujeres delegadas en las conferencias de servicios generales,No,No,"Jackson, Mississippi",
https://www.aalavina.org/revista/septiembre-octubre-2009/sobria-en-los-anos-sesenta,Sobria en los años sesenta,No,Septiembre / Octubre,2009,,Farleigh M.,La Mesa,California,Una veterana habla sobre cómo encontró la sobriedad en su adolescencia,No,No,"La Mesa, California",
https://www.aalavina.org/revista/septiembre-octubre-2009/nuestro-despertar-espiritual-depende-de-nuestra-relacion-con-los,Nuestro despertar espiritual depende de nuestra relación con los demás,No,Septiembre / Octubre,2009,,Óscar O.,Medellín,,,No,No,Medellín,
https://www.aalavina.org/revista/septiembre-octubre-2009/un-examen-de-la-decima-tradicion,Un examen de la Décima Tradición,No,Septiembre / Octubre,2009,,B.L.,Manhattan,New York,,No,No,"Manhattan, New York",
https://www.aalavina.org/revista/septiembre-octubre-2009/tema-de-discusion-para-reuniones,Tema de discusión para reuniones,No,Septiembre / Octubre,2009,,,,,,No,Unknown (no location in byline),,
https://www.aalavina.org/revista/septiembre-octubre-2009/acerca-del-alcoholismo,Acerca del alcoholismo,No,Septiembre / Octubre,2009,,,,,"Aspectos médicos, legales y sociales del alcoholismo",No,Unknown (no location in byline),,
https://www.aalavina.org/revista/septiembre-octubre-2009/cartas-del-lector-0,Cartas del lector,No,Septiembre / Octubre,2009,,,,,,No,Unknown (no location in byline),,
https://www.aalavina.org/revista/julio-agosto-2009/apartado-1980,Apartado 1980,No,Julio / Agosto,2009,,,,,,No,Unknown (no location in byline),,
https://www.aalavina.org/revista/julio-agosto-2009/la-familia-despues-de-la-recuperacion,La familia después de la recuperación,No,Julio / Agosto,2009,,Johana M.S.,,,,No,Unknown (no location in byline),,
https://www.aalavina.org/revista/julio-agosto-2009/solo-nosotros-sabemos-si-somos-alcoholicos,Sólo nosotros sabemos si somos alcohólicos,No,Julio / Agosto,2009,,Ernesto,,,,No,Unknown (no location in byline),,
https://www.aalavina.org/revista/julio-agosto-2009/me-sigo-prestando-igual,Me sigo prestando igual,No,Julio / Agosto,2009,,Mauricio T.,,,,No,Unknown (no location in byline),,
https://www.aalavina.org/revista/julio-agosto-2009/nunca-he-asistido-una-reunion-pero-me-considero-miembro-de-aa,Nunca he asistido a una reunión pero me considero miembro de AA,No,Julio / Agosto,2009,,Aaron S.G.,North Las Vegas,Nevada,,No,No,"North Las Vegas, Nevada",
https://www.aalavina.org/revista/julio-agosto-2009/gratitud,Gratitud,No,Julio / Agosto,2009,,José C.O.,Miami,Florida,,No,No,"F.C.I., Miami, Florida",Group/institution: F.C.I.
https://www.aalavina.org/revista/julio-agosto-2009/humildemente-le-pedimos-que-nos-liberase-de-nuestros-defectos,Humildemente le pedimos que nos liberase de nuestros defectos,No,Julio / Agosto,2009,,Eduardo C.,Toronto,,,No,No,Toronto,
https://www.aalavina.org/revista/julio-agosto-2009/la-sobriedad-es-la-recompensa,La sobriedad es la recompensa,No,Julio / Agosto,2009,,W.H.,Manhattan,New York,,No,No,"Manhattan, New York",
https://www.aalavina.org/revista/julio-agosto-2009/alcoholismo-en-general,Alcoholismo en general,No,Julio / Agosto,2009,,,,,,No,Unknown (no location in byline),,
https://www.aalavina.org/revista/mayo-junio-2009/apartado-1980,Apartado 1980,No,Mayo / Junio,2009,,,,,,No,Unknown (no location in byline),,
https://www.aalavina.org/revista/mayo-junio-2009/celebro-doce-anos-de-sobriedad,Celebro doce años de sobriedad,No,Mayo / Junio,2009,,Óscar R.,San Antonio,Texas,,No,Yes,"San Antonio, Texas",
https://www.aalavina.org/revista/mayo-junio-2009/fusionando-los-grupos,Fusionando los grupos,No,Mayo / Junio,2009,,David C.,Provincia de Córdoba,,,No,No,Provincia de Córdoba,
https://www.aalavina.org/revista/mayo-junio-2009/historia-del-grupo-araure,Historia del Grupo Araure,No,Mayo / Junio,2009,,Guillermo R.,,,,No,No,Área Portuguesa,Group/institution: Área Portuguesa
https://www.aalavina.org/revista/mayo-junio-2009/el-miedo-en-los-recien-llegados-aa,El miedo en los recién llegados a AA,No,Mayo / Junio,2009,,Abraham L.,Guayaquil,,,No,No,Guayaquil,
https://www.aalavina.org/revista/mayo-junio-2009/asi-me-recibieron-en-el-grupo-11-de-enero,Así me recibieron en el Grupo 11 de enero,No,Mayo / Junio,2009,,Gilberto R.,Anaheim,California,,No,No,"Anaheim, California",
https://www.aalavina.org/revista/mayo-junio-2009/brindemos-confianza-los-nuevos-dentro-de-aa,Brindemos confianza a los nuevos dentro de AA,No,Mayo / Junio,2009,,Abraham L.,Guayaquil,,,No,No,Guayaquil,
https://www.aalavina.org/revista/mayo-junio-2009/una-inspiracion-divina-o-espiritual,Una inspiración divina o espiritual,No,Mayo / Junio,2009,,Armando H.,,,,No,Unknown (no location in byline),,
https://www.aalavina.org/revista/mayo-junio-2009/un-individuo-no-puede-cambiar-aa,Un individuo no puede cambiar a AA,No,Mayo / Junio,2009,,B.L.,Manhattan,New York,,No,No,"Manhattan, New York",
https://www.aalavina.org/revista/mayo-junio-2009/tema-de-discusion-para-reuniones,Tema de discusión para reuniones,No,Mayo / Junio,2009,,,,,,No,Unknown (no location in byline),,
https://www.aalavina.org/revista/mayo-junio-2009/informacion-sobre-el-alcoholismo,Información sobre el alcoholismo,No,Mayo / Junio,2009,,,,,,No,Unknown (no location in byline),,
https://www.aalavina.org/revista/marzo-abril-2009/apartado-1980,Apartado 1980,No,Marzo / Abril,2009,,,,,,No,Unknown (no location in byline),,
https://www.aalavina.org/revista/marzo-abril-2009/en-la-practica-de-los-pasos-encontre-mi-sobriedad,En la práctica de los Pasos encontré mi sobriedad,No,Marzo / Abril,2009,,Pedro V.,Arecibo,Puerto Rico,,No,No,"Grupo Hermandad, Arecibo, Puerto Rico",Group/institution: Grupo Hermandad
https://www.aalavina.org/revista/marzo-abril-2009/conocimientos-basicos-pero-no-suficientes,Conocimientos básicos pero no suficientes,No,Marzo / Abril,2009,,César L.,Smithfield,North Carolina,,No,No,"Smithfield, North Carolina",
https://www.aalavina.org/revista/marzo-abril-2009/el-espiritu-de-la-unidad,El espíritu de la unidad,No,Marzo / Abril,2009,,Moisés A.,San Diego,California,,No,No,"Grupo Chula Vista, San Diego, California",Group/institution: Grupo Chula Vista
https://www.aalavina.org/revista/marzo-abril-2009/tuve-que-perderlo-todo-para-encontrar-mi-sobriedad,Tuve que perderlo todo para encontrar mi sobriedad,No,Marzo / Abril,2009,,José T.S.,Amarillo,Texas,,No,Yes,"Amarillo, Texas",
https://www.aalavina.org/revista/marzo-abril-2009/como-encontre-mi-grupo-ideal,Cómo encontré mi grupo ideal,No,Marzo / Abril,2009,,Adán B.,Mar de Plata,Argentina,,No,No,"Nueva Esperanza, Mar de Plata, Argentina",Group/institution: Nueva Esperanza
https://www.aalavina.org/revista/marzo-abril-2009/mi-primer-amor,Mi primer amor,No,Marzo / Abril,2009,,Sonia A.,Reno,Nevada,,No,No,"Reno, Nevada",
https://www.aalavina.org/revista/marzo-abril-2009/progreso-espiritual,Progreso espiritual,No,Marzo / Abril,2009,,José R.,San Juan,Puerto Rico,,No,No,"Grupo Los Jóvenes, San Juan, Puerto Rico",Group/institution: Grupo Los Jóvenes
https://www.aalavina.org/revista/marzo-abril-2009/acerca-de-la-tercera-tradicion,Acerca de la tercera tradición,No,Marzo / Abril,2009,,Bill W.,,,,No,Unknown (no location in byline),,
https://www.aalavina.org/revista/marzo-abril-2009/informacion-sobre-el-alcoholismo,Información sobre el alcoholismo,No,Marzo / Abril,2009,,,,,,No,Unknown (no location in byline),,
https://www.aalavina.org/revista/enero-febrero-2009/apartado-1980,Apartado 1980,No,Enero / Febrero,2009,,,,,"Un foro a nivel mundial para las opiniones individuales, experiencias de recuperación y reflexiones sobre AA hoy en día.",No,Unknown (no location in byline),,
https://www.aalavina.org/revista/enero-febrero-2009/traslada-las-estrellas-ti,Traslada las estrellas a ti,No,Enero / Febrero,2009,,Luis H.,La Habana,Cuba,,No,No,"La Habana, Cuba",
https://www.aalavina.org/revista/enero-febrero-2009/gracias-al-servicio-gozo-de-una-buena-vida,Gracias al servicio gozo de una buena vida,No,Enero / Febrero,2009,,José de Jesús S.,San José,California,,No,No,"San José, California",
https://www.aalavina.org/revista/enero-febrero-2009/entonces-conoci-una-amiga-llamada-esperanza,Entonces conocí a una amiga llamada Esperanza,No,Enero / Febrero,2009,,Enrique M.,Winston-Salem,North Carolina,,No,No,"Winston, Salem, North Carolina","Published as ""Winston, Salem"""
https://www.aalavina.org/revista/enero-febrero-2009/dar-el-undecimo-paso,Dar el Undécimo Paso,No,Enero / Febrero,2009,,Bill W.,,,,No,Unknown (no location in byline),,
https://www.aalavina.org/revista/enero-febrero-2009/en-memoria-de-ebby,En memoria de Ebby,No,Enero / Febrero,2009,,Bill W.,,,,No,Unknown (no location in byline),,
https://www.aalavina.org/revista/enero-febrero-2009/un-fragmento-de-la-historia-el-origen-de-los-doce-pasos,Un fragmento de la historia: El origen de los Doce Pasos,No,Enero / Febrero,2009,,Bill W.,,,,No,Unknown (no location in byline),,
https://www.aalavina.org/revista/enero-febrero-2009/dormia-donde-me-cogiera-la-noche,Dormía donde me cogiera la noche,No,Enero / Febrero,2009,,José M.,San Sebastian,Puerto Rico,,No,No,"San Sebastian, Puerto Rico",
https://www.aalavina.org/revista/enero-febrero-2009/lo-que-salio-del-sombrero,Lo que salió del sombrero,No,Enero / Febrero,2009,,Ángela D.,New York City,New York,,No,No,"New York City, New York",
https://www.aalavina.org/revista/enero-febrero-2009/informacion-sobre-el-alcoholismo,Información sobre el alcoholismo,No,Enero / Febrero,2009,,,,,,No,Unknown (no location in byline),,
https://www.aalavina.org/revista/enero-febrero-2009/tema-de-discusion-para-reuniones,Tema de discusión para reuniones,No,Enero / Febrero,2009,,,,,,No,Unknown (no location in byline),,
https://www.aalavina.org/revista/noviembre-diciembre-2008/apartado-1980,Apartado 1980,No,Noviembre / Diciembre,2008,,,,,,No,Unknown (no location in byline),,
https://www.aalavina.org/revista/noviembre-diciembre-2008/no-dejes-que-se-oculte-el-sol,No dejes que se oculte el sol,No,Noviembre / Diciembre,2008,,Rómulo Q.,Ambato,,,No,No,Ambato,
https://www.aalavina.org/revista/noviembre-diciembre-2008/aa-no-desea-intervenir-en-controversias,AA no desea intervenir en controversias,No,Noviembre / Diciembre,2008,,Mario D.,Estancia,New Mexico,,No,No,"Estancia, New Mexico",
https://www.aalavina.org/revista/noviembre-diciembre-2008/si-mi-vida-fuera-un-libro,Si mi vida fuera un libro,No,Noviembre / Diciembre,2008,,Hector O.,Xalapa,,,No,No,Xalapa,
https://www.aalavina.org/revista/noviembre-diciembre-2008/alcohol-amigo-o-enemigo,"Alcohol, ¿amigo o enemigo?",No,Noviembre / Diciembre,2008,,Frank L.,Cayey,Puerto Rico,,No,No,"Cayey, Puerto Rico",
https://www.aalavina.org/revista/noviembre-diciembre-2008/victima-del-abuso,Víctima del abuso,No,Noviembre / Diciembre,2008,,Rosa C.,San José,California,,No,No,"San José, California",
https://www.aalavina.org/revista/noviembre-diciembre-2008/lo-equivocado-que-estaba,Lo equivocado que estaba,No,Noviembre / Diciembre,2008,,José F.,Brooklyn,New York,,No,No,"Brooklyn, New York",
https://www.aalavina.org/revista/noviembre-diciembre-2008/tuve-que-enfrentarme-verdaderas-pruebas-de-acido,Tuve que enfrentarme a verdaderas pruebas de ácido,No,Noviembre / Diciembre,2008,,Eulalio G.,San Ángelo,Texas,,No,Yes,"San Ángelo, Texas",
https://www.aalavina.org/revista/noviembre-diciembre-2008/siempre-habra-alguien-que-lo-ayude,Siempre habrá alguien que lo ayude,No,Noviembre / Diciembre,2008,,Jack C.,Rochelle,Illinois,,No,No,"Rochelle, Illinois",
https://www.aalavina.org/revista/noviembre-diciembre-2008/hacia-diecisiete-anos-que-no-habia-estado-con-mi-familia,Hacía diecisiete años que no había estado con mi familia,No,Noviembre / Diciembre,2008,,Eric B.,San José,California,,No,No,"San José, California",
https://www.aalavina.org/revista/noviembre-diciembre-2008/austin-tejas-convencion-nacional-hispana,"Austin, Tejas: Convención Nacional Hispana",No,Noviembre / Diciembre,2008,,,,,,No,Unknown (no location in byline),,
https://www.aalavina.org/revista/noviembre-diciembre-2008/spokane-washington-foro-regional-del-pacifico,"Spokane, Washington: Foro Regional del Pacífico",No,Noviembre / Diciembre,2008,,Paz P.,,,Nota de un miembro de nuestra junta asesora,No,Unknown (no location in byline),Asesora del Comité Editorial de la Viña,"Byline gives a role/medium, not a place: Asesora del Comité Editorial de la Viña"
https://www.aalavina.org/revista/noviembre-diciembre-2008/tradicion-11-autopromocion-no-atraccion,"Tradición 11, autopromoción, no atracción",No,Noviembre / Diciembre,2008,,Michael F.,,New Jersey,,No,No,New Jersey,
https://www.aalavina.org/revista/noviembre-diciembre-2008/por-que-se-van-los-nuevos,¿Por qué se van los nuevos?,No,Noviembre / Diciembre,2008,,Facho Q.,Panamá,,,No,No,Panamá,
https://www.aalavina.org/revista/noviembre-diciembre-2008/informacion-sobre-el-alcoholismo,Información sobre el alcoholismo,No,Noviembre / Diciembre,2008,,,,,,No,Unknown (no location in byline),,
https://www.aalavina.org/revista/noviembre-diciembre-2008/tema-de-discusion-para-reuniones,Tema de discusión para reuniones,No,Noviembre / Diciembre,2008,,,,,,No,Unknown (no location in byline),,
https://www.aalavina.org/revista/septiembre-octubre-2008/apartado-1980,Apartado 1980,No,Septiembre / Octubre,2008,,,,,,No,Unknown (no location in byline),,
https://www.aalavina.org/revista/septiembre-octubre-2008/de-vuelta-al-libro-grande,De vuelta al Libro Grande,No,Septiembre / Octubre,2008,,Larry M.,St. Louis,Missouri,,No,No,"St. Louis, Missouri",
https://www.aalavina.org/revista/septiembre-octubre-2008/yo-estuve-secuestrado,Yo estuve secuestrado...,No,Septiembre / Octubre,2008,,Óscar M.,Medellín,,,No,No,Medellín,
https://www.aalavina.org/revista/septiembre-octubre-2008/gracias-dios-mio-por-permitirme-cambiar-mi-vida,Gracias Dios mío por permitirme cambiar mi vida,No,Septiembre / Octubre,2008,,Ernesto R.,Orlando,Florida,,No,No,"Orlando, Florida",
https://www.aalavina.org/revista/septiembre-octubre-2008/lo-que-importa-es-como-se-recibe-el-mensaje,Lo que importa es cómo se recibe el mensaje,No,Septiembre / Octubre,2008,,Mauricio T.,Fullerton,California,,No,No,"Fullerton, California",
https://www.aalavina.org/revista/septiembre-octubre-2008/progreso-de-la-obsesion,Progreso de la obsesión,No,Septiembre / Octubre,2008,,Melody R.,Bandon,Oregon,,No,No,"Bandon, Oregon",
https://www.aalavina.org/revista/septiembre-octubre-2008/esto-es-aa-58a-conferencia-de-servicios-generales,Esto es AA: 58a Conferencia de Servicios Generales,No,Septiembre / Octubre,2008,,D.B.,Alberta,,La Conferencia de nunca acabar,No,No,Alberta,
https://www.aalavina.org/revista/septiembre-octubre-2008/xxxiii-convencion-de-california-2008,XXXIII Convención de California 2008,No,Septiembre / Octubre,2008,,,,,,No,Unknown (no location in byline),,
https://www.aalavina.org/revista/septiembre-octubre-2008/la-parte-mas-dificil-de-mi-paso-9,La parte más difícil de mi Paso 9,No,Septiembre / Octubre,2008,,Luis V.,San Francisco,California,,No,No,"San Francisco, California",
https://www.aalavina.org/revista/septiembre-octubre-2008/tema-de-discusion-para-reuniones,Tema de discusión para reuniones,No,Septiembre / Octubre,2008,,,,,,No,Unknown (no location in byline),,
https://www.aalavina.org/revista/septiembre-octubre-2008/cuestion-de-tolerancia-dejar-la-puerta-abierta-para-todos,Cuestión de tolerancia: dejar la puerta abierta para todos,No,Septiembre / Octubre,2008,,Jack L.,Corner,Pennsylvania,,No,No,"Corner, Pennsylvania",
https://www.aalavina.org/revista/septiembre-octubre-2008/informacion-sobre-el-alcoholismo,Información sobre el alcoholismo,No,Septiembre / Octubre,2008,,,,,,No,Unknown (no location in byline),,
https://www.aalavina.org/revista/julio-agosto-2008/apartado-1980,Apartado 1980,No,Julio / Agosto,2008,,,,,,No,Unknown (no location in byline),,
https://www.aalavina.org/revista/julio-agosto-2008/zapatos-viejos,Zapatos viejos,No,Julio / Agosto,2008,,Héctor O.,Xalapa,Veracruz,,No,No,"Xalapa, Veracruz",
https://www.aalavina.org/revista/julio-agosto-2008/aa-no-es-una-terapia-de-grupo,A.A. no es una terapia de grupo,No,Julio / Agosto,2008,,Craig R.,Carnation,Washington,,No,No,"Carnation, Washington",
https://www.aalavina.org/revista/julio-agosto-2008/no-quiero-prometer-nada-solo-mis-acciones-demostraran-mi-cambio,"No quiero prometer nada, sólo mis acciones demostrarán mi cambio",No,Julio / Agosto,2008,,José A.,Arequipa,,,No,No,"Penal de Socabaya, Arequipa",Group/institution: Penal de Socabaya
https://www.aalavina.org/revista/julio-agosto-2008/lo-que-aprendei-y-anhelo-desde-la-carcel,"Lo que aprendei y anhelo, desde la cárcel",No,Julio / Agosto,2008,,Victor R.,Safford,Arizona,,No,No,"Safford, Arizona",
https://www.aalavina.org/revista/julio-agosto-2008/tuve-la-decision-de-afrontar-la-realidad,Tuve la decisión de afrontar la realidad,No,Julio / Agosto,2008,,Ricardo G.,Arequipa,,,No,No,"Penal de Socabaya, Arequipa",Group/institution: Penal de Socabaya
https://www.aalavina.org/revista/julio-agosto-2008/he-aprendido-que-hablar-es-la-medicina-que-cura-el-temor,He aprendido que hablar es la medicina que cura el temor,No,Julio / Agosto,2008,,Juan H.,Diboll,Texas,,No,Yes,"Diboll, Texas",
https://www.aalavina.org/revista/julio-agosto-2008/senti-como-una-electricidad-en-todo-el-cuerpo,Sentí como una electricidad en todo el cuerpo,No,Julio / Agosto,2008,,Armando P.H.,Lima,,,No,No,Lima,
https://www.aalavina.org/revista/julio-agosto-2008/hoy-tengo-nuevas-formas-de-ver-las-cosas,Hoy tengo nuevas formas de ver las cosas,No,Julio / Agosto,2008,,Efraín L.,Arequipa,,,No,No,"Penal de Socabaya, Arequipa",Group/institution: Penal de Socabaya
https://www.aalavina.org/revista/julio-agosto-2008/una-madre-no-se-cansa-de-esperar,Una madre no se cansa de esperar,No,Julio / Agosto,2008,,José A.,Correcional de menores,Arequipa,,No,No,"Correcional de menores, Arequipa",
https://www.aalavina.org/revista/julio-agosto-2008/solo-vivo-por-hoy,Sólo vivo por hoy,No,Julio / Agosto,2008,,Alberto Q.,,,,No,Unknown (no location in byline),Penal de Socabaya,Group/institution: Penal de Socabaya
https://www.aalavina.org/revista/julio-agosto-2008/convencion-de-puerto-rico,Convención de Puerto Rico,No,Julio / Agosto,2008,,,,,,No,Unknown (no location in byline),,
https://www.aalavina.org/revista/julio-agosto-2008/mis-defectos-de-caracter-la-envidia,Mis defectos de carácter. La envidia,No,Julio / Agosto,2008,,Juan José,Madrid,,,No,No,Madrid,
https://www.aalavina.org/revista/julio-agosto-2008/eternamente-no-profesional,Eternamente no profesional,No,Julio / Agosto,2008,,Paul C.,Oceanside,California,,No,No,"Oceanside, California",
https://www.aalavina.org/revista/julio-agosto-2008/tema-de-discusion-para-reuniones,Tema de discusión para reuniones,No,Julio / Agosto,2008,,,,,,No,Unknown (no location in byline),,
https://www.aalavina.org/revista/julio-agosto-2008/informacion-sobre-el-alcoholismo,Información sobre el alcoholismo,No,Julio / Agosto,2008,,,,,,No,Unknown (no location in byline),,
https://www.aalavina.org/revista/mayo-junio-2008/apartado-1980,Apartado 1980,No,Mayo / Junio,2008,,,,,,No,Unknown (no location in byline),,
https://www.aalavina.org/revista/mayo-junio-2008/el-incredulo,El incrédulo,No,Mayo / Junio,2008,,Fernando C.,San José,California,,No,No,"San José, California",
https://www.aalavina.org/revista/mayo-junio-2008/las-mil-y-una-caidas,Las mil y una caídas,No,Mayo / Junio,2008,,Roberto L.,White Plains,New York,,No,No,"White Plains, New York",
https://www.aalavina.org/revista/mayo-junio-2008/informacion-sobre-el-alcoholismo,Información sobre el alcoholismo,No,Mayo / Junio,2008,,,,,,No,Unknown (no location in byline),,
https://www.aalavina.org/revista/mayo-junio-2008/tema-de-discusion-para-reuniones,Tema de discusión para reuniones,No,Mayo / Junio,2008,,,,,,No,Unknown (no location in byline),,
https://www.aalavina.org/revista/mayo-junio-2008/entre-la-gracia-divina-y-la-esperanza-muchos-mensajeros-un-mensaje,"Entre la gracia divina y la esperanza: muchos mensajeros, un mensaje",No,Mayo / Junio,2008,,Santiago E.,Laguna Niguel,California,,No,No,"Laguna Niguel, California",
https://www.aalavina.org/revista/mayo-junio-2008/de-la-trinchera-la-luz-lo-que-no-dice-el-paso-once,De la trinchera a la luz lo que no dice el Paso Once,No,Mayo / Junio,2008,,Mike D.,Syracuse,New York,,No,No,"Syracuse, New York",
https://www.aalavina.org/revista/mayo-junio-2008/el-milagro-que-se-dio-en-mi-vida,El milagro que se dio en mi vida,No,Mayo / Junio,2008,,Luis E.,Santiago del Estero,,,No,No,"Grupo Shalo, Santiago del Estero",Group/institution: Grupo Shalo
https://www.aalavina.org/revista/mayo-junio-2008/convencion-de-america-central-en-san-jose-costa-rica,"Convención de América Central en San José, Costa Rica",No,Mayo / Junio,2008,,,,,,No,Unknown (no location in byline),,
https://www.aalavina.org/revista/mayo-junio-2008/un-paso-adelante,Un paso adelante,No,Mayo / Junio,2008,,Fran D.,New Orleans,,,No,No,New Orleans,
https://www.aalavina.org/revista/mayo-junio-2008/aprender-respetar-los-demas,Aprender a respetar a los demás,No,Mayo / Junio,2008,,Oskareme,Medellín,,,No,No,Medellín,
https://www.aalavina.org/revista/marzo-abril-2008/apartado-1980,Apartado 1980,No,Marzo / Abril,2008,,,,,"Un foro a nivel mundial para las opiniones individuales, experiencias de recuperación y reflexiones sobre AA hoy en día.",No,Unknown (no location in byline),,
https://www.aalavina.org/revista/marzo-abril-2008/medico-existe-una-cura-milagrosa,Médico: existe una cura milagrosa,No,Marzo / Abril,2008,,Mario S.,Quebec,,Historia de un médico alcohólico,No,No,Quebec,
https://www.aalavina.org/revista/marzo-abril-2008/como-nos-enganamos-con-el-alcohol,“Cómo nos engañamos con el alcohol...”,No,Marzo / Abril,2008,,,,,Siempre prefería vivir en un mundo de fantasía. La bebida parecía faciltarle la entrada a ese ameno aunque inventado reino imaginario que al fin se convirtió en un caos y una catástrofe.,No,Unknown (no location in byline),,
https://www.aalavina.org/revista/marzo-abril-2008/sentenciado-soledad,Sentenciado a soledad,No,Marzo / Abril,2008,,,,,"En todas las actividades de su vida quería ser el número uno, pero fue el último en reconocer el daño que la bebida estaba causando a su vida.",No,Unknown (no location in byline),,
https://www.aalavina.org/revista/marzo-abril-2008/tenia-mil-mascaras,Tenía mil máscaras,No,Marzo / Abril,2008,,,,,"Tocó su fondo emocional y llegó joven a A.A., ahorrándose así años de sufrimiento.",No,Unknown (no location in byline),,
https://www.aalavina.org/revista/marzo-abril-2008/preguntas-y-respuestas-sobre-la-nueva-edicion-del-libro-azul,Preguntas y respuestas sobre la nueva edición del Libro Azul,No,Marzo / Abril,2008,,,,,,No,Unknown (no location in byline),,
https://www.aalavina.org/revista/marzo-abril-2008/verdadero-recuperado-agradecido,"“Verdadero, Recuperado, Agradecido”",No,Marzo / Abril,2008,,Paul C.,Oceanside,California,Marcando territorio con amor y saber,No,No,"Oceanside, California",
https://www.aalavina.org/revista/marzo-abril-2008/carta-una-recien-llegada,Carta a una recién llegada,No,Marzo / Abril,2008,,Mildred V.,San Juan,Puerto Rico,"de ""Lo Mejor de la Viña""",No,No,"San Juan, Puerto Rico",
https://www.aalavina.org/revista/marzo-abril-2008/informacion-sobre-el-alcoholismo,Información sobre el alcoholismo,No,Marzo / Abril,2008,,,,,,No,Unknown (no location in byline),,
https://www.aalavina.org/revista/enero-febrero-2008/apartado-1980,Apartado 1980,No,Enero / Febrero,2008,,,,,"Un foro a nivel mundial para las opiniones individuales, experiencias de recuperación y reflexiones sobre AA hoy en día.",No,Unknown (no location in byline),,
https://www.aalavina.org/revista/enero-febrero-2008/sin-sobriedad-instantanea,Sin sobriedad instantánea,No,Enero / Febrero,2008,,Jay B.,Phoenix,Arizona,La serenidad puede desaparecer en un segundo,No,No,"Phoenix, Arizona",
https://www.aalavina.org/revista/enero-febrero-2008/sobriedad-largo-plazo,Sobriedad a largo plazo,No,Enero / Febrero,2008,,Dave A.,Des Moines,Iowa,,No,No,"Des Moines, Iowa",
https://www.aalavina.org/revista/enero-febrero-2008/no-somos-una-partida-de-malhumorados,No somos una partida de malhumorados,No,Enero / Febrero,2008,,Eladio M.,,Puerto Rico,,No,No,Puerto Rico,
https://www.aalavina.org/revista/enero-febrero-2008/el-programa-lo-hace-la-gente,El programa lo hace la gente,No,Enero / Febrero,2008,,Robert K.,Marcy,New York,,No,No,"Marcy, New York",
https://www.aalavina.org/revista/enero-febrero-2008/informacion-publica-en-la-radio,Información pública en la radio,No,Enero / Febrero,2008,,H.M.,Callao,,,No,No,Callao,
https://www.aalavina.org/revista/enero-febrero-2008/los-madrugadores,Los madrugadores,No,Enero / Febrero,2008,,Anónimo,New York,New York,,No,No,"New York, New York",
https://www.aalavina.org/revista/enero-febrero-2008/temas-de-discusion-para-reuniones,Temas de discusión para reuniones,No,Enero / Febrero,2008,,,,,,No,Unknown (no location in byline),,
https://www.aalavina.org/revista/enero-febrero-2008/tradicion-numero-dos,Tradición número dos:,No,Enero / Febrero,2008,,Dan B.,Rochester,New York,Nuestra manera en lugar de a mi manera. Darle una oportunidad a la voluntad del grupo.,No,No,"Rochester, New York",
https://www.aalavina.org/revista/enero-febrero-2008/hola-y-adios,Hola y adíos,No,Enero / Febrero,2008,,Marsha C.,Edmond,Oklahoma,¿Cómo se acepta lo inaceptable?,No,No,"Edmond, Oklahoma",
https://www.aalavina.org/revista/enero-febrero-2008/un-fuerte-huracan-arraso-con-todo,Un fuerte huracán arrasó con todo,No,Enero / Febrero,2008,,Yolanda L.T.,México,D.F,,No,No,"México, D.F",
https://www.aalavina.org/revista/enero-febrero-2008/informacion-sobre-el-alcoholismo,Información sobre el alcoholismo,No,Enero / Febrero,2008,,,,,,No,Unknown (no location in byline),,
https://www.aalavina.org/revista/noviembre-diciembre-2007/apartado-1980,Apartado 1980,No,Noviembre / Diciembre,2007,,,,,"Un foro a nivel mundial para las opiniones individuales, experiencias de recuperación y reflexiones sobre AA hoy en día.",No,Unknown (no location in byline),,
https://www.aalavina.org/revista/noviembre-diciembre-2007/esto-es-aa,Esto es AA,No,Noviembre / Diciembre,2007,,Enna R.,Washington,D.C,,No,No,"Washington, D.C",
https://www.aalavina.org/revista/noviembre-diciembre-2007/las-cuatro-dimensiones-de-la-recuperacion,Las cuatro dimensiones de la recuperación,No,Noviembre / Diciembre,2007,,Douglas B.,Comayagüela,,,No,No,Comayagüela,
https://www.aalavina.org/revista/noviembre-diciembre-2007/el-servicio-un-privilegio,"El servicio, un privilegio",No,Noviembre / Diciembre,2007,,José A.M.,Los Ángeles,California,,No,No,"Los Ángeles, California",
https://www.aalavina.org/revista/noviembre-diciembre-2007/como-hacer-una-reunion-de-estudio-del-libro-azul,Cómo hacer una reunión de estudio del Libro Azul,No,Noviembre / Diciembre,2007,,Daniel Z.,,Florida,"El “Libro Azul”, también conocido como “el texto básico” o, más comúnmente, como el “Libro Grande”, es el libro Alcohólicos Anónimos, que recopila la experiencia de los primeros alcohólicos que encontraron una solución al problema del alcoholismo a través de nuestro programa, y que fuera publicado por primera vez en 1939. Actualmente se está preparando la tercera edición de Alcohólicos Anónimos en español.",No,No,Florida,
https://www.aalavina.org/revista/noviembre-diciembre-2007/morir-para-nacer,Morir para nacer,No,Noviembre / Diciembre,2007,,Héctor O.G.,Xalapa,Veracruz,,No,No,"Xalapa, Veracruz",
https://www.aalavina.org/revista/noviembre-diciembre-2007/lo-unico-que-me-ha-hecho-sentir-feliz-y-util,Lo único que me ha hecho sentir feliz y útil,No,Noviembre / Diciembre,2007,,Orlando D.,Medellín,,,No,No,Medellín,
https://www.aalavina.org/revista/noviembre-diciembre-2007/el-asunto-ese-de-dios,El asunto ése de Dios,No,Noviembre / Diciembre,2007,,Juan José C.,Madrid,,,No,No,Madrid,
https://www.aalavina.org/revista/noviembre-diciembre-2007/el-lenguaje-del-corazon,El Lenguaje del Corazón,No,Noviembre / Diciembre,2007,,Bill W.,,,Duodécima Tradición,No,Unknown (no location in byline),,
https://www.aalavina.org/revista/noviembre-diciembre-2007/medico-y-alcoholico,Médico y alcohólico,No,Noviembre / Diciembre,2007,,Guillermo A.,Santurce,Puerto Rico,Este artículo está basado en la presentación que hizo el compañero en la 51a Convención de Área de Puerto Rico celebrada en Mayagüez en 2007.,No,No,"Santurce, Puerto Rico",
https://www.aalavina.org/revista/noviembre-diciembre-2007/informacion-sobre-el-alcoholismo,Información sobre el alcoholismo,No,Noviembre / Diciembre,2007,,,,,,No,Unknown (no location in byline),,
https://www.aalavina.org/revista/septiembre-octubre-2007/apartado-1980,Apartado 1980,No,Septiembre / Octubre,2007,,,,,,No,Unknown (no location in byline),,
https://www.aalavina.org/revista/septiembre-octubre-2007/mi-familia-despues,Mi familia después,No,Septiembre / Octubre,2007,,Daris N.,Humacao,Puerto Rico,,No,No,"Grupo Prosperidad, Humacao, Puerto Rico",Group/institution: Grupo Prosperidad
https://www.aalavina.org/revista/septiembre-octubre-2007/mi-papa-va-alcoholicos-anonimos,Mi papá va a Alcohólicos Anónimos,No,Septiembre / Octubre,2007,,"Matías Nicolás, Moreno",Buenos Aires,Argentina,,No,No,"Buenos Aires, Argentina",
https://www.aalavina.org/revista/septiembre-octubre-2007/la-mejor-inversion-de-mi-vida,La mejor inversión de mi vida,No,Septiembre / Octubre,2007,,Nicolás R.,Capiatá,,,No,No,"Grupo Buena Voluntad, Capiatá",Group/institution: Grupo Buena Voluntad
https://www.aalavina.org/revista/septiembre-octubre-2007/el-alcoholismo-y-la-familia,El alcoholismo y la familia,No,Septiembre / Octubre,2007,,Trini,,Puerto Rico,,No,No,Puerto Rico,
https://www.aalavina.org/revista/septiembre-octubre-2007/tema-de-discusion-para-reuniones,Tema de discusión para reuniones,No,Septiembre / Octubre,2007,,,,,,No,Unknown (no location in byline),,
https://www.aalavina.org/revista/septiembre-octubre-2007/un-doctor-de-caracas,Un doctor de Caracas,No,Septiembre / Octubre,2007,,Diego R.,Caracas,,Ojalá que estas líneas —resumen de mi alcoholismo y recuperación— puedan ayudar a algún alcohólico que esté tratando de decidir si es alcohólico o no.,No,No,Caracas,
https://www.aalavina.org/revista/septiembre-octubre-2007/el-auto-no-era-mio,El auto no era mío,No,Septiembre / Octubre,2007,,Anónimo,,New York,,No,No,New York,
https://www.aalavina.org/revista/septiembre-octubre-2007/sugerencias-nuestros-futuros-servidores,Sugerencias a nuestros futuros servidores,No,Septiembre / Octubre,2007,,J.Z.,Guayaquil,Ecuador,,No,No,"Guayaquil, Ecuador",
https://www.aalavina.org/revista/septiembre-octubre-2007/el-programa-me-estaba-esperando,El programa me estaba esperando,No,Septiembre / Octubre,2007,,Martín,Detrot,Michigan,,No,No,"Detrot, Michigan",
https://www.aalavina.org/revista/septiembre-octubre-2007/no-dejes-pasar-el-momento,No dejes pasar el momento,No,Septiembre / Octubre,2007,,Joyce E.,New Smyrna Beach,Florida,,No,No,"New Smyrna Beach, Florida",
https://www.aalavina.org/revista/septiembre-octubre-2007/mi-viaje-ecuador-y-colombia-con-la-vina,Mi viaje a Ecuador y Colombia con La Viña,No,Septiembre / Octubre,2007,,"Manuel L., R.L.V.",Chorillos,Lima,Lo que funciona bien y mal en los grupos de AA,No,No,"Grupo Hazlo Simple, Chorillos, Lima",Group/institution: Grupo Hazlo Simple
https://www.aalavina.org/revista/julio-agosto-2007/apartado-1980,Apartado 1980,No,Julio / Agosto,2007,,,,,,No,Unknown (no location in byline),,
https://www.aalavina.org/revista/julio-agosto-2007/en-el-camino-de-la-humildad,En el camino de la humildad,No,Julio / Agosto,2007,,"Emiliano A H, Matamoros",Tamaulipas,,,No,No,Tamaulipas,
https://www.aalavina.org/revista/julio-agosto-2007/con-la-puerta-cerrada,Con la puerta cerrada,No,Julio / Agosto,2007,,Ezequiel S.,Elyria,Ohio,,No,No,"Elyria, Ohio",
https://www.aalavina.org/revista/julio-agosto-2007/preso-en-el-penal-de-lurigancho,Preso en el penal de Lurigancho,No,Julio / Agosto,2007,,Anónimo,Lima,,"Ante la sugerencia de un representante de La Viña que visita el penal regularmente, un compañero escribió su historia para la revista.",No,No,"Penal de San Juan de Lurigancho, Lima",Group/institution: Penal de San Juan de Lurigancho
https://www.aalavina.org/revista/julio-agosto-2007/liberado-de-dos-condenas,Liberado de dos condenas,No,Julio / Agosto,2007,,Ángel,,,,No,Unknown (no location in byline),Grupo institucional 31 de marzo,Group/institution: Grupo institucional 31 de marzo
https://www.aalavina.org/revista/julio-agosto-2007/al-fin-libre,Al fin libre,No,Julio / Agosto,2007,,Alcario J.,Draper,Utah,,No,No,"Institución Penitenciaria en Draper, Utah",Group/institution: Institución Penitenciaria en Draper
https://www.aalavina.org/revista/julio-agosto-2007/la-creacion-de-un-grupo-de-aa-en-prision-en-francia,La creación de un grupo de AA en prisión en Francia,No,Julio / Agosto,2007,,Manuel M. de Paris,Zaragoza,,,No,No,"Grupo Armonía, Zaragoza",Group/institution: Grupo Armonía
https://www.aalavina.org/revista/julio-agosto-2007/un-cambio-de-vida,Un cambio de vida,No,Julio / Agosto,2007,,Leonardo S.,,Washington,,No,No,"Prisión del Condado de Walla Walla, Washington",Group/institution: Prisión del Condado de Walla Walla
https://www.aalavina.org/revista/julio-agosto-2007/un-puente-con-los-aa-de-todo-el-mundo,Un puente con los AA de todo el mundo,No,Julio / Agosto,2007,,Porfirio H.S.,Avenal,California,,No,No,"Institución penitenciaria en Avenal, California",Group/institution: Institución penitenciaria en Avenal
https://www.aalavina.org/revista/julio-agosto-2007/dos-experiencias-del-grupo-penitenciario-buscando-un-camino,"Dos experiencias del grupo penitenciario ""Buscando un Camino""",No,Julio / Agosto,2007,,,,,,No,Unknown (no location in byline),,
https://www.aalavina.org/revista/julio-agosto-2007/miedo-y-valor,Miedo y valor,No,Julio / Agosto,2007,,Jim M.,Bland,Virginia,,No,No,"Bland, Virginia",
https://www.aalavina.org/revista/julio-agosto-2007/el-servicio-en-la-colonia-penal-de-las-islas-marias,El servicio en la colonia penal de las Islas Marías,No,Julio / Agosto,2007,,Gerardo P.,Los Ángeles,California,,No,No,"Los Ángeles, California",
https://www.aalavina.org/revista/julio-agosto-2007/contra-las-cuerdas,Contra las cuerdas,No,Julio / Agosto,2007,,César C.,,,,No,Unknown (no location in byline),,
https://www.aalavina.org/revista/julio-agosto-2007/la-radio-ayuda-al-crecimiento-de-aa,La radio ayuda al crecimiento de AA,No,Julio / Agosto,2007,,Paco,,Islas Canarias,,No,No,"Grupo Sendero, Área 11, Islas Canarias","Group/area: Grupo Sendero, Área 11"
https://www.aalavina.org/revista/julio-agosto-2007/57a-conferencia-de-servicios-generales-de-aa-de-estados-unidos-y-canada,57ª Conferencia de Servicios Generales de AA de Estados Unidos y Canadá,No,Julio / Agosto,2007,,,,,"Nueva York, 22 al 28 de abril de 2007",No,Unknown (no location in byline),,
https://www.aalavina.org/revista/julio-agosto-2007/tema-de-discusion-para-reuniones,Tema de discusión para reuniones,No,Julio / Agosto,2007,,,,,,No,Unknown (no location in byline),,
https://www.aalavina.org/revista/mayo-junio-2007/apartado-1980,Apartado 1980,No,Mayo / Junio,2007,,,,,,No,Unknown (no location in byline),,
https://www.aalavina.org/revista/mayo-junio-2007/la-informacion-publica,La información pública,No,Mayo / Junio,2007,,,,,,No,Unknown (no location in byline),,
https://www.aalavina.org/revista/mayo-junio-2007/como-funciona-el-despacho-de-informacion-publica-en-la-osg-de-nueva-york,Cómo funciona el despacho de Información Pública en la OSG de Nueva York,No,Mayo / Junio,2007,,,,,,No,Unknown (no location in byline),,
https://www.aalavina.org/revista/mayo-junio-2007/como-deberia-ser-la-informacion-al-publico,Cómo debería ser la información al público,No,Mayo / Junio,2007,,J. Jesús G.,Napa,California,,No,No,"Grupo 4 de Abril, Napa, California",Group/institution: Grupo 4 de Abril
https://www.aalavina.org/revista/mayo-junio-2007/los-volantes-de-un-comite-de-informacion-publica,Los volantes de un comité de Información Pública,No,Mayo / Junio,2007,,,,,,No,Unknown (no location in byline),,
https://www.aalavina.org/revista/mayo-junio-2007/como-entre-en-el-servicio-de-informacion-publica,Cómo entré en el servicio de información pública,No,Mayo / Junio,2007,,José Manuel R.,,California,,No,No,California,
https://www.aalavina.org/revista/mayo-junio-2007/hay-distintas-maneras-de-llegar-la-gente,Hay distintas maneras de llegar a la gente,No,Mayo / Junio,2007,,Marta A.,Buenos Aires,,En estas pocas líneas quiero dejar mi experiencia a lo largo de mi paso por el servicio de información pública.,No,No,"Grupo Rafael Castillo La Matanza, Buenos Aires",Group/institution: Grupo Rafael Castillo La Matanza
https://www.aalavina.org/revista/mayo-junio-2007/algunas-apreciaciones-sobre-el-alcoholismo-y-alcoholicos-anonimos,Algunas apreciaciones sobre el alcoholismo y Alcohólicos Anónimos,No,Mayo / Junio,2007,,,,,,No,Unknown (no location in byline),,
https://www.aalavina.org/revista/mayo-junio-2007/hasta-donde-somos-responsables-los-grupos-de-aa-de-la-muerte-de-muchos,¿Hasta dónde somos responsables los grupos de AA de la muerte de muchos enfermos de alcoholismo?,No,Mayo / Junio,2007,,Hernán G.,Bucaramanga,,,No,No,"Grupo ""Bill & Bob, Bucaramanga","Group/institution: Grupo ""Bill & Bob"
https://www.aalavina.org/revista/mayo-junio-2007/cuando-la-niebla-se-disipa,Cuando la niebla se disipa,No,Mayo / Junio,2007,,Bill M.,San Diego,California,,No,No,"San Diego, California",
https://www.aalavina.org/revista/mayo-junio-2007/no-digas-nunca-para-siempre,No digas nunca “para siempre”,No,Mayo / Junio,2007,,Paul L.,Detroit,Michigan,,No,No,"Detroit, Michigan",
https://www.aalavina.org/revista/mayo-junio-2007/tema-de-discusion-para-reuniones,Tema de discusión para reuniones,No,Mayo / Junio,2007,,,,,,No,Unknown (no location in byline),,
https://www.aalavina.org/revista/mayo-junio-2007/ix-convencion-nacional-de-aa-de-mexico,IX Convención Nacional de AA de México,No,Mayo / Junio,2007,,,,,"Guadalajara, Jalisco, 23, 24 y 25 de marzo de 2007",No,Unknown (no location in byline),,
https://www.aalavina.org/revista/mayo-junio-2007/51a-convencion-de-aa-de-puerto-rico,51ª Convención de AA de Puerto Rico,No,Mayo / Junio,2007,,,,,"Mayagüez, 30 y 31 de marzo y 1ro de abril de 2007 Llevar el mensaje, responsabilidad de todos",No,Unknown (no location in byline),,
https://www.aalavina.org/revista/mayo-junio-2007/taller-de-la-vina-en-la-convencion-de-puerto-rico,Taller de La Viña en la Convención de Puerto Rico,No,Mayo / Junio,2007,,,,,,No,Unknown (no location in byline),,
https://www.aalavina.org/revista/marzo-abril-2007/apartado-1980,Apartado 1980,No,Marzo / Abril,2007,,,,,"Un foro a nivel mundial para las opiniones individuales, experiencias de recuperación y reflexiones sobre AA hoy en día.",No,Unknown (no location in byline),,
https://www.aalavina.org/revista/marzo-abril-2007/bienvenido-al-programa,Bienvenido al programa,No,Marzo / Abril,2007,,Bienvenido P.L.,Tulipán,Cienfuegos,,No,No,"Tulipán, Cienfuegos",
https://www.aalavina.org/revista/marzo-abril-2007/un-militar-sin-brujula,Un militar sin brújula,No,Marzo / Abril,2007,,Guillermo M.,por correco electronico,,,No,No,"Grupo ""Amar y Vivir"", por correco electronico","Group/institution: Grupo ""Amar y Vivir"""
https://www.aalavina.org/revista/marzo-abril-2007/una-parte-de-la-historia-del-grupo-araure,Una parte de la historia del Grupo Araure,No,Marzo / Abril,2007,,Guillermo R.,,,,No,No,Área Portuguesa,Group/institution: Área Portuguesa
https://www.aalavina.org/revista/marzo-abril-2007/eliminando-el-deficit,Eliminando el déficit,No,Marzo / Abril,2007,,C.D.,Washington,D.C,,No,No,"Washington, D.C",
https://www.aalavina.org/revista/marzo-abril-2007/bajo-su-cuidado,Bajo su cuidado,No,Marzo / Abril,2007,,Anónimo,,New York,,No,No,New York,
https://www.aalavina.org/revista/marzo-abril-2007/reflexiones-sobre-la-lujuria,Reflexiones sobre la lujuria,No,Marzo / Abril,2007,,Onofredo L.L.,Medellín,Antioquia,,No,No,"Medellín, Antioquia",
https://www.aalavina.org/revista/marzo-abril-2007/es-como-nacer-de-nuevo,Es como nacer de nuevo,No,Marzo / Abril,2007,,Rosa L.,Villa Maria,Córdoba,,No,No,"Villa Maria, Córdoba",
https://www.aalavina.org/revista/marzo-abril-2007/aa-y-los-aborigenes-australianos,AA y los aborígenes australianos,No,Marzo / Abril,2007,,Bill R.,West Wyalong,,,No,No,West Wyalong,
https://www.aalavina.org/revista/marzo-abril-2007/tema-de-discusion-para-reuniones,Tema de discusión para reuniones,No,Marzo / Abril,2007,,,,,,No,Unknown (no location in byline),,
https://www.aalavina.org/revista/marzo-abril-2007/foro-regional-del-sudeste,Foro Regional del Sudeste,No,Marzo / Abril,2007,,Juan R.,Coordinador de La Viña,Área 7Z Puerto Rico,"Atlanta, Georgia, 1 al 3 de diciembre de 2006",No,No,"Coordinador de La Viña, Área 7Z Puerto Rico",
https://www.aalavina.org/revista/marzo-abril-2007/escuchando-con-el-corazon,Escuchando con el corazón,No,Marzo / Abril,2007,,Fritz D.,Sarasota,Florida,,No,No,"Sarasota, Florida",
https://www.aalavina.org/revista/enero-febrero-2007/apartado-1980,Apartado 1980,No,Enero / Febrero,2007,,,,,,No,Unknown (no location in byline),,
https://www.aalavina.org/revista/enero-febrero-2007/la-mistica-de-alcoholicos-anonimos,La mística de Alcohólicos Anónimos,No,Enero / Febrero,2007,,Eladio M.,Cidra,Puerto Rico,,No,No,"Cidra, Puerto Rico",
https://www.aalavina.org/revista/enero-febrero-2007/no-sabia-adonde-iba-llegar,No sabía adónde iba a llegar,No,Enero / Febrero,2007,,Delicio S.,Holguín,,,No,No,Holguín,
https://www.aalavina.org/revista/enero-febrero-2007/deje-atras-la-prision-que-habia-construido,Dejé atrás la prisión que habia construido,No,Enero / Febrero,2007,,Oscar S.,Mar de Plata,,,No,No,"Grupo Nueva Esperanza, Mar de Plata",Group/institution: Grupo Nueva Esperanza
https://www.aalavina.org/revista/enero-febrero-2007/parques-de-vida,Parques de vida,No,Enero / Febrero,2007,,Fernando C.,San José,California,,No,No,"Grupo Gardner, San José, California",Group/institution: Grupo Gardner
https://www.aalavina.org/revista/enero-febrero-2007/una-experiencia-y-una-carta,Una experiencia y una carta,No,Enero / Febrero,2007,,Boris O.,Miami,Florida,,No,No,"Grupo ""Quinta Tradición"", Miami, Florida","Group/institution: Grupo ""Quinta Tradición"""
https://www.aalavina.org/revista/enero-febrero-2007/tres-testimonios-del-grupo-el-milagro,Tres Testimonios del Grupo El Milagro,No,Enero / Febrero,2007,,,,,"Tres miembros de diversas edades de este grupo de la ciudad de Chiclayo, en la costa norte del Perú, comparten sus experiencias a través de La Viña.",No,Unknown (no location in byline),,
https://www.aalavina.org/revista/enero-febrero-2007/mi-segundo-ano-en-aa,Mi segundo año en AA,No,Enero / Febrero,2007,,Douglas B.,,,,No,Unknown (no location in byline),"Grupo ""Posible Paso""","Group/institution: Grupo ""Posible Paso"""
https://www.aalavina.org/revista/enero-febrero-2007/mas-alla-de-la-brecha-generacional,Más allá de la brecha generacional,No,Enero / Febrero,2007,,B.M.,Saratoga,California,,No,No,"Saratoga, California",
https://www.aalavina.org/revista/enero-febrero-2007/tema-de-discusion-para-reuniones,Tema de discusión para reuniones,No,Enero / Febrero,2007,,,,,,No,Unknown (no location in byline),,
https://www.aalavina.org/revista/enero-febrero-2007/que-estas-dispuesto-para-salvar-tu-vida,¿A qué estás dispuesto para salvar tu vida?,No,Enero / Febrero,2007,,José S.,"""La Alegría de Vivir"" San José",California,,No,No,"""La Alegría de Vivir"" San José, California",
https://www.aalavina.org/revista/enero-febrero-2007/el-primer-paso-hecho-conciencia,El Primer Paso hecho a conciencia,No,Enero / Febrero,2007,,Cynthia A.,Lima,,,No,No,Lima,
https://www.aalavina.org/revista/enero-febrero-2007/el-principio-del-viaje,El principio del viaje,No,Enero / Febrero,2007,,Aurora,Madrid,,,No,No,"Grupo Retiro, Madrid",Group/institution: Grupo Retiro
https://www.aalavina.org/revista/enero-febrero-2007/no-descuido-mi-sobriedad,No descuido mi sobriedad,No,Enero / Febrero,2007,,Mirta M.,San Luis,,,No,No,San Luis,
https://www.aalavina.org/revista/enero-febrero-2007/42-anos-de-sobriedad,42 años de sobriedad,No,Enero / Febrero,2007,,Fernando D.,Rialito,California,,No,No,"Rialito, California",
https://www.aalavina.org/revista/enero-febrero-2007/algunas-reflexiones-sobre-el-segundo-paso,Algunas reflexiones sobre el segundo paso,No,Enero / Febrero,2007,,Carlos E.,Cali,,,No,No,"Grupo ""Semilla de Mostaza"", Cali","Group/institution: Grupo ""Semilla de Mostaza"""
https://www.aalavina.org/revista/enero-febrero-2007/carta-un-aa-de-su-amante,Carta a un AA de su amante,No,Enero / Febrero,2007,,Héctor O.A.,Xalapa,Veracruz,,No,No,"Xalapa, Veracruz",
https://www.aalavina.org/revista/enero-febrero-2007/foro-especial-hispano,Foro Especial Hispano,No,Enero / Febrero,2007,,,,,"Kenosha, Wisconsin, 11 y 12 de noviembre de 2006",No,Unknown (no location in byline),,
https://www.aalavina.org/revista/noviembre-diciembre-2006/apartado-1980,Apartado 1980,No,Noviembre / Diciembre,2006,,,,,,No,Unknown (no location in byline),,
https://www.aalavina.org/revista/noviembre-diciembre-2006/un-encuentro-gracioso,Un encuentro gracioso,No,Noviembre / Diciembre,2006,,Juan H.,Houston,Texas,,No,Yes,"Houston, Texas",
https://www.aalavina.org/revista/noviembre-diciembre-2006/casi-mato-por-mis-resentimientos,Casi mato por mis resentimientos,No,Noviembre / Diciembre,2006,,Pedro A.,Desert Hot Springs,California,,No,No,"Desert Hot Springs, California",
https://www.aalavina.org/revista/noviembre-diciembre-2006/uno-es-demasiado-y-cien-no-bastan,Uno es demasiado y cien no bastan,No,Noviembre / Diciembre,2006,,José M.,San Sebastián,Puerto Rico,,No,No,"Grupo Pepino, San Sebastián, Puerto Rico",Group/institution: Grupo Pepino
https://www.aalavina.org/revista/noviembre-diciembre-2006/el-acto-final,El acto final,No,Noviembre / Diciembre,2006,,Sergio L.,El Paso,Texas,,No,Yes,"El Paso, Texas",
https://www.aalavina.org/revista/noviembre-diciembre-2006/predicar-con-el-ejemplo,Predicar con el ejemplo,No,Noviembre / Diciembre,2006,,Alejandro H.,Chorrillos,Lima,,No,No,"Grupo Hazlo Simple, Chorrillos, Lima",Group/institution: Grupo Hazlo Simple
https://www.aalavina.org/revista/noviembre-diciembre-2006/los-escombros-del-pasado,Los escombros del pasado,No,Noviembre / Diciembre,2006,,Roberto J.,,Texas,,No,Yes,"Grupo Paz y Sobriedad, Texas",Group/institution: Grupo Paz y Sobriedad
https://www.aalavina.org/revista/noviembre-diciembre-2006/testimonio-de-un-companero-de-nicaragua,Testimonio de un compañero de Nicaragua,No,Noviembre / Diciembre,2006,,Jorge S.,Ocotal,Nuevo Segovia,,No,No,"Grupo Diez de Junio, Ocotal, Nuevo Segovia",Group/institution: Grupo Diez de Junio
https://www.aalavina.org/revista/noviembre-diciembre-2006/mi-ultima-oportunidad-llego-en-aa,Mi última oportunidad llegó en AA,No,Noviembre / Diciembre,2006,,Ricardo L.,Los Ángeles,California,,No,No,"Grupo Latino de Bell, Los Ángeles, California",Group/institution: Grupo Latino de Bell
https://www.aalavina.org/revista/noviembre-diciembre-2006/seis-anos-de-sobriedad,Seis años de sobriedad,No,Noviembre / Diciembre,2006,,Joel M.,Bloomington,California,,No,No,"Bloomington, California",
https://www.aalavina.org/revista/noviembre-diciembre-2006/como-cada-cual-lo-concibe,Como cada cual lo concibe,No,Noviembre / Diciembre,2006,,Manuel M. de Paris,Zaragoza,,,No,No,Zaragoza,
https://www.aalavina.org/revista/noviembre-diciembre-2006/tema-de-discusion-para-reuniones,Tema de discusión para reuniones,No,Noviembre / Diciembre,2006,,,,,,No,Unknown (no location in byline),,
https://www.aalavina.org/revista/noviembre-diciembre-2006/el-amor-no-se-interrumpe,El amor no se interrumpe,No,Noviembre / Diciembre,2006,,Candela del Mar,Buenos Aires,,,No,No,Buenos Aires,
https://www.aalavina.org/revista/noviembre-diciembre-2006/por-que-no-hacer-un-inventario-del-grupo,¿Por qué no hacer un inventario del grupo?,No,Noviembre / Diciembre,2006,,Anónimo,Scarsdale,New York,,No,No,"Scarsdale, New York",
https://www.aalavina.org/revista/noviembre-diciembre-2006/espero-la-llegada-de-alguien-como-yo,Espero la llegada de alguien como yo,No,Noviembre / Diciembre,2006,,Emily T.,Inglewood,California,,No,No,"Grupo Plentitud, Inglewood, California",Group/institution: Grupo Plentitud
https://www.aalavina.org/revista/septiembre-octubre-2006/apartado-1980,Apartado 1980,No,Septiembre / Octubre,2006,,,,,,No,Unknown (no location in byline),,
https://www.aalavina.org/revista/septiembre-octubre-2006/la-mujer-en-aa,La mujer en AA,No,Septiembre / Octubre,2006,,El Editor,,,,No,Unknown (no location in byline),,
https://www.aalavina.org/revista/septiembre-octubre-2006/alcoholica-yo,¿Alcohólica yo?,No,Septiembre / Octubre,2006,,María G,North Plainfield,New Jersey,,No,No,"North Plainfield, New Jersey",
https://www.aalavina.org/revista/septiembre-octubre-2006/solo-salia-divertirme-de-vez-en-cuando,Sólo salía a divertirme de vez en cuando,No,Septiembre / Octubre,2006,,Olivia,,,,No,Unknown (no location in byline),Por correo electrónico,"Byline gives a role/medium, not a place: Por correo electrónico"
https://www.aalavina.org/revista/septiembre-octubre-2006/una-mujer-volcada-hacia-el-servicio,Una mujer volcada hacia el servicio,No,Septiembre / Octubre,2006,,Marta A.,La Matanza,Buenos Aires,,No,No,"Grupo Rafael Castillo, La Matanza, Buenos Aires",Group/institution: Grupo Rafael Castillo
https://www.aalavina.org/revista/septiembre-octubre-2006/no-quiero-cambiar-mi-familia-por-una-cerveza,No quiero cambiar a mi familia por una cerveza,No,Septiembre / Octubre,2006,,Dora B.,Houston,Texas,,No,Yes,"Grupo Paz y Sobriedad, Houston, Texas",Group/institution: Grupo Paz y Sobriedad
https://www.aalavina.org/revista/septiembre-octubre-2006/de-la-negacion-la-sobriedad,De la negación a la sobriedad,No,Septiembre / Octubre,2006,,Irma C.,McAllen,Texas,,No,Yes,"Grupo Latino, McAllen, Texas",Group/institution: Grupo Latino
https://www.aalavina.org/revista/septiembre-octubre-2006/fui-una-de-las-primeras-mujeres-latinas-en-aa-en-california,Fui una de las primeras mujeres latinas en AA en California,No,Septiembre / Octubre,2006,,Viola,Fresno,California,,No,No,"Fresno, California",
https://www.aalavina.org/revista/septiembre-octubre-2006/feliz-con-mi-nueva-forma-de-vivir,Feliz con mi nueva forma de vivir,No,Septiembre / Octubre,2006,,Amanda M.,Brooklyn,New York,,No,No,"Brooklyn, New York",
https://www.aalavina.org/revista/septiembre-octubre-2006/el-grupo-femenino,El grupo femenino,No,Septiembre / Octubre,2006,,Mirta F.,Montevideo,,,No,No,"Área L, Región Sur, Montevideo","Group/area: Área L, Región Sur"
https://www.aalavina.org/revista/septiembre-octubre-2006/reuniones-femeninas-en-alcoholicos-anonimos,Reuniones femeninas en Alcohólicos Anónimos,No,Septiembre / Octubre,2006,,Betty T.,Montevideo,,Un tema que inquieta a algunas personas y ayuda mucho a otras.,No,No,"Área L, Región sur, Montevideo","Group/area: Área L, Región Sur"
https://www.aalavina.org/revista/septiembre-octubre-2006/bastaba-un-granito-de-fe,Bastaba un granito de fe,No,Septiembre / Octubre,2006,,Mari,El Paso,Texas,,No,Yes,"El Paso, Texas",
https://www.aalavina.org/revista/septiembre-octubre-2006/la-importancia-de-una-buena-base,La importancia de una buena base,No,Septiembre / Octubre,2006,,Juan A.,,Islas Canarias,,No,No,"Grupo Cuatro Doce, Islas Canarias",Group/institution: Grupo Cuatro Doce
https://www.aalavina.org/revista/septiembre-octubre-2006/el-nacimiento-de-aa-en-espanol-en-las-vegas,El nacimiento de AA en español en Las Vegas,No,Septiembre / Octubre,2006,,Byron F.,Las Vegas,Nevada,,No,No,"Grupo ""Nueva Vida"", Las Vegas, Nevada","Group/institution: Grupo ""Nueva Vida"""
https://www.aalavina.org/revista/septiembre-octubre-2006/unidos-pero-no-organizados,"Unidos, pero no organizados",No,Septiembre / Octubre,2006,,John K.,,New York,,No,No,New York,
https://www.aalavina.org/revista/septiembre-octubre-2006/tema-de-discusion-para-reuniones,Tema de discusión para reuniones,No,Septiembre / Octubre,2006,,,,,,No,Unknown (no location in byline),,
https://www.aalavina.org/revista/septiembre-octubre-2006/foro-regional-del-pacifico,Foro Regional del Pacífico,No,Septiembre / Octubre,2006,,,,,"Seattle, Washington, 23 al 25 de junio de 2006",No,Unknown (no location in byline),,
https://www.aalavina.org/revista/julio-agosto-2006/apartado-1980,Apartado 1980,No,Julio / Agosto,2006,,,,,,No,Unknown (no location in byline),,
https://www.aalavina.org/revista/julio-agosto-2006/aa-en-la-carcel,AA en la cárcel,No,Julio / Agosto,2006,,,,,,No,Unknown (no location in byline),,
https://www.aalavina.org/revista/julio-agosto-2006/la-magia-de-aa-en-las-prisiones,La magia de AA en las prisiones,No,Julio / Agosto,2006,,J. Jesús G.,Napa,California,,No,No,"Grupo 4 de Abril, Napa, California",Group/institution: Grupo 4 de Abril
https://www.aalavina.org/revista/julio-agosto-2006/encontre-la-vina-en-la-biblioteca-de-la-prision,Encontré La Viña en la biblioteca de la prisión,No,Julio / Agosto,2006,,Jesús C.,Cambridge,Massachusetts,,No,No,"Cambridge, Massachusetts",
https://www.aalavina.org/revista/julio-agosto-2006/la-literatura-lleva-el-mensaje-la-carcel,La literatura lleva el mensaje a la cárcel,No,Julio / Agosto,2006,,Jaime R.,Quincy,California,,No,No,"Quincy, California",
https://www.aalavina.org/revista/julio-agosto-2006/una-advertencia-para-que-no-lleguen-adonde-yo-he-llegado,Una advertencia para que no lleguen adonde yo he llegado,No,Julio / Agosto,2006,,Anónimo,Cárcel de Folsom,California,,No,No,"Cárcel de Folsom, California",
https://www.aalavina.org/revista/julio-agosto-2006/resucitar-una-nueva-vida,Resucitar a una nueva vida,No,Julio / Agosto,2006,,Ronald O.,Seaside,California,,No,No,"Grupo Resurrección, Seaside, California",Group/institution: Grupo Resurrección
https://www.aalavina.org/revista/julio-agosto-2006/el-falso-y-el-verdadero-amigo,El falso y el verdadero amigo,No,Julio / Agosto,2006,,Greedyn V.P.,New Brunswick,New Jersey,,No,No,"Middlesex County Adult Correction Center, New Brunswick, New Jersey",Group/institution: Middlesex County Adult Correction Center
https://www.aalavina.org/revista/julio-agosto-2006/al-fin-libre,Al fin libre,No,Julio / Agosto,2006,,Alcario J.,,,,No,No,Prisíon Estatal de Utah,Group/institution: Prisíon Estatal de Utah
https://www.aalavina.org/revista/julio-agosto-2006/de-la-oscuridad,De la oscuridad,No,Julio / Agosto,2006,,Juan Carlos R.,Paducah,Kentucky,,No,No,"McCracken County Jail, Paducah, Kentucky",Group/institution: McCracken County Jail
https://www.aalavina.org/revista/julio-agosto-2006/reflexiones-de-un-servidor-de-confianza-todavia-vamos-camino-la-mayoria,Reflexiones de un servidor de confianza: todavía vamos camino a la mayoría de edad,No,Julio / Agosto,2006,,,,,,No,Unknown (no location in byline),,
https://www.aalavina.org/revista/julio-agosto-2006/y-yo-que-puedo-hacer,"¿Y yo, qué puedo hacer?",No,Julio / Agosto,2006,,,,,,No,Unknown (no location in byline),,
https://www.aalavina.org/revista/julio-agosto-2006/el-control-del-puno,El control del puño,No,Julio / Agosto,2006,,Anónimo,,New York,,No,No,New York,
https://www.aalavina.org/revista/julio-agosto-2006/pude-aplicar-los-principios-espirituales,Pude aplicar los principios espirituales,No,Julio / Agosto,2006,,Eladio M.,,Puerto Rico,Los principios espirituales: herramientas básicas del programa,No,No,Puerto Rico,
https://www.aalavina.org/revista/julio-agosto-2006/crisis-economica-o-crisis-de-conciencia,"¿Crisis económica, o crisis de conciencia?",No,Julio / Agosto,2006,,J. Jesús G.,RSG del grupo 4 de abril de Napa,California,,No,No,"RSG del grupo 4 de abril de Napa, California",
https://www.aalavina.org/revista/julio-agosto-2006/la-recuperacion-y-el-mundo-profesional-del-alcoholismo,La recuperación y el mundo profesional del alcoholismo,No,Julio / Agosto,2006,,Anónimo,,,,No,Unknown (no location in byline),,
https://www.aalavina.org/revista/julio-agosto-2006/56a-conferencia-de-servicios-generales-de-estados-unidos-y-canada,56ª Conferencia de Servicios Generales de Estados Unidos y Canadá,No,Julio / Agosto,2006,,,,,"Nueva York, 23 al 29 de abril de 2006",No,Unknown (no location in byline),,
https://www.aalavina.org/revista/julio-agosto-2006/la-vina-los-primeros-10-anos,La Viña — Los primeros 10 años,No,Julio / Agosto,2006,,,,,Presentación del Editor de La Viña en la Conferencia de Servicios Generales de 2006,No,Unknown (no location in byline),,
https://www.aalavina.org/revista/mayo-junio-2006/apartado-1980,Apartado 1980,No,Mayo / Junio,2006,,,,,,No,Unknown (no location in byline),,
https://www.aalavina.org/revista/mayo-junio-2006/10-anos-de-la-vina,10 años de La Viña,No,Mayo / Junio,2006,,,,,,No,Unknown (no location in byline),,
https://www.aalavina.org/revista/mayo-junio-2006/la-labor-del-rlv-algunas-ideas,"La labor del RLV, algunas ideas",No,Mayo / Junio,2006,,,,,,No,Unknown (no location in byline),,
https://www.aalavina.org/revista/mayo-junio-2006/pasos-y-tradiciones,Pasos y Tradiciones,No,Mayo / Junio,2006,,,,,,No,Unknown (no location in byline),,
https://www.aalavina.org/revista/mayo-junio-2006/la-vina-en-maryland,La Viña en Maryland,No,Mayo / Junio,2006,,Fabián G.,Silver Spring,Maryland,,No,No,"Comité de La Viña del Estado de Maryland, Silver Spring, Maryland",Group/institution: Comité de La Viña del Estado de Maryland
https://www.aalavina.org/revista/mayo-junio-2006/una-mujer-puertorriquena-se-recupera-en-san-diego,Una mujer puertorriqueña se recupera en San Diego,No,Mayo / Junio,2006,,Angelina B.,San Diego,California,,No,No,"San Diego, California",
https://www.aalavina.org/revista/mayo-junio-2006/la-curiosidad-mato-al-gato,La curiosidad mató al gato,No,Mayo / Junio,2006,,Daniel R.,Inglewood,California,,No,No,"Grupo Plenitud, Inglewood, California",Group/institution: Grupo Plenitud
https://www.aalavina.org/revista/mayo-junio-2006/todavia-no-he-encontrado-la-paz,Todavía no he encontrado la paz,No,Mayo / Junio,2006,,T.R.T.,,,,No,Unknown (no location in byline),,
https://www.aalavina.org/revista/mayo-junio-2006/el-paso-quinto-dado-formalmente,El Paso Quinto dado formalmente,No,Mayo / Junio,2006,,J.B.,,,,No,Unknown (no location in byline),,
https://www.aalavina.org/revista/mayo-junio-2006/el-exito-de-mi-programa,El éxito de mi programa,No,Mayo / Junio,2006,,Campo Elías T.,Bucaramanga,,,No,No,Bucaramanga,
https://www.aalavina.org/revista/mayo-junio-2006/dios-se-manifiesta-traves-de-otro-alcoholico,Dios se manifiesta a través de otro alcohólico,No,Mayo / Junio,2006,,Crispín P.,San José,California,,No,No,"Grupo ""La Alegría de Vivir"", San José, California","Group/institution: Grupo ""La Alegría de Vivir"""
https://www.aalavina.org/revista/mayo-junio-2006/lo-que-un-grupo-deberia-ser,"Lo que un grupo ""debería"" ser",No,Mayo / Junio,2006,,Anónimo,,,,No,Unknown (no location in byline),,
https://www.aalavina.org/revista/mayo-junio-2006/tema-de-discusion-para-reuniones,Tema de discusión para reuniones,No,Mayo / Junio,2006,,,,,,No,Unknown (no location in byline),,
https://www.aalavina.org/revista/mayo-junio-2006/ese-sencillo-sexto-paso,Ese sencillo Sexto Paso,No,Mayo / Junio,2006,,E.C.,Bowling Green,Kentucky,,No,No,"Bowling Green, Kentucky",
https://www.aalavina.org/revista/mayo-junio-2006/entusiasmo-sin-limites,Entusiasmo sin límites,No,Mayo / Junio,2006,,John G.,,New York,,No,No,New York,
https://www.aalavina.org/revista/mayo-junio-2006/32a-convencion-de-centroamerica-y-panama-de-alcoholicos-anonimos,32ª Convención de Centroamérica y Panamá de Alcohólicos Anónimos,No,Mayo / Junio,2006,,,,,"Managua, Nicaragua, 13 al 15 de Abril de 2006",No,Unknown (no location in byline),,
https://www.aalavina.org/revista/marzo-abril-2006/apartado-1980,Apartado 1980,No,Marzo / Abril,2006,,,,,,No,Unknown (no location in byline),,
https://www.aalavina.org/revista/marzo-abril-2006/el-apadrinamiento-es-para-el-padrino,El apadrinamiento es para el padrino,No,Marzo / Abril,2006,,Maricelle J.,Forest Grove,Oregon,,No,No,"Grupo Nuevo Amanecer, Forest Grove, Oregon",Group/institution: Grupo Nuevo Amanecer
https://www.aalavina.org/revista/marzo-abril-2006/memorias-de-un-borracho-morelense,Memorias de un borracho morelense,No,Marzo / Abril,2006,,Juan M. N° 2,Houston,Texas,,No,Yes,"Grupo Hispano, Houston, Texas",Group/institution: Grupo Hispano
https://www.aalavina.org/revista/marzo-abril-2006/asistencia-no-es-lo-mismo-que-vivencia,Asistencia no es lo mismo que vivencia,No,Marzo / Abril,2006,,Facho Q.,Panamá,,,No,No,Panamá,
https://www.aalavina.org/revista/marzo-abril-2006/la-tolerancia,La tolerancia,No,Marzo / Abril,2006,,Juan Antonio A.,,Islas Canarias,,No,No,"Grupo ""Cuatro Doce"", Islas Canarias","Group/institution: Grupo ""Cuatro Doce"""
https://www.aalavina.org/revista/marzo-abril-2006/de-la-teoria-la-practica,De la teoría a la práctica,No,Marzo / Abril,2006,,Juan C.,Guayaquil,,,No,No,"Grupo Confraternidad, Guayaquil",Group/institution: Grupo Confraternidad
https://www.aalavina.org/revista/marzo-abril-2006/ceder-el-paso-dios,Ceder el paso a Dios,No,Marzo / Abril,2006,,Juanjo,Madrid,,,No,No,Madrid,
https://www.aalavina.org/revista/marzo-abril-2006/tema-de-discusion-para-reuniones,Tema de discusión para reuniones,No,Marzo / Abril,2006,,,,,,No,Unknown (no location in byline),,
https://www.aalavina.org/revista/marzo-abril-2006/la-puerta-ancha-y-bajita,La puerta ancha y bajita,No,Marzo / Abril,2006,,Juanjo,Madrid,,,No,No,Madrid,
https://www.aalavina.org/revista/marzo-abril-2006/una-nueva-forma-de-vida,Una nueva forma de vida,No,Marzo / Abril,2006,,Héctor M.,Ibarra,,,No,No,Ibarra,
https://www.aalavina.org/revista/marzo-abril-2006/la-oracion-de-la-serenidad,La oración de la serenidad,No,Marzo / Abril,2006,,Guillermo O.,Buenos Aires,,,No,No,Buenos Aires,
https://www.aalavina.org/revista/marzo-abril-2006/valientemente-me-siento-escribir,Valientemente me siento a escribir,No,Marzo / Abril,2006,,Luis,Madrid,,,No,No,Madrid,
https://www.aalavina.org/revista/marzo-abril-2006/breve-recuento-de-la-historia-de-la-estructura-de-servicio-de-aa-en-cuba,Breve recuento de la historia de la estructura de servicio de AA en Cuba,No,Marzo / Abril,2006,,Juan N.,La Habana,,,No,No,"Grupo Sólo por Hoy, La Habana",Group/institution: Grupo Sólo por Hoy
https://www.aalavina.org/revista/marzo-abril-2006/la-importancia-de-hacer-cafe,La importancia de hacer café,No,Marzo / Abril,2006,,Luis C.,La Habana,,,No,No,"Grupo Las Torres, La Habana",Group/institution: Grupo Las Torres
https://www.aalavina.org/revista/marzo-abril-2006/1a-convencion-nacional-de-alcoholicos-anonimos-de-cuba,1ª Convención Nacional de Alcohólicos Anónimos de Cuba,No,Marzo / Abril,2006,,El Editor,,,"La Habana, 20 al 22 de Enero de 2006",No,Unknown (no location in byline),,
https://www.aalavina.org/revista/enero-febrero-2006/la-unidad-en-alcoholicos-anonimos,La unidad en Alcohólicos Anónimos,No,Enero / Febrero,2006,,Eladio M.,Caguas,,,No,No,"Grupo Fe, Caguas",Group/institution: Grupo Fe
https://www.aalavina.org/revista/enero-febrero-2006/instrumentos-de-amor,Instrumentos de amor,No,Enero / Febrero,2006,,Aurora,Madrid,España,,No,No,"Madrid, España",
https://www.aalavina.org/revista/enero-febrero-2006/iii-convencion-nacional-de-alcoholicos-anonimos-del-peru,III Convención Nacional de Alcohólicos Anónimos del Perú,No,Enero / Febrero,2006,,,,,"Huancayo, Perú, 16 al 18 de septiembre de 2005",No,Unknown (no location in byline),,
https://www.aalavina.org/revista/enero-febrero-2006/asamblea-de-otono-de-utah,Asamblea de Otoño de Utah,No,Enero / Febrero,2006,,,,,"Área 69, Logan, Utah, 23 al 25 de septiembre de 2005",No,Unknown (no location in byline),,
https://www.aalavina.org/revista/enero-febrero-2006/tema-de-discusion-para-reuniones,Tema de discusión para reuniones,No,Enero / Febrero,2006,,,,,,No,Unknown (no location in byline),,
https://www.aalavina.org/revista/enero-febrero-2006/apartado-1980,Apartado 1980,No,Enero / Febrero,2006,,,,,,No,Unknown (no location in byline),,
https://www.aalavina.org/revista/enero-febrero-2006/comence-los-doce-anos,Comencé a los doce años,No,Enero / Febrero,2006,,José Manuel,D.F,,,No,No,D.F,
https://www.aalavina.org/revista/enero-febrero-2006/reconciliacion-de-una-joven-agradecida,Reconciliación de una joven agradecida,No,Enero / Febrero,2006,,Nancy M.,San José,California,,No,No,"Grupo ""La Alegría de Vivir"", San José, California","Group/institution: Grupo ""La Alegría de Vivir"""
https://www.aalavina.org/revista/enero-febrero-2006/sobrio-y-punto-de-salir-de-la-carcel,Sobrio y a punto de salir de la cárcel,No,Enero / Febrero,2006,,Carlos Augusto F.,,Georgia,,No,No,"Centro de Detención de Gwinnett County, Georgia",Group/institution: Centro de Detención de Gwinnett County
https://www.aalavina.org/revista/enero-febrero-2006/una-vida-por-delante,Una vida por delante,No,Enero / Febrero,2006,,Agapito V.,Houston,Texas,,No,Yes,"Houston, Texas",
https://www.aalavina.org/revista/enero-febrero-2006/lo-sabe-papa,¿Lo sabe papá?,No,Enero / Febrero,2006,,Megan K.,Destin,Florida,,No,No,"Destin, Florida",
https://www.aalavina.org/revista/enero-febrero-2006/un-chico-de-la-calle,Un chico de la calle,No,Enero / Febrero,2006,,Shannon D.,Anchorage,Alaska,,No,No,"Anchorage, Alaska",
https://www.aalavina.org/revista/enero-febrero-2006/si-no-puedes-vencerlosunete-ellos,Si no puedes vencerlos…únete a ellos,No,Enero / Febrero,2006,,Oliver V.,Leander,Texas,,No,Yes,"Leander, Texas",
https://www.aalavina.org/revista/enero-febrero-2006/un-joven-mas-en-aa,Un joven más en AA,No,Enero / Febrero,2006,,Fernando C.,San José,California,,No,No,"Grupo Gardner, San José, California",Group/institution: Grupo Gardner
https://www.aalavina.org/revista/enero-febrero-2006/mi-problema-era-el-alcoholismo,Mi problema era el alcoholismo,No,Enero / Febrero,2006,,Irma C.,San Antonio,Texas,,No,Yes,"Grupo Paz y Sobriedad, San Antonio, Texas",Group/institution: Grupo Paz y Sobriedad
https://www.aalavina.org/revista/enero-febrero-2006/la-diferencia-entre-el-borracho-y-el-alcoholico,La diferencia entre el borracho y el alcohólico,No,Enero / Febrero,2006,,J.A.M.,Houston,Texas,,No,Yes,"Houston, Texas",
https://www.aalavina.org/revista/enero-febrero-2006/la-recuperacion-comienza-aun-antes-de-entrar,La recuperación comienza aún antes de entrar,No,Enero / Febrero,2006,,Julio B.,Mar de Plata,,,No,No,"Grupo ""La Gran Realidad"", Mar de Plata","Group/institution: Grupo ""La Gran Realidad"""
https://www.aalavina.org/revista/enero-febrero-2006/carta-mi-madre,Carta a mi madre,No,Enero / Febrero,2006,,Ronald R.,Pto. La Cruz,Anzoátegui,,No,No,"Grupo Nueva Vida, Pto. La Cruz, Anzoátegui",Group/institution: Grupo Nueva Vida
https://www.aalavina.org/revista/enero-febrero-2006/un-nuevo-poder,Un nuevo poder,No,Enero / Febrero,2006,,Aurora,Madrid,España,,No,No,"Madrid, España",
https://www.aalavina.org/revista/noviembre-diciembre-2005/apartado-1980,Apartado 1980,No,Noviembre / Diciembre,2005,,,,,,No,Unknown (no location in byline),,
https://www.aalavina.org/revista/noviembre-diciembre-2005/resentimientos,Resentimientos,No,Noviembre / Diciembre,2005,,El Editor,,,,No,Unknown (no location in byline),,
https://www.aalavina.org/revista/noviembre-diciembre-2005/volver-sentir,Volver a sentir,No,Noviembre / Diciembre,2005,,Alejandra G.,Lima,,,No,No,Lima,
https://www.aalavina.org/revista/noviembre-diciembre-2005/evitar-los-nuevos-resentimientos-y-eliminar-los-antiguos,Evitar los nuevos resentimientos y eliminar los antiguos,No,Noviembre / Diciembre,2005,,Gustavo Ch.,Lima,,,No,No,"Grupo Carmelitas, Lima",Group/institution: Grupo Carmelitas
https://www.aalavina.org/revista/noviembre-diciembre-2005/la-solucion-estuvo-en-el-programa,La solución estuvo en el programa,No,Noviembre / Diciembre,2005,,Teresa P.,Lima,Perú,,No,No,"Lima, Perú",
https://www.aalavina.org/revista/noviembre-diciembre-2005/agonia-espiritual,Agonía espiritual,No,Noviembre / Diciembre,2005,,Holly H.,Huntsville,Alabama,,No,No,"Huntsville, Alabama",
https://www.aalavina.org/revista/noviembre-diciembre-2005/la-colera,La cólera,No,Noviembre / Diciembre,2005,,Alfonso M.,Reims,,,No,No,Reims,
https://www.aalavina.org/revista/noviembre-diciembre-2005/aprender-golpes,Aprender a golpes,No,Noviembre / Diciembre,2005,,Anónimo,,New York,,No,No,New York,
https://www.aalavina.org/revista/noviembre-diciembre-2005/escucha-el-silencio-de-dios,Escucha el silencio de Dios,No,Noviembre / Diciembre,2005,,Joaquín A.,Ciego de Ávila,,,No,No,Ciego de Ávila,
https://www.aalavina.org/revista/noviembre-diciembre-2005/algunas-reflexiones-que-me-ayudan-ser-feliz-y-no-perder-la,Algunas reflexiones que me ayudan a ser feliz y a no perder la estabilidad cotidiana,No,Noviembre / Diciembre,2005,,Manuel M.,Zaragoza,,,No,No,Zaragoza,
https://www.aalavina.org/revista/noviembre-diciembre-2005/fortaleza-y-agradecimiento,Fortaleza y agradecimiento,No,Noviembre / Diciembre,2005,,Guillermo O.,,,,No,Unknown (no location in byline),,
https://www.aalavina.org/revista/noviembre-diciembre-2005/el-lenguaje-del-corazon-undecima-tradicion,El Lenguaje del Corazón: Undécima Tradición,No,Noviembre / Diciembre,2005,,,,,Octubre de 1948,No,Unknown (no location in byline),,
https://www.aalavina.org/revista/noviembre-diciembre-2005/duodecima-tradicion,Duodécima Tradición,No,Noviembre / Diciembre,2005,,Ross D.,Tulsa,Oklahoma,,No,No,"Tulsa, Oklahoma",
https://www.aalavina.org/revista/noviembre-diciembre-2005/la-cara-de-la-enfermedad,La cara de la enfermedad,No,Noviembre / Diciembre,2005,,Fernando Javier C.,West Palm Beach,Florida,,No,No,"West Palm Beach, Florida",
https://www.aalavina.org/revista/noviembre-diciembre-2005/temporada-navidena-y-sobriedad,Temporada Navideña y sobriedad,No,Noviembre / Diciembre,2005,,Daniel Z.,Miami,Florida,,No,No,"Miami, Florida",
https://www.aalavina.org/revista/noviembre-diciembre-2005/tema-de-discusion-para-reuniones,Tema de discusión para reuniones,No,Noviembre / Diciembre,2005,,,,,,No,Unknown (no location in byline),,
https://www.aalavina.org/revista/septiembre-octubre-2005/apartado-1980,Apartado 1980,No,Septiembre / Octubre,2005,,,,,,No,Unknown (no location in byline),,
https://www.aalavina.org/revista/septiembre-octubre-2005/grupo-nuevo-horizonte,Grupo Nuevo Horizonte,No,Septiembre / Octubre,2005,,,,,,No,Unknown (no location in byline),,
https://www.aalavina.org/revista/septiembre-octubre-2005/grupo-provincias-unidas,Grupo Provincias Unidas,No,Septiembre / Octubre,2005,,Jorge G.,Lanús,Buenos Aires,,No,No,"Lanús, Buenos Aires",
https://www.aalavina.org/revista/septiembre-octubre-2005/grupo-familia-feliz,Grupo Familia Feliz,No,Septiembre / Octubre,2005,,Reinaldo S.,San Juan de Chicuá,,,No,No,San Juan de Chicuá,
https://www.aalavina.org/revista/septiembre-octubre-2005/grupo-anonimo,Grupo Anónimo,No,Septiembre / Octubre,2005,,Vladimir B.,Los Ángeles,California,,No,No,"Los Ángeles, California",
https://www.aalavina.org/revista/septiembre-octubre-2005/grupo-socorro,Grupo Socorro,No,Septiembre / Octubre,2005,,Lorenzo,El Paso,Texas,,No,Yes,"El Paso, Texas",
https://www.aalavina.org/revista/septiembre-octubre-2005/grupo-buena-voluntad,Grupo Buena Voluntad,No,Septiembre / Octubre,2005,,Adrían P.,San José,California,,No,No,"San José, California",
https://www.aalavina.org/revista/septiembre-octubre-2005/grupo-valle-bajo,Grupo Valle Bajo,No,Septiembre / Octubre,2005,,Luis M.,El Paso,Texas,,No,Yes,"El Paso, Texas",
https://www.aalavina.org/revista/septiembre-octubre-2005/grupo-6-de-noviembre,Grupo 6 de Noviembre,No,Septiembre / Octubre,2005,,Manuel E.,San Bruno,California,,No,No,"San Bruno, California",
https://www.aalavina.org/revista/septiembre-octubre-2005/grupo-fe-y-accion,Grupo Fe y Acción,No,Septiembre / Octubre,2005,,Fabián G.,Silver Spring,Maryland,,No,No,"Silver Spring, Maryland",
https://www.aalavina.org/revista/septiembre-octubre-2005/grupo-anonimo-0,Grupo Anónimo,No,Septiembre / Octubre,2005,,Isidro C.,Anaheim,California,,No,No,"Anaheim, California",
https://www.aalavina.org/revista/septiembre-octubre-2005/grupo-gratitud-y-vida,Grupo Gratitud y Vida,No,Septiembre / Octubre,2005,,Román M.,San Nicolás de los Garza,Nuevo León,,No,No,"San Nicolás de los Garza, Nuevo León",
https://www.aalavina.org/revista/septiembre-octubre-2005/grupo-latino,Grupo Latino,No,Septiembre / Octubre,2005,,Pharr,McAllen,Texas,,No,Yes,"McAllen, Texas",
https://www.aalavina.org/revista/septiembre-octubre-2005/grupo-una-mano-en-mi-camino,Grupo Una Mano en mi Camino,No,Septiembre / Octubre,2005,,Mario H.,Los Ángeles,California,,No,No,"Los Ángeles, California",
https://www.aalavina.org/revista/septiembre-octubre-2005/grupo-accion,Grupo Acción,No,Septiembre / Octubre,2005,,,,,Las promesas contenidas en los Doce Pasos,No,Unknown (no location in byline),,
https://www.aalavina.org/revista/septiembre-octubre-2005/grupo-buena-voluntad-0,Grupo Buena Voluntad,No,Septiembre / Octubre,2005,,Néyer Braulio Z.,Lima,,,No,No,Lima,
https://www.aalavina.org/revista/septiembre-octubre-2005/grupo-doce-y-doce,Grupo Doce y Doce,No,Septiembre / Octubre,2005,,Anónimo,Long Beach,California,,No,No,"Long Beach, California",
https://www.aalavina.org/revista/septiembre-octubre-2005/grupo-28-de-julio,Grupo 28 de Julio,No,Septiembre / Octubre,2005,,Anónimo,Stamford,Connecticut,,No,No,"Stamford, Connecticut",
https://www.aalavina.org/revista/septiembre-octubre-2005/el-cheque-va-en-camino,El cheque va en camino,No,Septiembre / Octubre,2005,,David S.,,New York,,No,No,New York,
https://www.aalavina.org/revista/septiembre-octubre-2005/un-salvadoreno-funda-un-grupo-de-aa-en-chile,Un salvadoreño funda un grupo de AA en Chile,No,Septiembre / Octubre,2005,,Joaquín Antonio Ch.,,,,No,Unknown (no location in byline),,
https://www.aalavina.org/revista/septiembre-octubre-2005/y-pedi-dios-fortaleza,Y pedí a Dios fortaleza,No,Septiembre / Octubre,2005,,José M.E.,Buenos Aires,,,No,No,"Grupo Liniers, Buenos Aires",Group/institution: Grupo Liniers
https://www.aalavina.org/revista/septiembre-octubre-2005/odio-este-paso,Odio este paso,No,Septiembre / Octubre,2005,,Nancy F.,Lake Forest,California,,No,No,"Lake Forest, California",
https://www.aalavina.org/revista/septiembre-octubre-2005/tema-de-discusion-para-reuniones,Tema de discusión para reuniones,No,Septiembre / Octubre,2005,,,,,,No,Unknown (no location in byline),,
https://www.aalavina.org/revista/septiembre-octubre-2005/convencion-internacional-de-aa-en-toronto-canada,"Convención Internacional de AA en Toronto, Canadá",No,Septiembre / Octubre,2005,,,,,30 de junio al 3 de julio de 2005,No,Unknown (no location in byline),,
https://www.aalavina.org/revista/septiembre-octubre-2005/experiencia-de-un-aa-mexicano-en-la-convencion,Experiencia de un AA mexicano en la convención,No,Septiembre / Octubre,2005,,Román M.,,Nuevo León,,No,No,"Grupo Gratitud y Vida, Nuevo León",Group/institution: Grupo Gratitud y Vida
https://www.aalavina.org/revista/julio-agosto-2005/apartado-1980,Apartado 1980,No,Julio / Agosto,2005,,,,,,No,Unknown (no location in byline),,
https://www.aalavina.org/revista/julio-agosto-2005/aero-aa,Aero AA,No,Julio / Agosto,2005,,Shree J.,Gran Caimán,,,No,No,Gran Caimán,
https://www.aalavina.org/revista/julio-agosto-2005/aa-cumple-30-anos-en-israel,AA cumple 30 años en Israel,No,Julio / Agosto,2005,,Charley W.,Jerusalén,,,No,No,Jerusalén,
https://www.aalavina.org/revista/julio-agosto-2005/en-una-isla-del-baltico,En una isla del Báltico,No,Julio / Agosto,2005,,Ann S.,,,En el grupo no había Libros Grandes ni se conocían las Tradiciones. ¿Era realmente AA?,No,Unknown (no location in byline),,
https://www.aalavina.org/revista/julio-agosto-2005/kia-ora,Kia Ora,No,Julio / Agosto,2005,,Val K.,Rotorúa,,Una mujer maorí descubre el don de la desesperación y AA,No,No,Rotorúa,
https://www.aalavina.org/revista/julio-agosto-2005/aa-en-africa,AA en África,No,Julio / Agosto,2005,,,,,,No,Unknown (no location in byline),,
https://www.aalavina.org/revista/julio-agosto-2005/los-mejores-dias-ya-llegaron,Los mejores días ya llegaron,No,Julio / Agosto,2005,,José A.M.,Los Ángeles,California,Un compañero mexicano nos cuenta sobre su asistencia a las Convenciones Internacionales de AA,No,No,"Los Ángeles, California",
https://www.aalavina.org/revista/julio-agosto-2005/la-historia-de-laura,La historia de Laura,No,Julio / Agosto,2005,,Laura M.,Lomas de Zamora,Buenos Aires,,No,No,"Grupo Provincias Unidas, Lomas de Zamora, Buenos Aires",Group/institution: Grupo Provincias Unidas
https://www.aalavina.org/revista/julio-agosto-2005/comence-beber-desde-muy-joven,Comencé a beber desde muy joven,No,Julio / Agosto,2005,,Héctor C.,San José,California,,No,No,"San José, California",
https://www.aalavina.org/revista/julio-agosto-2005/un-lento-avance,Un lento avance,No,Julio / Agosto,2005,,Anónimo,,New York,,No,No,New York,
https://www.aalavina.org/revista/julio-agosto-2005/tema-de-discusion-para-reuniones,Tema de discusión para reuniones,No,Julio / Agosto,2005,,,,,,No,Unknown (no location in byline),,
https://www.aalavina.org/revista/julio-agosto-2005/la-cooperacion-entre-el-profesional-medico-y-aa,La cooperación entre el profesional médico y AA,No,Julio / Agosto,2005,,,,,Una metodología desarrollada en Ecuador,No,Unknown (no location in byline),,
https://www.aalavina.org/revista/julio-agosto-2005/55a-conferencia-de-servicios-generales-de-aa-de-estados-unidos-y-canada,55ª Conferencia de Servicios Generales de AA de Estados Unidos y Canadá,No,Julio / Agosto,2005,,Dick A.,,Georgia,"Nueva York, 17 al 23 de abril de 2005",No,No,Georgia,
https://www.aalavina.org/revista/mayo-junio-2005/la-carcel-me-salvo,La cárcel me salvó,No,Mayo / Junio,2005,,Wilken R.,Austin,Texas,,No,Yes,"Institución penitenciaria, Austin, Texas",Group/institution: Institución penitenciaria
https://www.aalavina.org/revista/mayo-junio-2005/unidos-en-la-recuperacion,Unidos en la recuperación,No,Mayo / Junio,2005,,Martín H.V.,Hondo,Texas,,No,Yes,"Institución penitenciaria, Hondo, Texas",Group/institution: Institución penitenciaria
https://www.aalavina.org/revista/mayo-junio-2005/de-vuelta-al-fondo,De vuelta al fondo,No,Mayo / Junio,2005,,Dennis T.,Mountain City,Tennessee,,No,No,"Mountain City, Tennessee",
https://www.aalavina.org/revista/mayo-junio-2005/atravesar-la-puerta,Atravesar la puerta,No,Mayo / Junio,2005,,George N.,Indianola,Iowa,,No,No,"Indianola, Iowa",
https://www.aalavina.org/revista/mayo-junio-2005/del-otro-lado-de-la-reja,Del otro lado de la reja,No,Mayo / Junio,2005,,Anónimo,,,,No,Unknown (no location in byline),,
https://www.aalavina.org/revista/mayo-junio-2005/aa-en-la-carcel-sugerencias-practicas,AA en la cárcel: Sugerencias practicas,No,Mayo / Junio,2005,,,,,,No,Unknown (no location in byline),,
https://www.aalavina.org/revista/mayo-junio-2005/el-dia-de-los-inocentes,El día de los inocentes,No,Mayo / Junio,2005,,Élida M.,Buenos Aires,,,No,No,"Grupo San Isidro, Buenos Aires",Group/institution: Grupo San Isidro
https://www.aalavina.org/revista/mayo-junio-2005/pequenos-milagros,Pequeños milagros,No,Mayo / Junio,2005,,Alberto B.,Jimena de la Frontera,Cádiz,,No,No,"Jimena de la Frontera, Cádiz",
https://www.aalavina.org/revista/mayo-junio-2005/el-paso-mas-dificil,El paso más difícil,No,Mayo / Junio,2005,,Anónimo,,New York,,No,No,New York,
https://www.aalavina.org/revista/mayo-junio-2005/xix-convencion-nacional-de-alcoholicos-anonimos,XIX Convención Nacional de Alcohólicos Anónimos,No,Mayo / Junio,2005,,,,,"24 al 26 de marzo de 2005, en Ibarra, Ecuador",No,Unknown (no location in byline),,
https://www.aalavina.org/revista/mayo-junio-2005/el-no-se-equivoca,Él no se equivoca,No,Mayo / Junio,2005,,Néyer Braulio Z.,Lima,Perú,,No,No,"Lima, Perú",
https://www.aalavina.org/revista/mayo-junio-2005/tema-de-discusion-para-reuniones,Tema de discusión para reuniones,No,Mayo / Junio,2005,,,,,,No,Unknown (no location in byline),,
https://www.aalavina.org/revista/mayo-junio-2005/aa-en-la-carcel,AA en la cárcel,No,Mayo / Junio,2005,,,,,Experiencias de recuperación,No,Unknown (no location in byline),,
https://www.aalavina.org/revista/mayo-junio-2005/una-mujer-en-la-carcel,Una mujer en la cárcel,No,Mayo / Junio,2005,,Edith G.,Des Moines,Iowa,,No,No,"Institución penitenciaria, Des Moines, Iowa",Group/institution: Institución penitenciaria
https://www.aalavina.org/revista/mayo-junio-2005/la-verdadera-libertad,La verdadera libertad,No,Mayo / Junio,2005,,Luis Marcelo R.D.,Penal de Batán,Mar del Plata,,No,No,"Unidad XV, Penal de Batán, Mar del Plata",Group/institution: Unidad XV
https://www.aalavina.org/revista/mayo-junio-2005/preso-pero-agradecido,Preso pero agradecido,No,Mayo / Junio,2005,,Hedilberto D.,San Diego,California,,No,No,"Prisión de East Mesa, San Diego, California",Group/institution: Prisión de East Mesa
https://www.aalavina.org/revista/mayo-junio-2005/ya-conocia-estos-hombres,Ya conocía a estos hombres,No,Mayo / Junio,2005,,Dan F.,,,,No,No,Prisión del estado de Nueva York,Group/institution: Prisión del estado de Nueva York
https://www.aalavina.org/revista/marzo-abril-2005/el-teatro-del-nuevo-mundo,El teatro del nuevo mundo,No,Marzo / Abril,2005,,José R.,Albuquerque,New Mexico,,No,No,"Grupo El Milagro, Albuquerque, New Mexico",Group/institution: Grupo El Milagro
https://www.aalavina.org/revista/marzo-abril-2005/apartado-1980,Apartado 1980,No,Marzo / Abril,2005,,,,,,No,Unknown (no location in byline),,
https://www.aalavina.org/revista/marzo-abril-2005/los-lemas,Los lemas,No,Marzo / Abril,2005,,Pablo H.,Acapulco,Guerrero,,No,No,"Acapulco, Guerrero",
https://www.aalavina.org/revista/marzo-abril-2005/un-par-de-copas-me-llevaron-al-infierno,Un par de copas me llevaron al infierno,No,Marzo / Abril,2005,,Ramón D.,South Houston,Texas,,No,Yes,"South Houston, Texas",
https://www.aalavina.org/revista/marzo-abril-2005/un-nuevo-comienzo,Un nuevo comienzo,No,Marzo / Abril,2005,,,,,,No,Unknown (no location in byline),,
https://www.aalavina.org/revista/marzo-abril-2005/una-conciencia-mal-informada-es-una-conciencia-manipulada,Una conciencia mal informada es una conciencia manipulada,No,Marzo / Abril,2005,,Facho Q.,Panamá,,,No,No,Panamá,
https://www.aalavina.org/revista/marzo-abril-2005/la-musica-divina,La música divina,No,Marzo / Abril,2005,,Anónimo,,New York,,No,No,New York,
https://www.aalavina.org/revista/marzo-abril-2005/como-deje-atras-mi-vida-ingobernable,Cómo dejé atrás mi vida ingobernable,No,Marzo / Abril,2005,,Jorge G.,Buenos Aires,,,No,No,"Grupo Provincias Unidas, Buenos Aires",Group/institution: Grupo Provincias Unidas
https://www.aalavina.org/revista/marzo-abril-2005/la-liberacion-vino-de-mi-poder-superior,La liberación vino de mi poder superior,No,Marzo / Abril,2005,,Mike C.,Tampa,Florida,,No,No,"Tampa, Florida",
https://www.aalavina.org/revista/marzo-abril-2005/y-cuando-despego,¿Y cuándo despego?,No,Marzo / Abril,2005,,Steve K.,,New York,,No,No,New York,
https://www.aalavina.org/revista/marzo-abril-2005/una-herencia-maldita,Una herencia maldita,No,Marzo / Abril,2005,,Juan C.,Chicago,Illinois,,No,No,"Chicago, Illinois",
https://www.aalavina.org/revista/marzo-abril-2005/el-padrenuestro-que-es-para-mi,"El Padrenuestro, ¿qué es para mí?",No,Marzo / Abril,2005,,Alfonso M.,Reims,,,No,No,Reims,
https://www.aalavina.org/revista/marzo-abril-2005/celebro-30-anos-de-sobriedad,Celebro 30 años de sobriedad,No,Marzo / Abril,2005,,Leonidas M.,Aldea Cerro Gordo,Santa Rosa,,No,No,"Grupo Concepción Cerro Gordo, Aldea Cerro Gordo, Santa Rosa",Group/institution: Grupo Concepción Cerro Gordo
https://www.aalavina.org/revista/marzo-abril-2005/apartado-1980-0,Apartado 1980,No,Marzo / Abril,2005,,,,,,No,Unknown (no location in byline),,
https://www.aalavina.org/revista/marzo-abril-2005/aa-y-los-inuit,AA y los inuit,No,Marzo / Abril,2005,,,,,,No,Unknown (no location in byline),,
https://www.aalavina.org/revista/enero-febrero-2005/apartado-1980,Apartado 1980,No,Enero / Febrero,2005,,,,,,No,Unknown (no location in byline),,
https://www.aalavina.org/revista/enero-febrero-2005/marcada-por-el-silencio,Marcada por el silencio,No,Enero / Febrero,2005,,J.B.,Cedar Rapids,Iowa,,No,No,"Cedar Rapids, Iowa",
https://www.aalavina.org/revista/enero-febrero-2005/visitando-una-reunion-de-sordos,Visitando una reunión de sordos,No,Enero / Febrero,2005,,John W.,Kihei,Hawaii,Un alcohólico oyente recibe el mensaje de miembros sordos de AA,No,No,"Kihei, Hawaii",
https://www.aalavina.org/revista/enero-febrero-2005/como-llevar-el-mensaje-los-alcoholicos-con-problemas-de-audicion,Cómo llevar el mensaje a los alcohólicos con problemas de audición,No,Enero / Febrero,2005,,,,,,No,Unknown (no location in byline),,
https://www.aalavina.org/revista/enero-febrero-2005/por-que-no-entras,¿Por qué no entras?,No,Enero / Febrero,2005,,Ángel del T.,La Habana,,,No,No,La Habana,
https://www.aalavina.org/revista/enero-febrero-2005/el-primer-paso-es-el-mas-duro-de-todos,El primer paso es el más duro de todos,No,Enero / Febrero,2005,,B.F.P.,Vero Beach,Florida,,No,No,"Vero Beach, Florida",
https://www.aalavina.org/revista/enero-febrero-2005/tema-de-discusion-para-reuniones,Tema de discusión para reuniones,No,Enero / Febrero,2005,,,,,,No,Unknown (no location in byline),,
https://www.aalavina.org/revista/enero-febrero-2005/las-aventuras-de-victor-e,Las aventuras de Víctor E.,No,Enero / Febrero,2005,,Anónimo,,New York,,No,No,New York,
https://www.aalavina.org/revista/enero-febrero-2005/el-transito-una-nueva-vida,El tránsito a una nueva vida,No,Enero / Febrero,2005,,Víctor H.,Lanús Oeste,Buenos Aires,,No,No,"Lanús Oeste, Buenos Aires",
https://www.aalavina.org/revista/enero-febrero-2005/un-pueblo-sin-dios,Un pueblo sin Dios,No,Enero / Febrero,2005,,Ricardo Enrique M.,Skokie,Illinois,,No,No,"Skokie, Illinois",
https://www.aalavina.org/revista/enero-febrero-2005/los-refranes-y-mi-programa,Los refranes y mi programa,No,Enero / Febrero,2005,,Chago R.,Lomas Verdes,Puerto Rico,,No,No,"Lomas Verdes, Puerto Rico",
https://www.aalavina.org/revista/enero-febrero-2005/como-llegue-creer-en-dios,Cómo llegué a creer en Dios,No,Enero / Febrero,2005,,José M.,Houston,Texas,,No,Yes,"Houston, Texas",
https://www.aalavina.org/revista/enero-febrero-2005/foro-regional-del-sudeste-de-eeuu,Foro Regional del Sudeste de EE.UU.,No,Enero / Febrero,2005,,,,,"Louisville, Kentucky, 3 al 5 de diciembre de 2004",No,Unknown (no location in byline),,
https://www.aalavina.org/revista/noviembre-diciembre-2004/apartado-1980,Apartado 1980,No,Noviembre / Diciembre,2004,,,,,,No,Unknown (no location in byline),,
https://www.aalavina.org/revista/noviembre-diciembre-2004/del-resentimiento-al-amor,Del resentimiento al amor,No,Noviembre / Diciembre,2004,,César de la P.,Culiacán,Sinaloa,,No,No,"Culiacán, Sinaloa",
https://www.aalavina.org/revista/noviembre-diciembre-2004/los-refranes-y-mi-programa-mas-vale-prevenir-que-remediar,Los refranes y mi programa: más vale prevenir que remediar,No,Noviembre / Diciembre,2004,,Chago R.,Lomas Verdes,Puerto Rico,,No,No,"Lomas Verdes, Puerto Rico",
https://www.aalavina.org/revista/noviembre-diciembre-2004/el-dolor-de-una-mujer-alcoholica,El dolor de una mujer alcohólica,No,Noviembre / Diciembre,2004,,Magalis,,Puerto Rico,,No,No,Puerto Rico,
https://www.aalavina.org/revista/noviembre-diciembre-2004/los-ruegos-de-una-madre,Los ruegos de una madre,No,Noviembre / Diciembre,2004,,Javier C.,Houston,Texas,,No,Yes,"Houston, Texas",
https://www.aalavina.org/revista/noviembre-diciembre-2004/la-medicacion-es-un-asunto-que-atane-nuestra-tradicion,La medicación es un asunto que atañe a nuestra Tradición,No,Noviembre / Diciembre,2004,,David S.,,New York,,No,No,New York,
https://www.aalavina.org/revista/noviembre-diciembre-2004/las-botellas-vacias,Las botellas vacias,No,Noviembre / Diciembre,2004,,Ana Catalina B.,Bogotá,,,No,No,"Grupo La Viña, Bogotá",Group/institution: Grupo La Viña
https://www.aalavina.org/revista/noviembre-diciembre-2004/charlar-y-escuchar,Charlar y escuchar,No,Noviembre / Diciembre,2004,,Piki B.,Mar del Plata,,,No,No,"Grupo La Gran Realidad, Mar del Plata",Group/institution: Grupo La Gran Realidad
https://www.aalavina.org/revista/noviembre-diciembre-2004/tema-de-discusion-para-reuniones,Tema de discusión para reuniones,No,Noviembre / Diciembre,2004,,,,,,No,Unknown (no location in byline),,
https://www.aalavina.org/revista/noviembre-diciembre-2004/una-sabia-proteccion,Una sabia protección,No,Noviembre / Diciembre,2004,,Juanjo,Madrid,,,No,No,"Grupo Retiro, Madrid",Group/institution: Grupo Retiro
https://www.aalavina.org/revista/noviembre-diciembre-2004/un-recorrido-por-los-pasos,Un recorrido por los pasos,No,Noviembre / Diciembre,2004,,Bill C.,Hull,Massachusetts,"Un miembro de AA nos da una sinopsis de cómo hizo los Pasos, del 1 al 12.",No,No,"Hull, Massachusetts",
https://www.aalavina.org/revista/noviembre-diciembre-2004/no-es-para-hacer-alardes,No es para hacer alardes,No,Noviembre / Diciembre,2004,,Anónimo,Humboldt,Saskatchewan,,No,No,"Humboldt, Saskatchewan",
https://www.aalavina.org/revista/septiembre-octubre-2004/apartado-1980,Apartado 1980,No,Septiembre / Octubre,2004,,,,,,No,Unknown (no location in byline),,
https://www.aalavina.org/revista/septiembre-octubre-2004/el-anonimato,El anonimato,No,Septiembre / Octubre,2004,,,,,,No,Unknown (no location in byline),,
https://www.aalavina.org/revista/septiembre-octubre-2004/como-entender-el-anonimato,Cómo entender el anonimato,No,Septiembre / Octubre,2004,,Adán B.,Mar del Plata,,,No,No,"Grupo Nueva Esperanza, Mar del Plata",Group/institution: Grupo Nueva Esperanza
https://www.aalavina.org/revista/septiembre-octubre-2004/un-grupo-muy-anonimo,Un grupo muy anónimo,No,Septiembre / Octubre,2004,,Miguel Ángel A.,El Grupo Tacna,Tacna,,No,No,"El Grupo Tacna, Tacna",
https://www.aalavina.org/revista/septiembre-octubre-2004/del-singular-al-plural,Del singular al plural,No,Septiembre / Octubre,2004,,Alfonos M2,Reims,,,No,No,"Grupo Saint-Thomas, Reims",Group/institution: Grupo Saint-Thomas
https://www.aalavina.org/revista/septiembre-octubre-2004/como-la-oficina-de-servicios-generales-ayuda-hacer-respetar-el,Cómo la Oficina de Servicios Generales ayuda a hacer respetar el anonimato,No,Septiembre / Octubre,2004,,,,,,No,Unknown (no location in byline),,
https://www.aalavina.org/revista/septiembre-octubre-2004/tema-de-discusion-para-reuniones,Tema de discusión para reuniones,No,Septiembre / Octubre,2004,,,,,,No,Unknown (no location in byline),,
https://www.aalavina.org/revista/septiembre-octubre-2004/como-encontrar-una-voz,Cómo encontrar una voz,No,Septiembre / Octubre,2004,,Danny S.,Centerville,Massachusetts,A veces la conciencia del grupo se queda atascada en la garganta,No,No,"Centerville, Massachusetts",
https://www.aalavina.org/revista/septiembre-octubre-2004/editorial-acerca-del-paso-10,Editorial: Acerca del Paso 10,No,Septiembre / Octubre,2004,,,,,,No,Unknown (no location in byline),,
https://www.aalavina.org/revista/septiembre-octubre-2004/8a-convencion-nacional-de-aa-en-colombia,8ª Convención Nacional de AA en Colombia,No,Septiembre / Octubre,2004,,Manuel V. RLV,Lima,,"Barranquilla, Colombia",No,No,Lima,
https://www.aalavina.org/revista/septiembre-octubre-2004/foro-regional-del-pacifico,Foro Regional del Pacífico,No,Septiembre / Octubre,2004,,,,,"Portland, Oregón, 16 al 18 de julio de 2004",No,Unknown (no location in byline),,
https://www.aalavina.org/revista/julio-agosto-2004/apartado-1980,Apartado 1980,No,Julio / Agosto,2004,,,,,,No,Unknown (no location in byline),,
https://www.aalavina.org/revista/julio-agosto-2004/aa-en-la-carcel,AA en la cárcel,No,Julio / Agosto,2004,,,,,,No,Unknown (no location in byline),,
https://www.aalavina.org/revista/julio-agosto-2004/la-gran-familia-de-aa,La gran familia de AA,No,Julio / Agosto,2004,,Francisco L.,San Diego,California,,No,No,"Centro de detención de East Mesa, San Diego, California",Group/institution: Centro de detención de East Mesa
https://www.aalavina.org/revista/julio-agosto-2004/encontre-una-nueva-vida-en-la-prision,Encontré una nueva vida en la prisión,No,Julio / Agosto,2004,,Greedyn V.,Morristown,New Jersey,,No,No,"Institución penitenciaria en Morristown, New Jersey",Group/institution: Institución penitenciaria en Morristown
https://www.aalavina.org/revista/julio-agosto-2004/cadena-perpetua,Cadena perpetua,No,Julio / Agosto,2004,,Wallace B.,Sanford,North Carolina,,No,No,"Sanford, North Carolina",
https://www.aalavina.org/revista/julio-agosto-2004/una-segunda-oportunidad,Una segunda oportunidad,No,Julio / Agosto,2004,,Ed W.,Rome,New York,Este alcohólico tuvo que pasar por una durísima experiencia para darse completamente por vencido ante el alcohol.,No,No,"Institución Penitenciaria en Rome, New York",Group/institution: Institución Penitenciaria en Rome
https://www.aalavina.org/revista/julio-agosto-2004/y-yo-que-puedo-hacer,"¿Y yo, qué puedo hacer?",No,Julio / Agosto,2004,,,,,,No,Unknown (no location in byline),,
https://www.aalavina.org/revista/julio-agosto-2004/la-revista-grapevine-cumple-60-anos,La revista Grapevine cumple 60 anos,No,Julio / Agosto,2004,,,,,El espejo de la comunidad 1944-2004,No,Unknown (no location in byline),,
https://www.aalavina.org/revista/julio-agosto-2004/un-acto-de-humildad,Un acto de humildad,No,Julio / Agosto,2004,,Juanjo,Madrid,,,No,No,"Grupo Retiro, Madrid",Group/institution: Grupo Retiro
https://www.aalavina.org/revista/julio-agosto-2004/vine-solo-por-las-firmas,Vine sólo por las firmas,No,Julio / Agosto,2004,,Ramiro M.,Perris,California,,No,No,"Perris, California",
https://www.aalavina.org/revista/julio-agosto-2004/un-proceso-bien-dirigido,Un proceso bien dirigido,No,Julio / Agosto,2004,,Anónimo,,New York,,No,No,New York,
https://www.aalavina.org/revista/julio-agosto-2004/el-eslabon-que-une-lo-material-con-lo-espiritual,El eslabón que une lo material con lo espiritual,No,Julio / Agosto,2004,,Eladio M.,,Puerto Rico,,No,No,"Grupo La Fe de Caguas, Puerto Rico",Group/institution: Grupo La Fe de Caguas
https://www.aalavina.org/revista/julio-agosto-2004/tema-de-discusion-para-reuniones,Tema de discusión para reuniones,No,Julio / Agosto,2004,,,,,,No,Unknown (no location in byline),,
https://www.aalavina.org/revista/julio-agosto-2004/llegamos-creer,Llegamos a creer,No,Julio / Agosto,2004,,Juan H.,Houston,Texas,,No,Yes,"Houston, Texas",
https://www.aalavina.org/revista/julio-agosto-2004/el-buen-camino,El buen camino,No,Julio / Agosto,2004,,Francisco M.,Puerto Cortés,Honduras,,No,No,"Puerto Cortés, Honduras",
https://www.aalavina.org/revista/julio-agosto-2004/54a-conferencia-de-servicios-generales-de-aa-de-estados-unidos-y-canada,54ª Conferencia de Servicios Generales de AA de Estados Unidos y Canadá,No,Julio / Agosto,2004,,,,,"Nueva York, 18 al 24 de abril de 2004",No,Unknown (no location in byline),,
https://www.aalavina.org/revista/julio-agosto-2004/cuando-llega-el-momento,Cuando llega el momento,No,Julio / Agosto,2004,,Aurora,Madrid,,,No,No,Madrid,
https://www.aalavina.org/revista/mayo-junio-2004/apartado-1980,Apartado 1980,No,Mayo / Junio,2004,,,,,,No,Unknown (no location in byline),,
https://www.aalavina.org/revista/mayo-junio-2004/entrevista-segundo-m-gerente-de-la-oficina-de-servicios-generales-de-aa-en,"Entrevista a Segundo M., Gerente de la Oficina de Servicios Generales de AA en el Perú",No,Mayo / Junio,2004,,,,,,No,Unknown (no location in byline),,
https://www.aalavina.org/revista/mayo-junio-2004/aa-en-el-peru,AA en el Perú,No,Mayo / Junio,2004,,Enrique T.,Barranco,Lima,"De los archivos del Grapevine hemos rescatado esta antigua y feliz historia, donde se narran los inicios de AA en el Perú hace 50 anos.",No,No,"Barranco, Lima",
https://www.aalavina.org/revista/mayo-junio-2004/del-agradecimiento-al-servicio,Del agradecimiento al servicio,No,Mayo / Junio,2004,,Antonio M.,Lima,,,No,No,Lima,
https://www.aalavina.org/revista/mayo-junio-2004/el-angel-que-me-trajo-aa,El ángel que me trajo a AA,No,Mayo / Junio,2004,,César Augusto C.,Chorrillos,Lima,,No,No,"Grupo Los Buenos Veteranos, Chorrillos, Lima",Group/institution: Grupo Los Buenos Veteranos
https://www.aalavina.org/revista/mayo-junio-2004/la-llamada,La llamada,No,Mayo / Junio,2004,,Alfredo C.,Miraflores,Lima,,No,No,"Grupo Recuperación, Miraflores, Lima",Group/institution: Grupo Recuperación
https://www.aalavina.org/revista/mayo-junio-2004/del-dolor-la-calma,Del dolor a la calma,No,Mayo / Junio,2004,,Miguel Ángel,Miraflores,Lima,,No,No,"Grupo Recuperación, Miraflores, Lima",Group/institution: Grupo Recuperación
https://www.aalavina.org/revista/mayo-junio-2004/una-ceremonia-reveladora,Una ceremonia reveladora,No,Mayo / Junio,2004,,Anónimo,,New York,,No,No,New York,
https://www.aalavina.org/revista/mayo-junio-2004/mi-poder-superior-y-tres-aspectos-de-mi-programa,Mi Poder Superior y tres aspectos de mi programa,No,Mayo / Junio,2004,,Oscar P.,Houston,Texas,,No,Yes,"Houston, Texas",
https://www.aalavina.org/revista/mayo-junio-2004/mi-vida-y-peripecias-con-el-sexto-paso,Mi vida y peripecias con el Sexto Paso,No,Mayo / Junio,2004,,Daniel A.D.,New York,New York,,No,No,"New York, New York",
https://www.aalavina.org/revista/mayo-junio-2004/la-envidia,La envidia,No,Mayo / Junio,2004,,"Rafael S., Tuxtla Gutiérrez",Chiapas,,,No,No,Chiapas,
https://www.aalavina.org/revista/mayo-junio-2004/la-cooperacion-sin-afiliacion,La cooperación sin afiliación,No,Mayo / Junio,2004,,Anónimo,,New York,Somos responsables,No,No,New York,
https://www.aalavina.org/revista/mayo-junio-2004/tema-de-discusion-para-reuniones,Tema de discusión para reuniones,No,Mayo / Junio,2004,,,,,,No,Unknown (no location in byline),,
https://www.aalavina.org/revista/mayo-junio-2004/la-historia-de-juan,La historia de Juan,No,Mayo / Junio,2004,,Juan A.,Greeley,Colorado,,No,No,"Greeley, Colorado",
https://www.aalavina.org/revista/marzo-abril-2004/apartado-1980,Apartado 1980,No,Marzo / Abril,2004,,,,,,No,Unknown (no location in byline),,
https://www.aalavina.org/revista/marzo-abril-2004/mi-vocabulario-reflejo-de-mi-recuperacion,"Mi vocabulario, reflejo de mi recuperación",No,Marzo / Abril,2004,,Eladio M.,,Puerto Rico,,No,No,"Grupo La Fe de Caguas, Puerto Rico",Group/institution: Grupo La Fe de Caguas
https://www.aalavina.org/revista/marzo-abril-2004/la-historia-del-nino,"La historia del ""Niño”",No,Marzo / Abril,2004,,José M.,Houston,Texas,,No,Yes,"Houston, Texas",
https://www.aalavina.org/revista/marzo-abril-2004/depresion-alcoholica,Depresión alcohólica,No,Marzo / Abril,2004,,Joaquín A.,Ciego de Ávila,,La noche oscura del alma,No,No,Ciego de Ávila,
https://www.aalavina.org/revista/marzo-abril-2004/la-libertad-bajo-dios-nos-corresponde-nosotros-elegir,La libertad bajo Dios: nos corresponde a nosotros elegir,No,Marzo / Abril,2004,,,,,Noviembre de 1960,No,Unknown (no location in byline),,
https://www.aalavina.org/revista/marzo-abril-2004/llegue-como-un-mendigo,Llegué como un mendigo,No,Marzo / Abril,2004,,Francisco H.,Panorama City,California,,No,No,"Panorama City, California",
https://www.aalavina.org/revista/marzo-abril-2004/la-historia-del-viejo-tobias,La historia del viejo Tobías,No,Marzo / Abril,2004,,El Viejo Tobías,Van Nuys,California,,No,No,"Van Nuys, California",
https://www.aalavina.org/revista/marzo-abril-2004/un-paso-muy-practico,Un paso muy práctico,No,Marzo / Abril,2004,,Juanjo,Madrid,,,No,No,Madrid,
https://www.aalavina.org/revista/marzo-abril-2004/como-escogi-mi-padrino,Cómo escogí mi padrino,No,Marzo / Abril,2004,,Manuel V.,Lima,,,No,No,Lima,
https://www.aalavina.org/revista/marzo-abril-2004/el-clavo-ardiente,El clavo ardiente,No,Marzo / Abril,2004,,Carmen,Madrid,,,No,No,Madrid,
https://www.aalavina.org/revista/marzo-abril-2004/honestidad-la-cualidad-mas-importante,Honestidad: la cualidad más importante,No,Marzo / Abril,2004,,Irma C.,San Antonio,Texas,,No,Yes,"San Antonio, Texas",
https://www.aalavina.org/revista/marzo-abril-2004/el-dilema-de-una-madrina,El dilema de una madrina,No,Marzo / Abril,2004,,Linda W.,Lake Bluff,Illinois,,No,No,"Lake Bluff, Illinois",
https://www.aalavina.org/revista/marzo-abril-2004/tema-de-discusion-para-reuniones,Tema de discusión para reuniones,No,Marzo / Abril,2004,,,,,,No,Unknown (no location in byline),,
https://www.aalavina.org/revista/marzo-abril-2004/expresiones-racistas-sexistas-y-homofobicas-en-los-grupos-hispanos,"Expresiones racistas, sexistas y homofóbicas en los grupos hispanos",No,Marzo / Abril,2004,,Anónimo,,New York,,No,No,New York,
https://www.aalavina.org/revista/marzo-abril-2004/bienvenidos-al-circo,Bienvenidos al circo,No,Marzo / Abril,2004,,Paul C.,Oceanside,California,,No,No,"Oceanside, California",
https://www.aalavina.org/revista/marzo-abril-2004/48a-convencion-del-area-de-puerto-rico,48ª Convención del Área de Puerto Rico,No,Marzo / Abril,2004,,El Editor,,,,No,Unknown (no location in byline),,
https://www.aalavina.org/revista/enero-febrero-2004/apartado-1980,Apartado 1980,No,Enero / Febrero,2004,,,,,,No,Unknown (no location in byline),,
https://www.aalavina.org/revista/enero-febrero-2004/una-mirada-la-historia,Una mirada a la historia,No,Enero / Febrero,2004,,El Editor,,,Las primeras reuniones de principiantes,No,Unknown (no location in byline),,
https://www.aalavina.org/revista/enero-febrero-2004/un-plan-educativo,Un plan educativo,No,Enero / Febrero,2004,,Dick W.,St. Louis,Missouri,,No,No,"St. Louis, Missouri",
https://www.aalavina.org/revista/enero-febrero-2004/rochester-prepara-los-novatos-para-participar-en-el-grupo,Rochester prepara a los novatos para participar en el grupo,No,Enero / Febrero,2004,,M.L.,Rochester,New York,,No,No,"Grupo Genesee, Rochester, New York",Group/institution: Grupo Genesee
https://www.aalavina.org/revista/enero-febrero-2004/tema-de-discusion-para-reuniones,Tema de discusión para reuniones,No,Enero / Febrero,2004,,,,,,No,Unknown (no location in byline),,
https://www.aalavina.org/revista/enero-febrero-2004/los-cuatro-grupos-de-discusion-de-st-paul,Los cuatro grupos de discusión de St. Paul,No,Enero / Febrero,2004,,L.S.L.,St.Paul,Minnesota,Un método de describir AA a los nuevos miembros,No,No,"St.Paul, Minnesota",
https://www.aalavina.org/revista/enero-febrero-2004/de-la-noche-al-dia,De la noche al día,No,Enero / Febrero,2004,,Salvador S.,Houston,Texas,,No,Yes,"Houston, Texas",
https://www.aalavina.org/revista/enero-febrero-2004/la-busqueda-de-la-espiritualidad,La búsqueda de la espiritualidad,No,Enero / Febrero,2004,,Jamie W.,Cumberland,Rhode Island,,No,No,"Cumberland, Rhode Island",
https://www.aalavina.org/revista/enero-febrero-2004/mi-version-de-las-promesas,Mi versión de las Promesas,No,Enero / Febrero,2004,,Don H.,Gibsons,British Columbia,Regla 62 (No te tomes tan en serio),No,No,"Gibsons, British Columbia",
https://www.aalavina.org/revista/enero-febrero-2004/la-verdadera-energia-del-programa,La verdadera energía del programa,No,Enero / Febrero,2004,,Eduardo C.,Toronto,,,No,No,"Grupo Amor y Paz, Toronto",Group/institution: Grupo Amor y Paz
https://www.aalavina.org/revista/enero-febrero-2004/mi-entrada-la-comunidad-un-paso-la-vez,"Mi entrada a la Comunidad, un paso a la vez",No,Enero / Febrero,2004,,Larry L.,Couer d'Alene,Idaho,,No,No,"Couer d'Alene, Idaho",
https://www.aalavina.org/revista/enero-febrero-2004/un-grupo-que-lleva-mi-nombre,Un grupo que lleva mi nombre,No,Enero / Febrero,2004,,Mona S.,Memphis,Tennessee,,No,No,"Memphis, Tennessee",
https://www.aalavina.org/revista/enero-febrero-2004/una-autoridad-fundamental-y-no-es-ninguno-de-nosotros,"Una autoridad fundamental, y no es ninguno de nosotros",No,Enero / Febrero,2004,,Al H.,Bakersfield,California,,No,No,"Bakersfield, California",
https://www.aalavina.org/revista/enero-febrero-2004/la-ultima-resistencia-de-un-borracho-seco,La última resistencia de un borracho seco,No,Enero / Febrero,2004,,Steve S.,Douglaston,New York,,No,No,"Douglaston, New York",
https://www.aalavina.org/revista/enero-febrero-2004/historia-de-un-hermano-guatemalteco,Historia de un hermano guatemalteco,No,Enero / Febrero,2004,,Rolando P.,Los Ángeles,California,,No,No,"Los Ángeles, California",
https://www.aalavina.org/revista/enero-febrero-2004/foro-internacional-en-puno-peru,"Foro Internacional en Puno, Perú",No,Enero / Febrero,2004,,Manuel V. RLV,Lima,,,No,No,Lima,
https://www.aalavina.org/revista/noviembre-diciembre-2003/apartado-1980,Apartado 1980,No,Noviembre / Diciembre,2003,,,,,,No,Unknown (no location in byline),,
https://www.aalavina.org/revista/noviembre-diciembre-2003/nuestras-tradiciones,Nuestras tradiciones,No,Noviembre / Diciembre,2003,,El Editor,,,,No,Unknown (no location in byline),,
https://www.aalavina.org/revista/noviembre-diciembre-2003/algunas-reflexiones-sobre-las-tradiciones,Algunas reflexiones sobre las Tradiciones,No,Noviembre / Diciembre,2003,,Tomy G.,Tucson,Arizona,,No,No,"Tucson, Arizona",
https://www.aalavina.org/revista/noviembre-diciembre-2003/los-washingtonianos,Los Washingtonianos,No,Noviembre / Diciembre,2003,,D.P.,Ogden,Utah,"Una breve historia la organización que creció enormemente ayudando a los alcohólicos y que luego decayó y desapareció por completo, cuando se apartó de su propósito primordial.",No,No,"Ogden, Utah",
https://www.aalavina.org/revista/noviembre-diciembre-2003/un-chequeo-de-las-tradiciones,Un chequeo de las Tradiciones,No,Noviembre / Diciembre,2003,,,,,Practica estos principios,No,Unknown (no location in byline),,
https://www.aalavina.org/revista/noviembre-diciembre-2003/tercera-tradicion,Tercera Tradición,No,Noviembre / Diciembre,2003,,Juanjo,Madrid,,,No,No,Madrid,
https://www.aalavina.org/revista/noviembre-diciembre-2003/un-nuevo-estado-de-conciencia,Un nuevo estado de conciencia,No,Noviembre / Diciembre,2003,,Douglas B.,,,,No,Unknown (no location in byline),,
https://www.aalavina.org/revista/noviembre-diciembre-2003/naci-alcoholico,Nací alcohólico,No,Noviembre / Diciembre,2003,,J.L.,Rio Grande,Puerto Rico,,No,No,"Grupo Buena Voluntad, Rio Grande, Puerto Rico",Group/institution: Grupo Buena Voluntad
https://www.aalavina.org/revista/noviembre-diciembre-2003/angeles-en-mi-camino,Ángeles en mi camino,No,Noviembre / Diciembre,2003,,Eduardo P.,San Bruno,,,No,No,San Bruno,
https://www.aalavina.org/revista/noviembre-diciembre-2003/foro-regional-del-sudoeste-kansas-city,"Foro Regional del Sudoeste, Kansas City",No,Noviembre / Diciembre,2003,,,,,3 al 5 de octubre de 2003,No,Unknown (no location in byline),,
https://www.aalavina.org/revista/noviembre-diciembre-2003/tema-de-discusion-para-reuniones,Tema de discusión para reuniones,No,Noviembre / Diciembre,2003,,,,,,No,Unknown (no location in byline),,
https://www.aalavina.org/revista/septiembre-octubre-2003/apartado-1980,Apartado 1980,No,Septiembre / Octubre,2003,,,,,,No,Unknown (no location in byline),,
https://www.aalavina.org/revista/septiembre-octubre-2003/despertar-espiritual,Despertar espiritual,No,Septiembre / Octubre,2003,,,,,,No,Unknown (no location in byline),,
https://www.aalavina.org/revista/septiembre-octubre-2003/un-reajuste-diario,Un reajuste diario,No,Septiembre / Octubre,2003,,Paul R.,,,,No,Unknown (no location in byline),por Internet,"Byline gives a role/medium, not a place: por Internet"
https://www.aalavina.org/revista/septiembre-octubre-2003/la-cajita-de-madera,La cajita de madera,No,Septiembre / Octubre,2003,,Juracy G.,Sao Luis,Maranhão,,No,No,"Sao Luis, Maranhão",
https://www.aalavina.org/revista/septiembre-octubre-2003/llanto-liberador,Llanto liberador,No,Septiembre / Octubre,2003,,Roberto J.,Houston,Texas,,No,Yes,"Houston, Texas",
https://www.aalavina.org/revista/septiembre-octubre-2003/del-odio-un-poder-superior,Del odio a un poder superior,No,Septiembre / Octubre,2003,,Ed M.,Elkeridge,Maryland,¿Por qué el creador del cielo y de la tierra se interesaría en hablar conmigo?,No,No,"Elkeridge, Maryland",
https://www.aalavina.org/revista/septiembre-octubre-2003/la-experiencia-de-un-ex-ateo,La experiencia de un ex-ateo,No,Septiembre / Octubre,2003,,Anónimo,San José,California,,No,No,"San José, California",
https://www.aalavina.org/revista/septiembre-octubre-2003/padre-soltero,Padre soltero,No,Septiembre / Octubre,2003,,Miguel C.,Portland,Oregon,,No,No,"Portland, Oregon",
https://www.aalavina.org/revista/septiembre-octubre-2003/espiritualidad-y-religion,Espiritualidad y religión,No,Septiembre / Octubre,2003,,Henry P.,East Elmhurst,New York,,No,No,"East Elmhurst, New York",
https://www.aalavina.org/revista/septiembre-octubre-2003/es-aa-solo-para-cristianos,¿Es AA solo para cristianos?,No,Septiembre / Octubre,2003,,Barb C.,Gainesville,Florida,,No,No,"Gainesville, Florida",
https://www.aalavina.org/revista/septiembre-octubre-2003/un-odio-sordo,Un odio sordo,No,Septiembre / Octubre,2003,,Keith W.,Ocean Side,California,"Gracias a una enmienda, un hombre llega a entender el odio que había abrigado durante once años.",No,No,"Ocean Side, California",
https://www.aalavina.org/revista/septiembre-octubre-2003/quiero-ser-profesor,Quiero ser profesor,No,Septiembre / Octubre,2003,,Alejandro H.,Lima,,,No,No,Lima,
https://www.aalavina.org/revista/septiembre-octubre-2003/el-polvillo-rojo,El polvillo rojo,No,Septiembre / Octubre,2003,,Víctor C.,San José,California,,No,No,"San José, California",
https://www.aalavina.org/revista/septiembre-octubre-2003/mis-2-letreros,Mis 2 letreros,No,Septiembre / Octubre,2003,,Jesús A.O.,Comas,Lima,,No,No,"Comas, Lima",
https://www.aalavina.org/revista/septiembre-octubre-2003/mi-problema-son-los-demas,¿Mi problema son los demás?,No,Septiembre / Octubre,2003,,M.W.,New Canaan,Connecticut,,No,No,"New Canaan, Connecticut",
https://www.aalavina.org/revista/septiembre-octubre-2003/tema-de-discusion-para-reuniones,Tema de discusión para reuniones,No,Septiembre / Octubre,2003,,,,,,No,Unknown (no location in byline),,
https://www.aalavina.org/revista/septiembre-octubre-2003/decima-tradicion,Décima Tradición,No,Septiembre / Octubre,2003,,Anónimo,Adelphi,Maryland,,No,No,"Adelphi, Maryland",
https://www.aalavina.org/revista/septiembre-octubre-2003/la-conferencia-internacional-de-gente-joven-en-aa-icypaa,La Conferencia Internacional de Gente Joven en AA (I.C.Y.P.A.A.),No,Septiembre / Octubre,2003,,Andrea R.,Orlando,Florida,,No,No,"Orlando, Florida",
https://www.aalavina.org/revista/julio-agosto-2003/apartado-1980,Apartado 1980,No,Julio / Agosto,2003,,,,,,No,Unknown (no location in byline),,
https://www.aalavina.org/revista/julio-agosto-2003/como-conservar-la-libertad,Cómo conservar la libertad,No,Julio / Agosto,2003,,,,,,No,Unknown (no location in byline),,
https://www.aalavina.org/revista/julio-agosto-2003/100-anos,100 años,No,Julio / Agosto,2003,,Jayant K.,Baltimore,Maryland,,No,No,"Baltimore, Maryland",
https://www.aalavina.org/revista/julio-agosto-2003/21-anos-y-en-problemas,21 años y en problemas,No,Julio / Agosto,2003,,Howard W.,Wrightsville,Arkansas,,No,No,"Unidad de Wrightsville, Departamento Penitenciario de Arkansas","Group/area: Unidad de Wrightsville, Departamento Penitenciario de Arkansas"
https://www.aalavina.org/revista/julio-agosto-2003/como-sobrevivir-en-la-calle,Como sobrevivir en la calle,No,Julio / Agosto,2003,,Don P.,Aurora,Colorado,,No,No,"Aurora, Colorado",
https://www.aalavina.org/revista/julio-agosto-2003/la-historia-de-margarita,La historia de Margarita,No,Julio / Agosto,2003,,Margarita A.,Los Ángeles,California,,No,No,"Los Ángeles, California",
https://www.aalavina.org/revista/julio-agosto-2003/me-llamo-daniel-y-soy-alcoholico,Me llamo Daniel y soy alcohólico,No,Julio / Agosto,2003,,Daniel V.,Preso en California City,California,,No,No,"Preso en California City, California",
https://www.aalavina.org/revista/julio-agosto-2003/lo-que-me-paso-por-beber-y-drogarme,Lo que me paso por beber y drogarme,No,Julio / Agosto,2003,,Paúl J.,Saint Johns,Arizona,,No,No,"Cárcel del Condado de Apache, Saint Johns, Arizona",Group/institution: Cárcel del Condado de Apache
https://www.aalavina.org/revista/julio-agosto-2003/aa-en-la-carcel-sugerencias-practicas,AA en la cárcel: Sugerencias practicas,No,Julio / Agosto,2003,,,,,,No,Unknown (no location in byline),,
https://www.aalavina.org/revista/julio-agosto-2003/atrapado-sin-salida,¿Atrapado sin salida?,No,Julio / Agosto,2003,,Fernando Q.,Yucatán,México,,No,No,"Yucatán, México",
https://www.aalavina.org/revista/julio-agosto-2003/tema-de-discusion-para-reuniones,Tema de discusión para reuniones,No,Julio / Agosto,2003,,,,,,No,Unknown (no location in byline),,
https://www.aalavina.org/revista/julio-agosto-2003/la-escalera-que-cruje,La escalera que cruje,No,Julio / Agosto,2003,,Joaquín A.,Ciego de Ávila,,,No,No,Ciego de Ávila,
https://www.aalavina.org/revista/julio-agosto-2003/porque-alcoholicos-anonimos-funciona,Porque Alcohólicos Anónimos funciona,No,Julio / Agosto,2003,,Johnny N.,Comerio,Puerto Rico,,No,No,"Comerio, Puerto Rico",
https://www.aalavina.org/revista/julio-agosto-2003/53a-conferencia-de-servicios-generales-de-alcoholicos-anonimos,53ª Conferencia de Servicios Generales de Alcohólicos Anónimos,No,Julio / Agosto,2003,,,,,,No,Unknown (no location in byline),,
https://www.aalavina.org/revista/mayo-junio-2003/apartado-1980,Apartado 1980,No,Mayo / Junio,2003,,,,,,No,Unknown (no location in byline),,
https://www.aalavina.org/revista/mayo-junio-2003/buscando-una-madrina,Buscando una madrina,No,Mayo / Junio,2003,,Rita H.,Greensboro,North Carolina,,No,No,"Greensboro, North Carolina",
https://www.aalavina.org/revista/mayo-junio-2003/las-instrucciones-de-mi-padrino,Las instrucciones de mi padrino,No,Mayo / Junio,2003,,Jairo R.,Bogotá,,,No,No,"Grupo La Vid, Bogotá",Group/institution: Grupo La Vid
https://www.aalavina.org/revista/mayo-junio-2003/cuando-un-ahijado-recae,Cuando un ahijado recae,No,Mayo / Junio,2003,,Dave R.,Manchester,New Hampshire,,No,No,"Manchester, New Hampshire",
https://www.aalavina.org/revista/mayo-junio-2003/la-persona-justa,La persona justa,No,Mayo / Junio,2003,,Anónimo,,,,No,Unknown (no location in byline),,
https://www.aalavina.org/revista/mayo-junio-2003/apadrinamiento-de-paises,Apadrinamiento de países,No,Mayo / Junio,2003,,,,,,No,Unknown (no location in byline),,
https://www.aalavina.org/revista/mayo-junio-2003/entendiendo-la-sexta-tradicion,Entendiendo la Sexta Tradición,No,Mayo / Junio,2003,,,,,,No,Unknown (no location in byline),,
https://www.aalavina.org/revista/mayo-junio-2003/encontrando-un-poder-superior,Encontrando un Poder Superior,No,Mayo / Junio,2003,,Carmen,España,,,No,No,"Área 7, España",Group/institution: Área 7
https://www.aalavina.org/revista/mayo-junio-2003/como-veo-mis-defectos-de-caracter,Cómo veo mis defectos de caracter,No,Mayo / Junio,2003,,HEPO,,New York,,No,No,New York,
https://www.aalavina.org/revista/mayo-junio-2003/mi-antes-y-mi-despues,Mi antes y mi despues,No,Mayo / Junio,2003,,Walter G.,Montevideo,,,No,No,"Grupo Casa, Montevideo",Group/institution: Grupo Casa
https://www.aalavina.org/revista/mayo-junio-2003/tema-de-discusion-para-reuniones,Tema de discusión para reuniones,No,Mayo / Junio,2003,,,,,,No,Unknown (no location in byline),,
https://www.aalavina.org/revista/mayo-junio-2003/llegue-muy-joven-aa,Llegue muy joven a AA,No,Mayo / Junio,2003,,Elias P.,Moreno Valley,California,,No,No,"Grupo Nueva Vida, Moreno Valley, California",Group/institution: Grupo Nueva Vida
https://www.aalavina.org/revista/marzo-abril-2003/una-nueva-oportunidad,Una nueva oportunidad,No,Marzo / Abril,2003,,,,,"Pobre, negra, absolutamente dominada por el alcohol, se sentía privada de la oportunidad de llevar una vida que mereciera la pena. Pero al comenzar a cumplir una condena en prisión, se le abrió una puerta.",No,Unknown (no location in byline),,
https://www.aalavina.org/revista/marzo-abril-2003/una-vision-de-la-recuperacion,Una visión de la recuperación,No,Marzo / Abril,2003,,,,,"Para este indio Mic-Mac, una sencilla plegaria forjó una conexión duradera con un Poder Superior.",No,Unknown (no location in byline),,
https://www.aalavina.org/revista/marzo-abril-2003/apartado-1980,Apartado 1980,No,Marzo / Abril,2003,,,,,,No,Unknown (no location in byline),,
https://www.aalavina.org/revista/marzo-abril-2003/nuestros-amigos-no-alcoholicos,Nuestros amigos no alcohólicos,No,Marzo / Abril,2003,,,,,¿Cuántos be nosotros escucharon acerca de la existencia de AA de labios de un no alcohólico?,No,Unknown (no location in byline),,
https://www.aalavina.org/revista/marzo-abril-2003/un-leon-amigo,Un león amigo,No,Marzo / Abril,2003,,Victor Bertello,Trenque Lauquan,Provincia de Buenos Aires,,No,No,"Trenque Lauquan, Provincia de Buenos Aires",
https://www.aalavina.org/revista/marzo-abril-2003/un-jesuita-aplaude-aa,Un jesuita aplaude a AA,No,Marzo / Abril,2003,,"William J. Smith, S.J.",Brooklyn,New York,,No,No,"Brooklyn, New York",
https://www.aalavina.org/revista/marzo-abril-2003/pensamientos-de-una-juez-sobre-el-sano-juicio,Pensamientos de una juez sobre el sano juicio,No,Marzo / Abril,2003,,Dra. Linda L. Chezem,,,,No,Unknown (no location in byline),,
https://www.aalavina.org/revista/marzo-abril-2003/nuestra-primera-tradicion,Nuestra primera tradición,No,Marzo / Abril,2003,,Pepe L.,Puertollano,Castilla-La Mancha,,No,No,"Área 7ª, Puertollano, Castilla-La Mancha",Group/institution: Área 7ª
https://www.aalavina.org/revista/marzo-abril-2003/una-vida-mejor,Una vida mejor,No,Marzo / Abril,2003,,Alfredo B.,Buenos Aires,,,No,No,Buenos Aires,
https://www.aalavina.org/revista/marzo-abril-2003/zanfarinfas-y-su-padrino,Zanfarinfas y su Padrino,No,Marzo / Abril,2003,,,,,Entendiendo la Tercera Tradición: Segunda Parte,No,Unknown (no location in byline),,
https://www.aalavina.org/revista/marzo-abril-2003/tema-de-discusion-para-reuniones,Tema de discusión para reuniones,No,Marzo / Abril,2003,,,,,,No,Unknown (no location in byline),,
https://www.aalavina.org/revista/marzo-abril-2003/foro-especial-hispano,Foro Especial Hispano,No,Marzo / Abril,2003,,,,,,No,Unknown (no location in byline),,
https://www.aalavina.org/revista/enero-febrero-2003/la-ganadora-se-lleva-todo,La ganadora se lleva todo,No,Enero / Febrero,2003,,,,,"Aunque ciega de nacimiento, ya no estaba sola; encontró una forma de mantenerse sobria, sacar adelante a su familia y entregar su vida al cuidado de Dios",No,Unknown (no location in byline),,
https://www.aalavina.org/revista/enero-febrero-2003/la-busqueda-perpetua,La búsqueda perpetua,No,Enero / Febrero,2003,,,,,"Esta abogada probó el psicoanálisis, la biorretroalimentación, los ejercicios de relajación, y multitud de otras técnicas para controlar su forma de beber. Finalmente encontró una solución, hecha a la medida de los Doce Pasos.",No,Unknown (no location in byline),,
https://www.aalavina.org/revista/enero-febrero-2003/apartado-1980,Apartado 1980,No,Enero / Febrero,2003,,,,,,No,Unknown (no location in byline),,
https://www.aalavina.org/revista/enero-febrero-2003/la-vina-y-el-grapevine,La Viña y El Grapevine,No,Enero / Febrero,2003,,,,,,No,Unknown (no location in byline),,
https://www.aalavina.org/revista/enero-febrero-2003/el-grapevine-de-aa-en-2002,El Grapevine de AA en 2002,No,Enero / Febrero,2003,,,,,,No,Unknown (no location in byline),,
https://www.aalavina.org/revista/enero-febrero-2003/convencion-hispana-de-aa-estados-unidos-y-canada,"Convención Hispana de A.A., Estados Unidos y Canadá",No,Enero / Febrero,2003,,Beth D.,Delegada Panel 51,Área 15 Sur de Florida,,No,No,"Delegada Panel 51, Área 15 Sur de Florida",
https://www.aalavina.org/revista/enero-febrero-2003/humildad-sin-h,Humildad sin H,No,Enero / Febrero,2003,,Facho Q.,Panamá,,,No,No,Panamá,
https://www.aalavina.org/revista/enero-febrero-2003/mi-problema-y-su-solucion,Mi problema y su solucion,No,Enero / Febrero,2003,,David B.,Arecibo,Puerto Rico,,No,No,"Grupo Arecibo, Arecibo, Puerto Rico",Group/institution: Grupo Arecibo
https://www.aalavina.org/revista/enero-febrero-2003/como-tratare-de-manejar-mis-sentimientos,Cómo trataré de manejar mis sentimientos,No,Enero / Febrero,2003,,Joaquín A.,Norte de Santander,,,No,No,"Grupo La Frontera Cúcuta, Norte de Santander",Group/institution: Grupo La Frontera Cúcuta
https://www.aalavina.org/revista/noviembre-diciembre-2002/apartado-1980,Apartado 1980,No,Noviembre / Diciembre,2002,,,,,,No,Unknown (no location in byline),,
https://www.aalavina.org/revista/noviembre-diciembre-2002/como-llegue-aa,Cómo llegué a AA,No,Noviembre / Diciembre,2002,,Alberto F.,Área 6,Barcelona,,No,No,"Grupo Bellvitge, Área 6, Barcelona",Group/institution: Grupo Bellvitge
https://www.aalavina.org/revista/noviembre-diciembre-2002/la-historia-de-jim,La historia de Jim,No,Noviembre / Diciembre,2002,,,,,"Este médico, uno de los miembros pioneros del primer grupo de negros de AA, cuenta cómo descubrió la libertad al trabajar con su gente",No,Unknown (no location in byline),,
https://www.aalavina.org/revista/noviembre-diciembre-2002/alcoholicos-sobrios-se-reunen-en-buenos-aires-para-celebrar-el,Alcohólicos sobrios se reúnen en Buenos Aires para celebrar el 50° aniversario de AA en Argentina,No,Noviembre / Diciembre,2002,,OSG de Alcohólicos Anónimos,Buenos Aires,,,No,No,Buenos Aires,
https://www.aalavina.org/revista/noviembre-diciembre-2002/la-otra-dimension,La otra dimensión,No,Noviembre / Diciembre,2002,,María L.,Servidora 6ª Convención — 50° Aniversario,Buenos Aires,Historia de una hermana argentina,No,No,"Servidora 6ª Convención — 50° Aniversario, Buenos Aires",
https://www.aalavina.org/revista/noviembre-diciembre-2002/alcoholicos-anonimos-en-argentina,Alcohólicos Anónimos en Argentina,No,Noviembre / Diciembre,2002,,,,,,No,Unknown (no location in byline),,
https://www.aalavina.org/revista/noviembre-diciembre-2002/el-regalo-de-la-serenidad,El regalo de la serenidad,No,Noviembre / Diciembre,2002,,Irma C.,San Antonio,Texas,,No,Yes,"San Antonio, Texas",
https://www.aalavina.org/revista/noviembre-diciembre-2002/doce-sugerencias-para-pasar-las-fiesta-sobrio-y-alegre,Doce sugerencias para pasar las fiesta sobrio y alegre,No,Noviembre / Diciembre,2002,,,,,,No,Unknown (no location in byline),,
https://www.aalavina.org/revista/noviembre-diciembre-2002/aprendiendo-de-nuestros-hermanos-angloparlantes,Aprendiendo de nuestros hermanos angloparlantes,No,Noviembre / Diciembre,2002,,Alfredo D.,Manteca,California,,No,No,"Manteca, California",
https://www.aalavina.org/revista/noviembre-diciembre-2002/bienaventurados-nosotros,¿Bienaventurados nosotros?,No,Noviembre / Diciembre,2002,,Javier de M.,Panamá,República de Panamá,,No,No,"Panamá, República de Panamá",
https://www.aalavina.org/revista/noviembre-diciembre-2002/el-inventario-personal-constante,El inventario personal constante,No,Noviembre / Diciembre,2002,,Juanjo,Madrid,,,No,No,Madrid,
https://www.aalavina.org/revista/noviembre-diciembre-2002/yo-voy-aa-por-que-mi-madre-y-mi-esposa-no-van-al-anon,"Yo voy a AA, ¿por qué mi madre y mi esposa no van a Al-Anon?",No,Noviembre / Diciembre,2002,,Ernesto C.,Ciudad Victoria,Tampico,,No,No,"Ciudad Victoria, Tampico",
https://www.aalavina.org/revista/noviembre-diciembre-2002/la-practica-que-he-aprendido,La práctica que he aprendido,No,Noviembre / Diciembre,2002,,Onofredo L.,Colombia,,,No,No,Colombia,
https://www.aalavina.org/revista/septiembre-octubre-2002/apartado-1980,Apartado 1980,No,Septiembre / Octubre,2002,,,,,,No,Unknown (no location in byline),,
https://www.aalavina.org/revista/septiembre-octubre-2002/un-nuevo-comienzo,Un nuevo comienzo,No,Septiembre / Octubre,2002,,Daniel B.,,,,No,Unknown (no location in byline),via Internet,"Byline gives a role/medium, not a place: via Internet"
https://www.aalavina.org/revista/septiembre-octubre-2002/mi-despertar-en-aa-traves-del-servicio,Mi despertar en AA a través del servicio,No,Septiembre / Octubre,2002,,Miguel M.,Indio,California,,No,No,"Indio, California",
https://www.aalavina.org/revista/septiembre-octubre-2002/mi-salud-espiritual,Mi salud espiritual,No,Septiembre / Octubre,2002,,Ana Maria,,,,No,Unknown (no location in byline),via Internet,"Byline gives a role/medium, not a place: via Internet"
https://www.aalavina.org/revista/septiembre-octubre-2002/cinco-palabras-basicas,Cinco palabras básicas,No,Septiembre / Octubre,2002,,Samuel B.,Cuyutlán,Colima,,No,No,"Cuyutlán, Colima",
https://www.aalavina.org/revista/septiembre-octubre-2002/venciendo-la-pereza,Venciendo la pereza,No,Septiembre / Octubre,2002,,Malena,Chula Vista,California,,No,No,"Chula Vista, California",
https://www.aalavina.org/revista/septiembre-octubre-2002/llevando-el-mensaje-en-bicicleta-por-el-brasil,Llevando el mensaje en bicicleta por el Brasil,No,Septiembre / Octubre,2002,,Marcos de F.,,,"Mi proyecto, 16 de junio de 2002",No,Unknown (no location in byline),via Internet,"Byline gives a role/medium, not a place: via Internet"
https://www.aalavina.org/revista/septiembre-octubre-2002/de-guatemala-canada,De Guatemala a Canadá,No,Septiembre / Octubre,2002,,Elmer D.,Cap Chat,Quebec,,No,No,"Cap Chat, Quebec",
https://www.aalavina.org/revista/septiembre-octubre-2002/el-ama-de-casa-que-bebia-en-casa,El ama de casa que bebía en casa,No,Septiembre / Octubre,2002,,,,,Escondía sus botellas en los cestos de la ropa y en los cajones del tocador. En A.A descubrió que no había perdido nada y había encontrado todo.,No,Unknown (no location in byline),,
https://www.aalavina.org/revista/septiembre-octubre-2002/el-eslabon-perdido,El eslabón perdido,No,Septiembre / Octubre,2002,,,,,Lo consideraba todo como causa de su infelicidad—excepto el alcohol,No,Unknown (no location in byline),,
https://www.aalavina.org/revista/septiembre-octubre-2002/las-reparaciones,Las reparaciones,No,Septiembre / Octubre,2002,,Carmen,Madrid,,,No,No,"Área 7, Madrid",Group/institution: Área 7
https://www.aalavina.org/revista/septiembre-octubre-2002/mi-plan-de-24-horas,Mi plan de 24 horas,No,Septiembre / Octubre,2002,,Un alcohólico anónimo,Dallas,Texas,,No,Yes,"Dallas, Texas",
https://www.aalavina.org/revista/septiembre-octubre-2002/mis-30-anos,A mis 30 años,No,Septiembre / Octubre,2002,,Daniel C.,Van Nuys,California,,No,No,"Grupo Despertar Feliz, Van Nuys, California",Group/institution: Grupo Despertar Feliz
https://www.aalavina.org/revista/septiembre-octubre-2002/foro-regional-del-pacifico,Foro Regional del Pacífico,No,Septiembre / Octubre,2002,,El Editor,,,"Phoenix, Arizona, 12 al 14 de julio de 2002",No,Unknown (no location in byline),,
https://www.aalavina.org/revista/julio-agosto-2002/apartado-1980,Apartado 1980,No,Julio / Agosto,2002,,,,,,No,Unknown (no location in byline),,
https://www.aalavina.org/revista/julio-agosto-2002/entrevista-con-allen-ault,Entrevista con Allen Ault,No,Julio / Agosto,2002,,,,,"Allen Ault, Director del Instituto Nacional Penitenciario Departamento de Justicia de los EE.UU., es custodio Clase A (no alcohólico) de Alcohólicos Anónimos.",No,Unknown (no location in byline),,
https://www.aalavina.org/revista/julio-agosto-2002/desde-la-prision-salto-del-negro,"Desde la prisión “Salto del Negro""",No,Julio / Agosto,2002,,Javier R.,Área 11,Islas Canarias,,No,No,"Grupo ""Sansofe a Valientes con Fe"", Área 11, Islas Canarias","Group/institution: Grupo ""Sansofe a Valientes con Fe"""
https://www.aalavina.org/revista/julio-agosto-2002/sansofe-valientes-con-fe,Sansofe a valientes con Fe,No,Julio / Agosto,2002,,Juan Antonio A.,Área 11,Islas Canarias,,No,No,"Grupo Cuatro Doce, Área 11, Islas Canarias",Group/institution: Grupo Cuatro Doce
https://www.aalavina.org/revista/julio-agosto-2002/como-sali-del-hoyo,Cómo salí del hoyo,No,Julio / Agosto,2002,,Aurelio A.,Blythe,California,,No,No,"Institución Penitenciaria, Blythe, California",Group/institution: Institución Penitenciaria
https://www.aalavina.org/revista/julio-agosto-2002/la-luz-del-tercer-paso,La luz del Tercer Paso,No,Julio / Agosto,2002,,Eduardo M.,Beeville,Texas,,No,Yes,"Prisión de Beeville, Texas",Group/institution: Prisión de Beeville
https://www.aalavina.org/revista/julio-agosto-2002/la-visita-de-mi-amigo,La visita de mi amigo,No,Julio / Agosto,2002,,José S.,Avenal,,,No,No,"Prisión Estatal, Avenal",Group/institution: Prisión Estatal
https://www.aalavina.org/revista/julio-agosto-2002/libre-de-las-cadenas,Libre de las cadenas,No,Julio / Agosto,2002,,Martin H.V.,Hondo,Texas,,No,Yes,"Institución Penitenciaria, Hondo, Texas",Group/institution: Institución Penitenciaria
https://www.aalavina.org/revista/julio-agosto-2002/y-yo-que-puedo-hacer,"¿Y yo, qué puedo hacer?",No,Julio / Agosto,2002,,,,,,No,Unknown (no location in byline),,
https://www.aalavina.org/revista/julio-agosto-2002/miedo-al-miedo,Miedo al miedo,No,Julio / Agosto,2002,,,,,"Esta mujer era precavida. Decidió que no se dejaría arrastrar por la bebida, y que jamás se tomaría ese trago matutino.",No,Unknown (no location in byline),,
https://www.aalavina.org/revista/julio-agosto-2002/doble-regalo,Doble regalo,No,Julio / Agosto,2002,,,,,"Diagnosticada con cirrosis, esta alcohólica logro la sobriedad—además de un trasplante de hígado salvador",No,Unknown (no location in byline),,
https://www.aalavina.org/revista/julio-agosto-2002/paso-7,Paso 7,No,Julio / Agosto,2002,,Cano,San Juan,Puerto Rico,,No,No,"San Juan, Puerto Rico",
https://www.aalavina.org/revista/julio-agosto-2002/preparando-la-lista,Preparando la lista,No,Julio / Agosto,2002,,Aurora,Madrid,España,,No,No,"Madrid, España",
https://www.aalavina.org/revista/julio-agosto-2002/51a-conferencia-de-servicios-generales-de-alcoholicos-anonimos,51ª Conferencia de Servicios Generales de Alcohólicos Anónimos,No,Julio / Agosto,2002,,,,,,No,Unknown (no location in byline),,
https://www.aalavina.org/revista/mayo-junio-2002/apartado-1980,Apartado 1980,No,Mayo / Junio,2002,,,,,,No,Unknown (no location in byline),,
https://www.aalavina.org/revista/mayo-junio-2002/mi-gratitud-alcoholicos-anonimos,Mi gratitud a Alcohólicos Anónimos,No,Mayo / Junio,2002,,Fernando C.,San José,California,,No,No,"San José, California",
https://www.aalavina.org/revista/mayo-junio-2002/gracias-mi-hijo,Gracias a mi hijo,No,Mayo / Junio,2002,,Méyer C.,San Francisco,California,,No,No,"San Francisco, California",
https://www.aalavina.org/revista/mayo-junio-2002/los-regalos-de-mi-poder-superior-y-del-programa,Los regalos de mi Poder Superior y del programa,No,Mayo / Junio,2002,,M.F.,Santiago,Chile,,No,No,"Santiago, Chile",
https://www.aalavina.org/revista/mayo-junio-2002/hay-milagros-en-aa,¿Hay milagros en AA.?,No,Mayo / Junio,2002,,Rafael V.,Lima,Perú,,No,No,"Lima, Perú",
https://www.aalavina.org/revista/mayo-junio-2002/la-cuerda-floja,La cuerda floja,No,Mayo / Junio,2002,,,,,El intentar vivir en mundos separados era una farsa solitaria que terminó cuando este alcohólico gay acabó en A.A.,No,Unknown (no location in byline),,
https://www.aalavina.org/revista/mayo-junio-2002/mi-oportunidad-de-vivir,Mi oportunidad de vivir,No,Mayo / Junio,2002,,,,,A.A. dio a esta adolescente las herramientas para salir de su oscuro abismo de desesperación.,No,Unknown (no location in byline),,
https://www.aalavina.org/revista/mayo-junio-2002/aunque-estoy-entre-rejas-me-siento-libre,"Aunque estoy entre rejas, me siento libre",No,Mayo / Junio,2002,,Sergio R.,Phoenix,Arizona,,No,No,"Phoenix, Arizona",
https://www.aalavina.org/revista/mayo-junio-2002/mi-imagen-en-el-espejo,Mi imagen en el espejo,No,Mayo / Junio,2002,,Isabel,Madrid,,,No,No,Madrid,
https://www.aalavina.org/revista/mayo-junio-2002/el-vicio-de-mi-padre-y-mi-enfermedad,"El ""vicio"" de mi padre y mi enfermedad",No,Mayo / Junio,2002,,Pedro G.,New Brunswick,New Jersey,,No,No,"New Brunswick, New Jersey",
https://www.aalavina.org/revista/mayo-junio-2002/enteramente-dispuesto,Enteramente dispuesto,No,Mayo / Junio,2002,,F.Q.,,,,No,No,Área Yucatán Uno,Group/institution: Área Yucatán Uno
https://www.aalavina.org/revista/marzo-abril-2002/apartado-1980,Apartado 1980,No,Marzo / Abril,2002,,,,,,No,Unknown (no location in byline),,
https://www.aalavina.org/revista/marzo-abril-2002/como-es-mi-grupo-base,¿Como es mi grupo base?,No,Marzo / Abril,2002,,,,,,No,Unknown (no location in byline),,
https://www.aalavina.org/revista/marzo-abril-2002/nuestros-lectores-comparten-sobre-sus-grupos-base,Nuestros lectores comparten sobre sus grupos base,No,Marzo / Abril,2002,,,,,,No,Unknown (no location in byline),,
https://www.aalavina.org/revista/marzo-abril-2002/mis-dos-grupos-base,Mis dos grupos base,No,Marzo / Abril,2002,,Elsy R.,Salina,Kansas,"Al no haber grupos en español en su ciudad, esta compañera comenzó asistiendo a un grupo en inglés al cual convirtió en su grupo base. Tras varios años de recuperación, por sugerencia de su madrina, fundó su segundo grupo base, esta vez con reuniones en español.",No,No,"Salina, Kansas",
https://www.aalavina.org/revista/marzo-abril-2002/como-es-mi-grupo-base-aniversario,¿Como es mi Grupo Base? Aniversario,No,Marzo / Abril,2002,,,,,,No,Unknown (no location in byline),,
https://www.aalavina.org/revista/marzo-abril-2002/inundado-de-emocion,Inundado de emoción,No,Marzo / Abril,2002,,,,,"Cuando se derrumbo una barrera para llegar a Dios, este autodenominado agnóstico ya estaba en el Tercer Paso.",No,Unknown (no location in byline),,
https://www.aalavina.org/revista/marzo-abril-2002/refugio-seguro,Refugio seguro,No,Marzo / Abril,2002,,,,,Este compañero llegó a darse cuenta de que el proceso de descubrir quién era realmente empezó con saber quién no quería ser.,No,Unknown (no location in byline),,
https://www.aalavina.org/revista/marzo-abril-2002/yo-el-grupo-mi-padrino-y-dios,"¡Yo!, el grupo, mi padrino y Dios",No,Marzo / Abril,2002,,Jesús P.,Xalapa,Veracruz,,No,No,"Xalapa, Veracruz",
https://www.aalavina.org/revista/marzo-abril-2002/zanfarinfas-y-su-padrino,Zanfarinfas y su Padrino,No,Marzo / Abril,2002,,,,,Entendiendo la Tercera Tradición,No,Unknown (no location in byline),,
https://www.aalavina.org/revista/marzo-abril-2002/viaje-al-autoconocimiento,Viaje al autoconocimiento,No,Marzo / Abril,2002,,Juanjo,Madrid,,,No,No,Madrid,
https://www.aalavina.org/revista/marzo-abril-2002/foro-especial-hispano,Foro Especial Hispano,No,Marzo / Abril,2002,,El Editor,,,"Austin, Texas",No,Unknown (no location in byline),,
https://www.aalavina.org/revista/enero-febrero-2002/apartado-1980,Apartado 1980,No,Enero / Febrero,2002,,,,,,No,Unknown (no location in byline),,
https://www.aalavina.org/revista/enero-febrero-2002/la-admision-de-mi-derrota,La admisión de mi derrota,No,Enero / Febrero,2002,,Aurora,Madrid,España,,No,No,"Madrid, España",
https://www.aalavina.org/revista/enero-febrero-2002/porque-recai-por-16-anos,¿Porque recaí por 16 años?,No,Enero / Febrero,2002,,Carlos M.,,,,No,Unknown (no location in byline),,
https://www.aalavina.org/revista/enero-febrero-2002/la-redencion,La redención,No,Enero / Febrero,2002,,Adán B.,Mar del Plata,,,No,No,Mar del Plata,
https://www.aalavina.org/revista/enero-febrero-2002/entrevista-osg-en-costa-rica,Entrevista: O.S.G. en Costa Rica,No,Enero / Febrero,2002,,,,,,No,Unknown (no location in byline),,
https://www.aalavina.org/revista/enero-febrero-2002/mi-primer-aniversario,Mi primer aniversario,No,Enero / Febrero,2002,,Jorge H.,Amarillo,Texas,,No,Yes,"Amarillo, Texas",
https://www.aalavina.org/revista/enero-febrero-2002/la-cuarta-edicion-en-ingles-de-nuestro-libro-grande,La cuarta edición en inglés de nuestro Libro Grande,No,Enero / Febrero,2002,,,,,,No,Unknown (no location in byline),,
https://www.aalavina.org/revista/enero-febrero-2002/escuchando-el-viento,Escuchando el viento,No,Enero / Febrero,2002,,,,,Hizo falta un ángel para introducir a esta mujer india americana a AA y a la recuperación.,No,Unknown (no location in byline),,
https://www.aalavina.org/revista/enero-febrero-2002/mujeriego-parrandero-y-borrachon,"Mujeriego, parrandero y borrachón",No,Enero / Febrero,2002,,Manuel M.,Zaragoza,,,No,No,Zaragoza,
https://www.aalavina.org/revista/noviembre-diciembre-2001/apartado-1980,Apartado 1980,No,Noviembre / Diciembre,2001,,,,,,No,Unknown (no location in byline),,
https://www.aalavina.org/revista/noviembre-diciembre-2001/las-doce-sonrisas,Las doce sonrisas,No,Noviembre / Diciembre,2001,,Carlos R.,El Monte,California,,No,No,"El Monte, California",
https://www.aalavina.org/revista/noviembre-diciembre-2001/el-mensaje-de-aa-me-puso-el-dedo-en-la-llaga,El mensaje de AA me puso el dedo en la llaga,No,Noviembre / Diciembre,2001,,Ginger A.,Dover-Foxcroft,Maine,,No,No,"Dover-Foxcroft, Maine",
https://www.aalavina.org/revista/noviembre-diciembre-2001/el-verdadero-profesor,El verdadero profesor,No,Noviembre / Diciembre,2001,,Rolando P.N.,La Habana,Cuba,,No,No,"La Habana, Cuba",
https://www.aalavina.org/revista/noviembre-diciembre-2001/mi-alcoholismo-ha-hecho-sufrir-todos-los-que-me-quieren,Mi alcoholismo ha hecho sufrir a todos los que me quieren,No,Noviembre / Diciembre,2001,,Camilo C.,Jamestown,California,,No,No,"Jamestown, California",
https://www.aalavina.org/revista/noviembre-diciembre-2001/mi-alcoholismo-mi-guerra,"Mi alcoholismo, mi guerra",No,Noviembre / Diciembre,2001,,Augusto M.,Buenos Aires,,,No,No,Buenos Aires,
https://www.aalavina.org/revista/noviembre-diciembre-2001/el-11-de-septiembre-de-2001,El 11 de septiembre de 2001,No,Noviembre / Diciembre,2001,,Artie V.W.,New York,New York,,No,No,"New York, New York",
https://www.aalavina.org/revista/noviembre-diciembre-2001/1er-foro-de-servicios-generales-de-habla-hispana-del-area-3-en,"1er Foro de Servicios Generales de Habla Hispana del Área 3, en Phoenix, Arizona",No,Noviembre / Diciembre,2001,,"Miguel C., Coordinador del Foro de Servicios, Generales de Habla Hispana,",Phoenix,Arizona,,No,No,"Phoenix, Arizona",
https://www.aalavina.org/revista/noviembre-diciembre-2001/los-doce-pasos-al-reves,Los doce pasos al reves,No,Noviembre / Diciembre,2001,,Kelly B.,Voorheesville,New York,,No,No,"Voorheesville, New York",
https://www.aalavina.org/revista/noviembre-diciembre-2001/sobre-como-cultivar-la-tolerancia,Sobre como cultivar la tolerancia,No,Noviembre / Diciembre,2001,,Dr. Bob,,,,No,Unknown (no location in byline),,
https://www.aalavina.org/revista/noviembre-diciembre-2001/entrevista-con-bob-s-hijo,"Entrevista con Bob S., hijo",No,Noviembre / Diciembre,2001,,,,,,No,Unknown (no location in byline),,
https://www.aalavina.org/revista/noviembre-diciembre-2001/el-dr-bob-el-hombre-y-el-medico,El Dr. Bob: El hombre y el médico,No,Noviembre / Diciembre,2001,,J.G.,,Ohio,,No,No,Ohio,
https://www.aalavina.org/revista/noviembre-diciembre-2001/cronologia-de-la-vida-y-obra-del-dr-bob,Cronología de la vida y obra del Dr. Bob,No,Noviembre / Diciembre,2001,,,,,,No,Unknown (no location in byline),,
https://www.aalavina.org/revista/septiembre-octubre-2001/apartado-1980,Apartado 1980,No,Septiembre / Octubre,2001,,,,,,No,Unknown (no location in byline),,
https://www.aalavina.org/revista/septiembre-octubre-2001/una-palmadita-en-la-espalda,Una palmadita en la espalda,No,Septiembre / Octubre,2001,,Dale C.,Tacoma,Washington,,No,No,"Tacoma, Washington",
https://www.aalavina.org/revista/septiembre-octubre-2001/una-vida-mas-cinematografica,Una vida más cinematográfica,No,Septiembre / Octubre,2001,,Ernest S.,York Harbor,Maine,,No,No,"York Harbor, Maine",
https://www.aalavina.org/revista/septiembre-octubre-2001/mas-aventuras-de-zanfarinfas-y-su-padrino,Más aventuras de Zanfarinfas y su padrino,No,Septiembre / Octubre,2001,,Tanganxoán,Soquel,California,El programa no funciona a control remoto,No,No,"Soquel, California",
https://www.aalavina.org/revista/septiembre-octubre-2001/temas-de-debate,Temas de debate,No,Septiembre / Octubre,2001,,,,,,No,Unknown (no location in byline),,
https://www.aalavina.org/revista/septiembre-octubre-2001/transmitir-el-mensaje,Transmitir el mensaje,No,Septiembre / Octubre,2001,,Sammy B.,Cuyutlán,,,No,No,Cuyutlán,
https://www.aalavina.org/revista/septiembre-octubre-2001/la-conferencia-de-servicios-generales-voto-por-continuar-con-la,La conferencia de servicios generales votó por continuar con la publicación de La Viña,No,Septiembre / Octubre,2001,,,,,,No,Unknown (no location in byline),,
https://www.aalavina.org/revista/septiembre-octubre-2001/la-forma-en-que-aa-ha-prosperado-en-cuba,La forma en que AA ha prosperado en Cuba,No,Septiembre / Octubre,2001,,,,,,No,Unknown (no location in byline),,
https://www.aalavina.org/revista/septiembre-octubre-2001/el-alcoholismo-en-la-mujer-cubana,El alcoholismo en la mujer Cubana,No,Septiembre / Octubre,2001,,Anónimo,,,,No,Unknown (no location in byline),,
https://www.aalavina.org/revista/septiembre-octubre-2001/busque-en-la-bebida-un-amigo-que-me-hiciera-olvidar,Busqué en la bebida un amigo que me hiciera olvidar,No,Septiembre / Octubre,2001,,Elicio R.,Henderson,Nevada,,No,No,"Henderson, Nevada",
https://www.aalavina.org/revista/septiembre-octubre-2001/cuando-salga-de-aqui-buscare-un-padrino,Cuando salga de aquí buscaré un padrino,No,Septiembre / Octubre,2001,,Junior,New Bedford,Massachusetts,,No,No,"New Bedford, Massachusetts",
https://www.aalavina.org/revista/septiembre-octubre-2001/bajo-la-influencia-del-alcohol-cometemos-muchas-brutalidades,Bajo la influencia del alcohol cometemos muchas brutalidades,No,Septiembre / Octubre,2001,,Francisco H.,Clay,Minnesota,,No,No,"Clay, Minnesota",
https://www.aalavina.org/revista/septiembre-octubre-2001/como-llego-aa-en-espanol-washington-dc,Cómo llegó AA en español a Washington D.C.,No,Septiembre / Octubre,2001,,Antonio E.,Washington,D.C,,No,No,"Washington, D.C",
https://www.aalavina.org/revista/julio-agosto-2001/el-infierno-del-alcoholismo,El infierno del alcoholismo,No,Julio / Agosto,2001,,Camilo L.R.,Capulhuac,,,No,No,Capulhuac,
https://www.aalavina.org/revista/julio-agosto-2001/mi-madre-y-mi-sobriedad,Mi madre y mi sobriedad,No,Julio / Agosto,2001,,Luis H.S.,La Habana,Cuba,,No,No,"La Habana, Cuba",
https://www.aalavina.org/revista/julio-agosto-2001/lo-que-encontre-en-mi-grupo,Lo que encontré en mi grupo,No,Julio / Agosto,2001,,Gustavo H.,"""El Hatillo""",,,No,No,"""El Hatillo""",
https://www.aalavina.org/revista/julio-agosto-2001/reuniones-internacionales-y-solitarios-ris,Reuniones internacionales y solitarios R.I.S.,No,Julio / Agosto,2001,,Emilio E.C.,Buenos Aires,,,No,No,Buenos Aires,
https://www.aalavina.org/revista/julio-agosto-2001/ernest-c-la-cafetera-y-yo,"Ernest C, la cafetera y yo",No,Julio / Agosto,2001,,Marshall M.,,Georgia,,No,No,Georgia,
https://www.aalavina.org/revista/julio-agosto-2001/una-ramita-en-el-patio,Una ramita en el patio,No,Julio / Agosto,2001,,Bill,,,,No,Unknown (no location in byline),,
https://www.aalavina.org/revista/julio-agosto-2001/un-programa-en-la-prision-para-la-rehabilitacion-de-los-alcoholicos,Un programa en la prisión para la rehabilitación de los alcohólicos,No,Julio / Agosto,2001,,Clinton T. Dufft,San Quintín,California,,No,No,"Alcaide, San Quintín, Prisión Estatal de California (1942)","Group/area: Alcaide, Prisión Estatal de California (1942)"
https://www.aalavina.org/revista/julio-agosto-2001/el-encargo,El encargo,No,Julio / Agosto,2001,,,,,Una funcionaria habla sobre la manera en que AA difunde el mensaje entre los presidiarios.,No,Unknown (no location in byline),,
https://www.aalavina.org/revista/julio-agosto-2001/un-borracho-seco,Un borracho seco,No,Julio / Agosto,2001,,Luciano V.,Buenos Aires,,,No,No,Buenos Aires,
https://www.aalavina.org/revista/julio-agosto-2001/un-punto-de-vista-sobre-el-anonimato,Un punto de vista sobre el anonimato,No,Julio / Agosto,2001,,Bonifacio Q.,Panamá,,"El anonimato es la base espiritual de nuestras Tradiciones, recordándonos siempre anteponer principios a las personalidades.",No,No,Panamá,
https://www.aalavina.org/revista/julio-agosto-2001/apartado-1980,Apartado 1980,No,Julio / Agosto,2001,,,,,,No,Unknown (no location in byline),,
https://www.aalavina.org/revista/julio-agosto-2001/debajo-del-escenario,Debajo del escenario,No,Julio / Agosto,2001,,Sean Q.,Piermont,New York,,No,No,"Piermont, New York",
https://www.aalavina.org/revista/julio-agosto-2001/la-llave-del-perdon,La llave del perdón,No,Julio / Agosto,2001,,Raymond S.,Mission,Kansas,,No,No,"Mission, Kansas",
https://www.aalavina.org/revista/mayo-junio-2001/apartado-1980,Apartado 1980,No,Mayo / Junio,2001,,,,,,No,Unknown (no location in byline),,
https://www.aalavina.org/revista/mayo-junio-2001/enteramente-dispuesta-y-absolutamente-nueva,Enteramente dispuesta y absolutamente nueva,No,Mayo / Junio,2001,,Allyn T.,New York,New York,,No,No,"New York, New York",
https://www.aalavina.org/revista/mayo-junio-2001/la-melancolia-del-cuarto-paso,La melancolía del cuarto paso,No,Mayo / Junio,2001,,Jim N.,West Springfield,Massachusetts,,No,No,"West Springfield, Massachusetts",
https://www.aalavina.org/revista/mayo-junio-2001/el-espejo-circular,El espejo circular,No,Mayo / Junio,2001,,Ken D.,Lynwood,Washington,,No,No,"Lynwood, Washington",
https://www.aalavina.org/revista/mayo-junio-2001/zanfarinfas-y-su-padrino-que-es-eso-de-prestar-servicio,Zanfarinfas y su padrino: ¿Qué es eso de prestar servicio?,No,Mayo / Junio,2001,,Tanganxoán,Soquel,California,,No,No,"Soquel, California",
https://www.aalavina.org/revista/mayo-junio-2001/la-comunicacion-es-la-clave-de-prestar-servicio,La comunicación es la clave de prestar servicio,No,Mayo / Junio,2001,,,,,"Una entrevista con Danny M., encargado de Servicios en Español para La Oficina de Servicios Generales",No,Unknown (no location in byline),,
https://www.aalavina.org/revista/mayo-junio-2001/ni-la-cerveza-ni-el-vino-ni-el-tequila-pueden-devolvernos-nadie,Ni la cerveza ni el vino ni el tequila pueden devolvernos a nadie,No,Mayo / Junio,2001,,Gerónimo R.R.,Monroe,Washington,,No,No,"Monroe, Washington",
https://www.aalavina.org/revista/mayo-junio-2001/no-dejes-pasar-el-momento,No dejes pasar el momento,No,Mayo / Junio,2001,,Joyce E.,New Smyrna Beach,Florida,,No,No,"New Smyrna Beach, Florida",
https://www.aalavina.org/revista/mayo-junio-2001/historia-de-los-encuentros-internacionales-de-jovenes-y-veteranos-en-aa,Historia de los encuentros internacionales de jóvenes y veteranos en AA,No,Mayo / Junio,2001,,Valentín S.,Upper Montclair,New Jersey,,No,No,"Upper Montclair, New Jersey",
https://www.aalavina.org/revista/marzo-abril-2001/apartado-1980,Apartado 1980,No,Marzo / Abril,2001,,,,,,No,Unknown (no location in byline),,
https://www.aalavina.org/revista/marzo-abril-2001/difundiendo-el-mensaje-yo,¿Difundiendo el mensaje? ¿Yo?,No,Marzo / Abril,2001,,Andy B.,Manchester,New Hampshire,,No,No,"Manchester, New Hampshire",
https://www.aalavina.org/revista/marzo-abril-2001/los-refranes-y-mi-programa-del-arbol-caido,Los refranes y mi programa: Del árbol caído,No,Marzo / Abril,2001,,Chago R.,Lomas Verdes,Puerto Rico,,No,No,"Lomas Verdes, Puerto Rico",
https://www.aalavina.org/revista/marzo-abril-2001/mi-primera-copa,Mi primera copa,No,Marzo / Abril,2001,,Francisco M.,Puerto Cortés,,,No,No,Puerto Cortés,
https://www.aalavina.org/revista/marzo-abril-2001/tiempo-para-pensar,Tiempo para pensar,No,Marzo / Abril,2001,,Pedro,San Diego,California,,No,No,"San Diego, California",
https://www.aalavina.org/revista/marzo-abril-2001/espere-el-lanzamiento,Espere el lanzamiento,No,Marzo / Abril,2001,,Pete P.,Manhattan,New York,,No,No,"Manhattan, New York",
https://www.aalavina.org/revista/marzo-abril-2001/la-vida-en-un-universo-diferente,La vida en un universo diferente,No,Marzo / Abril,2001,,Edward G.,Washington,D.C,,No,No,"Washington, D.C",
https://www.aalavina.org/revista/marzo-abril-2001/querer-los-que-no-se-hacen-querer,Querer a los que no se hacen querer,No,Marzo / Abril,2001,,Bob K.,San Francisco,California,,No,No,"San Francisco, California",
https://www.aalavina.org/revista/marzo-abril-2001/el-primer-dia-del-resto-de-tu-vida,El primer día del resto de tu vida,No,Marzo / Abril,2001,,Sharon B.,East Wenatchee,Washington,,No,No,"East Wenatchee, Washington",
https://www.aalavina.org/revista/marzo-abril-2001/por-los-que-vendran,Por los que vendrán,No,Marzo / Abril,2001,,F.Q.,,,,No,No,Área Sinaloa Dos,Group/institution: Área Sinaloa Dos
https://www.aalavina.org/revista/enero-febrero-2001/apartado-1980,Apartado 1980,No,Enero / Febrero,2001,,,,,,No,Unknown (no location in byline),,
https://www.aalavina.org/revista/enero-febrero-2001/el-tesoro,El tesoro,No,Enero / Febrero,2001,,Alfredo C.,St. Louis,Missouri,,No,No,"Grupo base ""Camino a la honestidad.”, St. Louis, Missouri","Group/institution: Grupo base ""Camino a la honestidad.”"
https://www.aalavina.org/revista/enero-febrero-2001/un-caleidoscopio-de-significado,Un caleidoscopio de significado,No,Enero / Febrero,2001,,S.G.,Wilmington,North Carolina,,No,No,"Wilmington, North Carolina",
https://www.aalavina.org/revista/enero-febrero-2001/la-vida-que-es-la-vida,La vida ¿Qué es la vida?,No,Enero / Febrero,2001,,K.U.,North Plainfield,New Jersey,,No,No,"North Plainfield, New Jersey",
https://www.aalavina.org/revista/enero-febrero-2001/por-la-gracia-de-un-poder-superior,Por la gracia de un Poder Superior,No,Enero / Febrero,2001,,Juan,Salinas,California,,No,No,"Salinas, California",
https://www.aalavina.org/revista/enero-febrero-2001/un-angel-en-la-tierra,Un ángel en la tierra,No,Enero / Febrero,2001,,Luchy B.,Lima,,,No,No,Lima,
https://www.aalavina.org/revista/enero-febrero-2001/salido-de-la-nada,Salido de la nada,No,Enero / Febrero,2001,,Anónimo,Los Ángeles,California,,No,No,"Los Ángeles, California",
https://www.aalavina.org/revista/enero-febrero-2001/todos-los-caminos,Todos los caminos,No,Enero / Febrero,2001,,F.Q.,,,,No,No,Área Sinaloa Dos,Group/institution: Área Sinaloa Dos
https://www.aalavina.org/revista/enero-febrero-2001/del-cautiverio-la-libertad,Del cautiverio a la libertad,No,Enero / Febrero,2001,,Carlos M.,North Hollywood,California,,No,No,"North Hollywood, California",
https://www.aalavina.org/revista/enero-febrero-2001/tal-para-cual-al-estilo-de-alcoholicos-anonimos,Tal para cual al estilo de Alcohólicos Anónimos,No,Enero / Febrero,2001,,Karina,Lima,,,No,No,Lima,
https://www.aalavina.org/revista/enero-febrero-2001/un-padrino-es,Un padrino es...,No,Enero / Febrero,2001,,P.O.,Claremont,California,,No,No,"Claremont, California",
https://www.aalavina.org/revista/enero-febrero-2001/nuestro-don-espiritual,Nuestro don espiritual,No,Enero / Febrero,2001,,Anónimo,Suffern,New York,,No,No,"Suffern, New York",
https://www.aalavina.org/revista/enero-febrero-2001/que-tal-un-inventario-de-grupo,¿Qué tal un inventarío de grupo?,No,Enero / Febrero,2001,,Anónimo,Scarsdale,New York,,No,No,"Scarsdale, New York",
https://www.aalavina.org/revista/enero-febrero-2001/que-tal-un-inventario-de-grupo-0,¿Qué tal un inventarío de grupo?,No,Enero / Febrero,2001,,Anónimo,Scarsdale,New York,,No,No,"Scarsdale, New York",
https://www.aalavina.org/revista/enero-febrero-2001/responsabilidad,Responsabilidad,No,Enero / Febrero,2001,,Chago R.,Lomas Verdes,Puerto Rico,,No,No,"Lomas Verdes, Puerto Rico",
https://www.aalavina.org/revista/enero-febrero-2001/sobriedad-en-san-quentin,Sobriedad en San Quentin,No,Enero / Febrero,2001,,Peter B.,Portland,Oregon,,No,No,"Portland, Oregon",
https://www.aalavina.org/revista/enero-febrero-2001/el-abc-de-un-aa,El ABC de un AA,No,Enero / Febrero,2001,,Carlos R.,El Monte,California,,No,No,"El Monte, California",
https://www.aalavina.org/revista/noviembre-diciembre-2000/apartado-1980,Apartado 1980,No,Noviembre / Diciembre,2000,,,,,,No,Unknown (no location in byline),,
https://www.aalavina.org/revista/noviembre-diciembre-2000/historial-de-un-alcoholico,Historial de un alcohólico,No,Noviembre / Diciembre,2000,,Eladio M.,,Puerto Rico,,No,No,"Grupo La Fe de Caguas, Puerto Rico",Group/institution: Grupo La Fe de Caguas
https://www.aalavina.org/revista/noviembre-diciembre-2000/el-camino-de-la-sobriedad,El camino de la sobriedad,No,Noviembre / Diciembre,2000,,M.T.,Miami,Florida,,No,No,"Miami, Florida",
https://www.aalavina.org/revista/noviembre-diciembre-2000/en-la-bonanza-mudanzas,"En la Bonanza, Mudanzas…",No,Noviembre / Diciembre,2000,,Oscar P.,Olivos,,,No,No,Olivos,
https://www.aalavina.org/revista/noviembre-diciembre-2000/ha-llegado-el-siglo-xxi,Ha llegado el Siglo XXI,No,Noviembre / Diciembre,2000,,Fernando Q.,,,,No,No,Área Sinaloa Dos,Group/institution: Área Sinaloa Dos
https://www.aalavina.org/revista/noviembre-diciembre-2000/mi-que-no-me-den-ordenes,¡A mí que no me den órdenes!,No,Noviembre / Diciembre,2000,,B.L.,Manhattan,New York,,No,No,"Manhattan, New York",
https://www.aalavina.org/revista/noviembre-diciembre-2000/los-problemas-de-cooperacion-entre-aa-y-los-otros-programas-de,Los problemas de cooperación entre AA y los otros programas de tratamiento,No,Noviembre / Diciembre,2000,,Dr. Charles H. Aharan,Londres,Ontario,,No,No,"Director Regional de la Fundación para la investigación del Alcoholismo y la Drogadicción, Región del Lago Erie, Londres, Ontario","Group/institution: Director Regional de la Fundación para la investigación del Alcoholismo y la Drogadicción, Región del Lago Erie"
https://www.aalavina.org/revista/noviembre-diciembre-2000/ayuda-para-este-dia,Ayuda para este dia,No,Noviembre / Diciembre,2000,,Padre P.,Gales,,Una persona que no es alcohólica encuentra una respuesta en el concepto de AA de vivir día a dia,No,No,Gales,
https://www.aalavina.org/revista/noviembre-diciembre-2000/nuestro-objetivo-principal-y-el-grupo-con-propositos-especiales,Nuestro objetivo principal y el grupo con propósitos especiales,No,Noviembre / Diciembre,2000,,Dr. John L.Norris,,,,No,Unknown (no location in byline),Custodio Clase A (no alcohólico) y veterano presidente de la Junta de Servicios Generales de AA,"Byline gives a role/medium, not a place: Custodio Clase A (no alcohólico) y veterano presidente de la Junta de Servicios Generales de AA"
https://www.aalavina.org/revista/noviembre-diciembre-2000/los-refranes-y-mi-programa,Los refranes y mi programa,No,Noviembre / Diciembre,2000,,Chago R.,Lomas Verdes,Puerto Rico,,No,No,"Lomas Verdes, Puerto Rico",
https://www.aalavina.org/revista/noviembre-diciembre-2000/actitudes-hacia-el-servicio,Actitudes hacia el servicio,No,Noviembre / Diciembre,2000,,Anónimo,Región del Pacifico,,,No,No,Región del Pacifico,
https://www.aalavina.org/revista/septiembre-octubre-2000/apartado-1980,Apartado 1980,No,Septiembre / Octubre,2000,,,,,,No,Unknown (no location in byline),,
https://www.aalavina.org/revista/septiembre-octubre-2000/verdaderamente-libres,Verdaderamente libres,No,Septiembre / Octubre,2000,,Miguel Angel Q.,Las Vegas,Nevada,,No,No,"Las Vegas, Nevada",
https://www.aalavina.org/revista/septiembre-octubre-2000/es-su-grupo-un-caso-de-beneficencia,¿Es su grupo un caso de beneficencia?,No,Septiembre / Octubre,2000,,R.T.,Massena,New York,,No,No,"Massena, New York",
https://www.aalavina.org/revista/septiembre-octubre-2000/practica-estos-principios,Practica estos principios,No,Septiembre / Octubre,2000,,,,,Las preguntas más comunes sobre las tradiciones tomadas del Grapevine de AA,No,Unknown (no location in byline),,
https://www.aalavina.org/revista/septiembre-octubre-2000/la-clave-para-ser-aceptada,La clave para ser aceptada,No,Septiembre / Octubre,2000,,Karen S.,Manchester,New Hampshire,,No,No,"Manchester, New Hampshire",
https://www.aalavina.org/revista/septiembre-octubre-2000/sobriedad-vs-recuperacion,Sobriedad vs. recuperación,No,Septiembre / Octubre,2000,,Mildred V.,San Juan,Puerto Rico,,No,No,"San Juan, Puerto Rico",
https://www.aalavina.org/revista/septiembre-octubre-2000/por-que-no-entras,¿Por qué no entras?,No,Septiembre / Octubre,2000,,Angel T.P.,La Habana,,,No,No,La Habana,
https://www.aalavina.org/revista/septiembre-octubre-2000/carta-de-un-aa-la-botella,Carta de un AA a la botella,No,Septiembre / Octubre,2000,,Héctor G.,Veracruz,,,No,No,Veracruz,
https://www.aalavina.org/revista/septiembre-octubre-2000/la-soberbia,La soberbia,No,Septiembre / Octubre,2000,,Anónimo,Santafé de Bogotá,,,No,No,Santafé de Bogotá,
https://www.aalavina.org/revista/septiembre-octubre-2000/encomendamos-nuestro-futuro-los-principios-de-aa-es-el-lema-de-la,“Encomendamos nuestro futuro a los principios de AA': Es el lema de la conferencia,No,Septiembre / Octubre,2000,,,,,,No,Unknown (no location in byline),,
https://www.aalavina.org/revista/julio-agosto-2000/apartado-1980,Apartado 1980,No,Julio / Agosto,2000,,,,,,No,Unknown (no location in byline),,
https://www.aalavina.org/revista/julio-agosto-2000/el-problema-de-la-soledad,El problema de la soledad,No,Julio / Agosto,2000,,Oscar M.,Medellín,Colombia,,No,No,"Medellín, Colombia",
https://www.aalavina.org/revista/julio-agosto-2000/alineados,Alineados,No,Julio / Agosto,2000,,Martin W.,Limón,Colorado,,No,No,"Limón, Colorado",
https://www.aalavina.org/revista/julio-agosto-2000/fuga-de-prision,Fuga de prisión,No,Julio / Agosto,2000,,Guido M.,Boise,Idaho,,No,No,"Boise, Idaho",
https://www.aalavina.org/revista/julio-agosto-2000/la-historia-secreta,La historia secreta,No,Julio / Agosto,2000,,George W.,Norfolk,Massachusetts,,No,No,"Norfolk, Massachusetts",
https://www.aalavina.org/revista/julio-agosto-2000/los-tres-pasos-para-motivar-el-servicio,Los tres pasos para motivar el servicio,No,Julio / Agosto,2000,,Anónimo,Distrito 10,Región Pacífico,,No,No,"Distrito 10, Región Pacífico",
https://www.aalavina.org/revista/julio-agosto-2000/carta-una-recien-llegada,Carta a una recién llegada,No,Julio / Agosto,2000,,Mildred V.,San Juan,Puerto Rico,,No,No,"San Juan, Puerto Rico",
https://www.aalavina.org/revista/julio-agosto-2000/carta-un-alcoholico,Carta a un alcohólico,No,Julio / Agosto,2000,,Anónimo,Madrid,,,No,No,Madrid,
https://www.aalavina.org/revista/julio-agosto-2000/ganarse-la-loteria-en-aa,Ganarse la lotería en AA,No,Julio / Agosto,2000,,Ricardo E.M.,Chicago,Illinois,,No,No,"Chicago, Illinois",
https://www.aalavina.org/revista/julio-agosto-2000/lo-que-significan-en-mi-diario-vivir,Lo que significan en mi diario vivir,No,Julio / Agosto,2000,,Daniel Z.,Miami,Florida,,No,No,"Miami, Florida",
https://www.aalavina.org/revista/julio-agosto-2000/mis-tres-tiempos,Mis tres tiempos,No,Julio / Agosto,2000,,Pedro J.C.,Santafé de Bogotá,,,No,No,Santafé de Bogotá,
https://www.aalavina.org/revista/julio-agosto-2000/colgue-los-guantes,Colgué los guantes,No,Julio / Agosto,2000,,Silvio L.,Dumas,Texas,,No,Yes,"Dumas, Texas",
https://www.aalavina.org/revista/mayo-junio-2000/apartado-1980,Apartado 1980,No,Mayo / Junio,2000,,,,,,No,Unknown (no location in byline),,
https://www.aalavina.org/revista/mayo-junio-2000/un-angel-llamado-alan,Un ángel llamado Alan,No,Mayo / Junio,2000,,Ricardo R.A.,Santafé de Bogotá,,,No,No,Santafé de Bogotá,
https://www.aalavina.org/revista/mayo-junio-2000/recuerdos-de-la-fundacion-del-grupo-dorados,Recuerdos de la fundación del Grupo Dorados,No,Mayo / Junio,2000,,Rubén V.,Sierra Vista,Arizona,,No,No,"Sierra Vista, Arizona",
https://www.aalavina.org/revista/mayo-junio-2000/todo-tiempo-pasado-fue-mejor,Todo tiempo pasado fue mejor,No,Mayo / Junio,2000,,Chago R.,Lomas Verdes,Puerto Rico,,No,No,"Lomas Verdes, Puerto Rico",
https://www.aalavina.org/revista/mayo-junio-2000/abierta-y-sincera,Abierta y sincera,No,Mayo / Junio,2000,,B.F.,Meyersville,New Jersey,,No,No,"Meyersville, New Jersey",
https://www.aalavina.org/revista/mayo-junio-2000/una-verdadera-enfermedad,Una verdadera enfermedad,No,Mayo / Junio,2000,,Rolando G.,San Salvador,,,No,No,San Salvador,
https://www.aalavina.org/revista/mayo-junio-2000/recuerdos-de-mi-ultima-borrachera,Recuerdos de mi última borrachera,No,Mayo / Junio,2000,,José P.,Lima,Perú,,No,No,"Lima, Perú",
https://www.aalavina.org/revista/mayo-junio-2000/como-aplicar-las-tradiciones-en-nuestra-vida-cotidiana,Como aplicar las tradiciones en nuestra vida cotidiana,No,Mayo / Junio,2000,,,,,"Dos Ponencias de la Asamblea del Servicio Mundial Celebrada en Auckland, Nueva Zelanda, en octubre de 1998",No,Unknown (no location in byline),,
https://www.aalavina.org/revista/mayo-junio-2000/mas-por-la-gracia-de-dios,Mas por la gracia de Dios,No,Mayo / Junio,2000,,Luis Raúl H.,Arecibo,Puerto Rico,,No,No,"Arecibo, Puerto Rico",
https://www.aalavina.org/revista/mayo-junio-2000/aa-entre-rejas,AA entre rejas,No,Mayo / Junio,2000,,,,,,No,Unknown (no location in byline),,
https://www.aalavina.org/revista/mayo-junio-2000/requiem-por-un-resentimiento,Réquiem por un resentimiento,No,Mayo / Junio,2000,,Mel B.,Toledo,Ohio,,No,No,"Toledo, Ohio",
https://www.aalavina.org/revista/mayo-junio-2000/sobrio-no-sombrio,Sobrio no sombrío,No,Mayo / Junio,2000,,,,,,No,Unknown (no location in byline),,
https://www.aalavina.org/revista/marzo-abril-2000/apartado-1980,Apartado 1980,No,Marzo / Abril,2000,,,,,,No,Unknown (no location in byline),,
https://www.aalavina.org/revista/marzo-abril-2000/carta-abierta-de-una-madre-alcoholica-sus-hijos,Carta abierta de una madre alcohólica a sus hijos,No,Marzo / Abril,2000,,Perla S. Ramos Mejía,,,,No,Unknown (no location in byline),,
https://www.aalavina.org/revista/marzo-abril-2000/el-costo-del-primer-trago,El costo del primer trago,No,Marzo / Abril,2000,,Juan L.,Hayward,California,,No,No,"Hayward, California",
https://www.aalavina.org/revista/marzo-abril-2000/la-oracion-de-la-serenidad,La oración de la serenidad,No,Marzo / Abril,2000,,D.,Jacksonville,Florida,,No,No,"Jacksonville, Florida",
https://www.aalavina.org/revista/marzo-abril-2000/practicar-la-responsabilidad,Practicar la responsabilidad,No,Marzo / Abril,2000,,Jaime M.,New York,New York,,No,No,"New York, New York",
https://www.aalavina.org/revista/marzo-abril-2000/nuestro-verdadero-objetivo,Nuestro verdadero objetivo,No,Marzo / Abril,2000,,Oscar M.,Medellín,,,No,No,Medellín,
https://www.aalavina.org/revista/marzo-abril-2000/aceptar-el-primer-paso-los-sesenta-quien-yo,Aceptar el primer paso a los Sesenta — ¿Quién? ¿Yo?,No,Marzo / Abril,2000,,D.D.,Vacaville,California,,No,No,"Vacaville, California",
https://www.aalavina.org/revista/marzo-abril-2000/me-llamo-natalia-y-soy-alcoholica,Me llamo Natalia y soy alcohólica,No,Marzo / Abril,2000,,Natalia P.,Madrid,,,No,No,Madrid,
https://www.aalavina.org/revista/marzo-abril-2000/como-enfrentar-nuestros-temores,Cómo enfrentar nuestros temores,No,Marzo / Abril,2000,,Roger W.,Honolulu,Hawaii,,No,No,"Honolulu, Hawaii",
https://www.aalavina.org/revista/marzo-abril-2000/cara-al-futuro,Cara al futuro,No,Marzo / Abril,2000,,,,,"REDELA XI / Encuentro Panamericano 8-12 de octubre de 1999, San Salvador, El Salvador",No,Unknown (no location in byline),,
https://www.aalavina.org/revista/marzo-abril-2000/vuelo-la-cordura,Vuelo a la cordura,No,Marzo / Abril,2000,,Danny M.,New York,New York,,No,No,"New York, New York",
https://www.aalavina.org/revista/marzo-abril-2000/al-anon-y-mi-esposa,Al-Anon y mi esposa,No,Marzo / Abril,2000,,Alberto C.,Caracas,,,No,No,Caracas,
https://www.aalavina.org/revista/marzo-abril-2000/sobrio-no-sombrio,Sobrio no sombrío,No,Marzo / Abril,2000,,,,,,No,Unknown (no location in byline),,
https://www.aalavina.org/revista/enero-febrero-2000/apartado-1980,Apartado 1980,No,Enero / Febrero,2000,,,,,,No,Unknown (no location in byline),,
https://www.aalavina.org/revista/enero-febrero-2000/somos-compatibles-con-el-ano-2000,¿Somos compatibles con el año 2000?,No,Enero / Febrero,2000,,Robbie S.,Whitefish,Montana,,No,No,"Whitefish, Montana",
https://www.aalavina.org/revista/enero-febrero-2000/una-manera-de-vida,Una manera de vida,No,Enero / Febrero,2000,,Jim N.,West Springfield,Massachusetts,,No,No,"West Springfield, Massachusetts",
https://www.aalavina.org/revista/enero-febrero-2000/los-refranes-y-mi-programa,Los refranes y mi programa,No,Enero / Febrero,2000,,Chago R.,Lomas Verdes,Puerto Rico,"'A donde fueres, haz lo que vieres'",No,No,"Lomas Verdes, Puerto Rico",
https://www.aalavina.org/revista/enero-febrero-2000/unidad-participativa,Unidad participativa,No,Enero / Febrero,2000,,Alfonso D.,Santiago,,"Mucho se ha hablado y se habla de la unidad, ¿pero qué es la unidad?",No,No,Santiago,
https://www.aalavina.org/revista/enero-febrero-2000/mi-divorcio-de-los-demonios,Mi divorcio de los demonios,No,Enero / Febrero,2000,,Gloria L.,Colorado Springs,Colorado,,No,No,"Colorado Springs, Colorado",
https://www.aalavina.org/revista/enero-febrero-2000/diario-de-una-recaida,Diario de una recaída,No,Enero / Febrero,2000,,Ishmael H.B.,Carlsbad,California,,No,No,"Carlsbad, California",
https://www.aalavina.org/revista/enero-febrero-2000/los-archivos-del-osg,Los archivos del OSG,No,Enero / Febrero,2000,,,,,"Informe presentado ante la conferencia de servicios generales de 1996 por Frank M., ex-archivista de la oficina de servicios generales",No,Unknown (no location in byline),,
https://www.aalavina.org/revista/enero-febrero-2000/anonimato,Anonimato,No,Enero / Febrero,2000,,Diane O.,Cupertino,California,Hoy en dia es necesario,No,No,"Cupertino, California",
https://www.aalavina.org/revista/enero-febrero-2000/microexplosiones-de-alegria,Microexplosiones de alegría,No,Enero / Febrero,2000,,Jan P.,Clairton,Pennsylvania,,No,No,"Clairton, Pennsylvania",
https://www.aalavina.org/revista/enero-febrero-2000/sobrio-no-sombrio,Sobrio no sombrío,No,Enero / Febrero,2000,,,,,,No,Unknown (no location in byline),,
https://www.aalavina.org/revista/noviembre-diciembre-1999/apartado-1980,Apartado 1980,No,Noviembre / Diciembre,1999,,,,,,No,Unknown (no location in byline),,
https://www.aalavina.org/revista/noviembre-diciembre-1999/aquel-loco-romance-con-el-alcohol,Aquel loco romance con el alcohol,No,Noviembre / Diciembre,1999,,Jacobo Tenerife,,Islas Canarias,,No,No,Islas Canarias,
https://www.aalavina.org/revista/noviembre-diciembre-1999/la-rotacion-un-privilegio-espiritual,La rotacion - un privilegio espiritual,No,Noviembre / Diciembre,1999,,Diane O.,Cupertino,California,,No,No,"Cupertino, California",
https://www.aalavina.org/revista/noviembre-diciembre-1999/despues-de-veintinueve-anos,Después de veintinueve años,No,Noviembre / Diciembre,1999,,Marty M.,Manhattan,New York,"La historia de la autora de ""Las Mujeres También Sufren"" (página 176, edición en español) fue la primera historia de una mujer que se publicó en el Libro Grande.",No,No,"Manhattan, New York",
https://www.aalavina.org/revista/noviembre-diciembre-1999/mi-padrino-y-yo,Mi padrino y yo,No,Noviembre / Diciembre,1999,,Facho Q.,Panamá,,,No,No,Panamá,
https://www.aalavina.org/revista/noviembre-diciembre-1999/positivamente-negativo,Positivamente negativo,No,Noviembre / Diciembre,1999,,Dick H.,Hinsdale,Illinois,,No,No,"Hinsdale, Illinois",
https://www.aalavina.org/revista/noviembre-diciembre-1999/oracion-y-meditacion,Oración y meditación,No,Noviembre / Diciembre,1999,,Euilio y Graciela T.,Miami,Florida,,No,No,"Miami, Florida",
https://www.aalavina.org/revista/noviembre-diciembre-1999/llegue-dormir-encima-de-las-tumbas-del-cementerio,Llegué a dormir encima de las tumbas del cementerio,No,Noviembre / Diciembre,1999,,Luis H.,Regla,,,No,No,Regla,
https://www.aalavina.org/revista/noviembre-diciembre-1999/una-vida-que-vale-la-pena-vivir,Una vida que vale la pena vivir,No,Noviembre / Diciembre,1999,,Heather T.,Katesh,,,No,No,Katesh,
https://www.aalavina.org/revista/noviembre-diciembre-1999/sabiduria-divina,¿Sabiduría divina?,No,Noviembre / Diciembre,1999,,Ernest S.,York,Maine,,No,No,"York, Maine",
https://www.aalavina.org/revista/noviembre-diciembre-1999/la-historia-de-un-sacerdote,La historia de un sacerdote,No,Noviembre / Diciembre,1999,,Un sacerdote,,,,No,Unknown (no location in byline),,
https://www.aalavina.org/revista/noviembre-diciembre-1999/escuchar-y-aprender,Escuchar y aprender,No,Noviembre / Diciembre,1999,,,,,,No,Unknown (no location in byline),,
https://www.aalavina.org/revista/septiembre-octubre-1999/un-problema-de-vida-o-muerte,Un problema de vida o muerte,No,Septiembre / Octubre,1999,,Daniel Z.,Miami,Florida,,No,No,"Miami, Florida",
https://www.aalavina.org/revista/septiembre-octubre-1999/una-buena-palabra,Una buena palabra,No,Septiembre / Octubre,1999,,Chuck F.,Canberra,,,No,No,Canberra,
https://www.aalavina.org/revista/septiembre-octubre-1999/aa-entre-rejas,AA entre rejas,No,Septiembre / Octubre,1999,,,,,,No,Unknown (no location in byline),,
https://www.aalavina.org/revista/septiembre-octubre-1999/las-garras-del-senor-alcohol,Las garras del señor alcohol,No,Septiembre / Octubre,1999,,María de Jesús P.,Villa Clara,,,No,No,Villa Clara,
https://www.aalavina.org/revista/septiembre-octubre-1999/hacia-adelante-unidad-traves-de-la-humildad-es-el-tema-de-la,'Hacia Adelante: Unidad a Través de la Humildad' Es el tema de la conferencia,No,Septiembre / Octubre,1999,,,,,,No,Unknown (no location in byline),,
https://www.aalavina.org/revista/septiembre-octubre-1999/de-que-color-es-tu-sobriedad,¿De qué color es tu sobriedad?,No,Septiembre / Octubre,1999,,Sharon K.,St. Louis,Missouri,,No,No,"St. Louis, Missouri",
https://www.aalavina.org/revista/septiembre-octubre-1999/el-endeble-junquillo,El endeble junquillo,No,Septiembre / Octubre,1999,,Bill L.,Pensacola,Florida,,No,No,"Pensacola, Florida",
https://www.aalavina.org/revista/septiembre-octubre-1999/tuve-mi-primera-laguna-mental-los-once-anos,Tuve mi primera laguna mental a los once años,No,Septiembre / Octubre,1999,,Lugardo R.,San Vicente,Chicoloapán,,No,No,"San Vicente, Chicoloapán",
https://www.aalavina.org/revista/septiembre-octubre-1999/sobrio-no-sombrio,Sobrio no sombrío,No,Septiembre / Octubre,1999,,,,,,No,Unknown (no location in byline),,
https://www.aalavina.org/revista/julio-agosto-1999/apartado-1980,Apartado 1980,No,Julio / Agosto,1999,,,,,,No,Unknown (no location in byline),,
https://www.aalavina.org/revista/julio-agosto-1999/yo-no-era-el-tipo-con-mas-defectos-en-el-planeta,Yo no era el tipo con más defectos en el planeta,No,Julio / Agosto,1999,,Jeff W.,Maplewood,New Jersey,,No,No,"Maplewood, New Jersey",
https://www.aalavina.org/revista/julio-agosto-1999/una-nueva-manera-de-pensar,Una nueva manera de pensar,No,Julio / Agosto,1999,,David D.,North Platte,Nebraska,,No,No,"North Platte, Nebraska",
https://www.aalavina.org/revista/julio-agosto-1999/la-historia-de-un-grupo-hispano-de-aa-en-utah,La historia de un grupo hispano de AA en Utah,No,Julio / Agosto,1999,,Miguel Ángel A.,Heber City,Utah,,No,No,"Heber City, Utah",
https://www.aalavina.org/revista/julio-agosto-1999/el-momento-decisivo,El momento decisivo,No,Julio / Agosto,1999,,Bob C.,Flagstaff,Arizona,,No,No,"Flagstaff, Arizona",
https://www.aalavina.org/revista/julio-agosto-1999/convencion-internacional-del-ano-2000,Convención internacional del año 2000,No,Julio / Agosto,1999,,,,,,No,Unknown (no location in byline),,
https://www.aalavina.org/revista/julio-agosto-1999/las-preguntas-mas-comunes-sobre-la-convencion-internacional-de-aa,Las preguntas mas comunes sobre la convención internacional de AA,No,Julio / Agosto,1999,,,,,"Minneapolis, Minnesota Junio 29-Julio, 2000",No,Unknown (no location in byline),,
https://www.aalavina.org/revista/julio-agosto-1999/por-que-hay-pocas-mujeres-en-aa-hispano,¿Por qué hay pocas mujeres en AA hispano?,No,Julio / Agosto,1999,,Fernando Q.,Ciudad de México,México,,No,No,"Ciudad de México, México",
https://www.aalavina.org/revista/julio-agosto-1999/un-grupo-en-el-peru-celebra-su-aniversario,Un grupo en el Perú celebra su aniversario,No,Julio / Agosto,1999,,José P.,Lima,,,No,No,Lima,
https://www.aalavina.org/revista/julio-agosto-1999/sobrio-no-sombrio,Sobrio no sombrío,No,Julio / Agosto,1999,,,,,,No,Unknown (no location in byline),,
https://www.aalavina.org/revista/mayo-junio-1999/apartado-1980,Apartado 1980,No,Mayo / Junio,1999,,,,,,No,Unknown (no location in byline),,
https://www.aalavina.org/revista/mayo-junio-1999/deje-entrar-el-aire-y-la-luz-del-sol,Dejé entrar el aire y la luz del sol,No,Mayo / Junio,1999,,Cheryll M.,New York,New York,,No,No,"New York, New York",
https://www.aalavina.org/revista/mayo-junio-1999/espacio-para-el-crecimiento,Espacio para el crecimiento,No,Mayo / Junio,1999,,Jim N.,West Springfield,Massachusetts,,No,No,"West Springfield, Massachusetts",
https://www.aalavina.org/revista/mayo-junio-1999/dejar-de-beber-no-es-una-decision-ligera,Dejar de beber no es una decisión ligera,No,Mayo / Junio,1999,,Gustavo H.,El Hatillo,,,No,No,El Hatillo,
https://www.aalavina.org/revista/mayo-junio-1999/aa-entre-rejas-y-en-los-centros-de-rehabilitacion,AA entre rejas y en los centros de rehabilitación,No,Mayo / Junio,1999,,,,,,No,Unknown (no location in byline),,
https://www.aalavina.org/revista/mayo-junio-1999/el-dr-bob-el-hombre-y-el-galeno,El Dr. Bob: El hombre y el galeno,No,Mayo / Junio,1999,,J.G.,,Ohio,,No,No,Ohio,
https://www.aalavina.org/revista/mayo-junio-1999/el-inolvidable-bill-w,El inolvidable Bill W.,No,Mayo / Junio,1999,,Bob P.,Riverside,Connecticut,,No,No,"Riverside, Connecticut",
https://www.aalavina.org/revista/mayo-junio-1999/sobrio-no-sombrio,Sobrio no sombrío,No,Mayo / Junio,1999,,,,,,No,Unknown (no location in byline),,
https://www.aalavina.org/revista/mayo-junio-1999/la-siquiatria-en-el-desarrollo-de-aa-en-mexico,La siquiatría en el desarrollo de AA en México,No,Mayo / Junio,1999,,Rubén V.S.,Sierra Vista,Arizona,,No,No,"Sierra Vista, Arizona",
https://www.aalavina.org/revista/mayo-junio-1999/quienes-fueron-y-por-que-fracasaron-los-washingtonianos,¿Quiénes fueron y por qué fracasaron los Washingtonianos?,No,Mayo / Junio,1999,,Daniel Z.,Miami,Florida,,No,No,"Miami, Florida",
https://www.aalavina.org/revista/mayo-junio-1999/cortados-por-la-misma-tijera,Cortados por la misma tijera,No,Mayo / Junio,1999,,Chago R.,Lomas Verdes,Puerto Rico,,No,No,"Lomas Verdes, Puerto Rico",
https://www.aalavina.org/revista/marzo-abril-1999/apartado-1980,Apartado 1980,No,Marzo / Abril,1999,,,,,,No,Unknown (no location in byline),,
https://www.aalavina.org/revista/marzo-abril-1999/nos-sorprenderemos,Nos sorprenderemos,No,Marzo / Abril,1999,,Ernest S.,York Harbor,Maine,,No,No,"York Harbor, Maine",
https://www.aalavina.org/revista/marzo-abril-1999/mi-pasado-es-un-cheque-cancelado,Mi pasado es un cheque cancelado,No,Marzo / Abril,1999,,Adolfo F.,Cartagena,,,No,No,Cartagena,
https://www.aalavina.org/revista/marzo-abril-1999/me-quejaba-para-que-me-invitaran-tomar-un-trago,Me quejaba para que me invitaran a tomar un trago,No,Marzo / Abril,1999,,José Antonio C.,Mogi,,,No,No,Mogi,
https://www.aalavina.org/revista/marzo-abril-1999/las-calles-de-bombay,Las calles de Bombay,No,Marzo / Abril,1999,,Marcel P.,Mumbai,,,No,No,Mumbai,
https://www.aalavina.org/revista/marzo-abril-1999/una-vida-dedicada-al-servicio,Una vida dedicada al servicio,No,Marzo / Abril,1999,,,,,"Una entrevista con Elaine M. Johnson, Ph.D. Custodia Clase A (no-alcohólica) de la Junta de Servicios Generales de AA en los Estados Unidos y el Canadá",No,Unknown (no location in byline),,
https://www.aalavina.org/revista/marzo-abril-1999/me-desperte-con-tantas-sondas-puestas-que-parecia-un-pulpo,Me desperté con tantas sondas puestas que parecía un pulpo,No,Marzo / Abril,1999,,Miguel Ángel F.,Arlington,Virginia,,No,No,"Arlington, Virginia",
https://www.aalavina.org/revista/marzo-abril-1999/un-fuerte-huracan-que-arraso-con-todo,Un fuerte huracán que arrasó con todo,No,Marzo / Abril,1999,,Yolanda L.T.,Ciudad de México,,,No,No,Ciudad de México,
https://www.aalavina.org/revista/marzo-abril-1999/aa-entre-rejas-y-en-los-centros-de-rehabilitacion,AA entre rejas y en los Centros de Rehabilitación,No,Marzo / Abril,1999,,,,,,No,Unknown (no location in byline),,
https://www.aalavina.org/revista/marzo-abril-1999/el-origen-de-la-oracion-de-la-serenidad,El origen de la oración de la serenidad,No,Marzo / Abril,1999,,,,,"Dios concédeme Serenidad para aceptar las cosas que no puedo cambiar, Valor para cambiar aquellas que puedo, y Sabiduría para reconocer la diferencia.",No,Unknown (no location in byline),,
https://www.aalavina.org/revista/marzo-abril-1999/foros-regionales,Foros regionales,No,Marzo / Abril,1999,,,,,,No,Unknown (no location in byline),,
https://www.aalavina.org/revista/enero-febrero-1999/apartado-1980,Apartado 1980,No,Enero / Febrero,1999,,,,,,No,Unknown (no location in byline),,
https://www.aalavina.org/revista/enero-febrero-1999/los-madrugadores,Los madrugadores,No,Enero / Febrero,1999,,Anónimo,New York,New York,,No,No,"New York, New York",
https://www.aalavina.org/revista/enero-febrero-1999/me-asemejaba-al-preso-orgulloso-de-la-amplitud-de-su-celda,Me asemejaba al preso orgulloso de la amplitud de su celda,No,Enero / Febrero,1999,,Raúl G.E.A.,La Paz,Bolivia,,No,No,"La Paz, Bolivia",
https://www.aalavina.org/revista/enero-febrero-1999/carta-abierta-al-alcohol,Carta abierta al alcohol,No,Enero / Febrero,1999,,Rufino G.,La Haban,,,No,No,La Haban,
https://www.aalavina.org/revista/enero-febrero-1999/una-bella-realidad,'Una bella realidad',No,Enero / Febrero,1999,,David A.,Cochabamba,,,No,No,Cochabamba,
https://www.aalavina.org/revista/enero-febrero-1999/un-regalo-inesperado,Un regalo inesperado,No,Enero / Febrero,1999,,Rafael V.D.,D.F,,Peregrinaje a los lugares donde comenzó AA,No,No,D.F,
https://www.aalavina.org/revista/enero-febrero-1999/repercusiones-sociales-del-alcoholismo,Repercusiones sociales del alcoholismo,No,Enero / Febrero,1999,,Jaime del Palacio,Ciudad de México,México,Este artículo es una adaptación de una charla dada por Jaime del Palacio en el segundo simposio Latinoamericano sobre las repercusiones sociales del Alcoholismo.,No,No,"Ciudad de México, México",
https://www.aalavina.org/revista/enero-febrero-1999/aprendiendo-hablar-en-mi-lengua-materna,Aprendiendo a hablar en mi lengua materna,No,Enero / Febrero,1999,,Raymundo G.,Alburquerque,New Mexico,,No,No,"Alburquerque, New Mexico",
https://www.aalavina.org/revista/enero-febrero-1999/hay-un-asiento-para-mi-en-cuba,'Hay un asiento para mí en Cuba',No,Enero / Febrero,1999,,Federico D.,New York,New York,,No,No,"New York, New York",
https://www.aalavina.org/revista/enero-febrero-1999/sobrio-no-sombrio,Sobrio no sombrío,No,Enero / Febrero,1999,,,,,,No,Unknown (no location in byline),,
https://www.aalavina.org/revista/noviembre-diciembre-1998/apartado-1980,Apartado 1980,No,Noviembre / Diciembre,1998,,,,,,No,Unknown (no location in byline),,
https://www.aalavina.org/revista/noviembre-diciembre-1998/dios-me-escucho,Dios me escuchó,No,Noviembre / Diciembre,1998,,Héctor M.,Pirtleville,Arizona,,No,No,"Pirtleville, Arizona",
https://www.aalavina.org/revista/noviembre-diciembre-1998/pasar-el-mensaje-es-la-mejor-manera-de-mantenerse-sobrio,Pasar el mensaje es la mejor manera de mantenerse sobrio,No,Noviembre / Diciembre,1998,,Rubén V.,Sierra Vista,Arizona,,No,No,"Sierra Vista, Arizona",
https://www.aalavina.org/revista/noviembre-diciembre-1998/sugerencias-para-organizar-sesiones-de-estudio-del-libro-grande,Sugerencias para organizar sesiones de estudio del Libro Grande,No,Noviembre / Diciembre,1998,,Anónimo,,,Un miembro de AA propone su enfoque para organizar sesiones de estudio del Libro Grande,No,Unknown (no location in byline),,
https://www.aalavina.org/revista/noviembre-diciembre-1998/he-dado-los-doce-pasos-y-ahora-que-hago,He dado los Doce Pasos y ahora ¿Qué hago?,No,Noviembre / Diciembre,1998,,Paul M.,Riverside,Illinois,"Nunca se llega al final de AA, sólo hay nuevos comienzos",No,No,"Riverside, Illinois",
https://www.aalavina.org/revista/noviembre-diciembre-1998/aa-entre-rejas,AA entre rejas,No,Noviembre / Diciembre,1998,,,,,,No,Unknown (no location in byline),,
https://www.aalavina.org/revista/noviembre-diciembre-1998/cuan-anonimo-deberias-ser,¿Cuán anónimo deberías ser?,No,Noviembre / Diciembre,1998,,Anónimo,,,,No,Unknown (no location in byline),,
https://www.aalavina.org/revista/noviembre-diciembre-1998/sobrio-no-sombrio,Sobrio no sombrío,No,Noviembre / Diciembre,1998,,,,,,No,Unknown (no location in byline),,
https://www.aalavina.org/revista/noviembre-diciembre-1998/un-ejemplar-de-sobriedad,Un ejemplar de sobriedad,No,Noviembre / Diciembre,1998,,Mickey H.,Springville,Utah,,No,No,"Springville, Utah",
https://www.aalavina.org/revista/septiembre-octubre-1998/apartado-1980,Apartado 1980,No,Septiembre / Octubre,1998,,,,,,No,Unknown (no location in byline),,
https://www.aalavina.org/revista/septiembre-octubre-1998/como-llego-aa-latinoamerica,Cómo llego AA a Latinoamérica,No,Septiembre / Octubre,1998,,,,,,No,Unknown (no location in byline),,
https://www.aalavina.org/revista/septiembre-octubre-1998/llega-un-momento,"""Llega un momento…”",No,Septiembre / Octubre,1998,,,,,,No,Unknown (no location in byline),,
https://www.aalavina.org/revista/septiembre-octubre-1998/correo-de-los-representantes-de-la-vina,Correo de los representantes de La Viña,No,Septiembre / Octubre,1998,,Efrén P.,Sacramento,California,,No,No,"Coordinador del Distrito 54, Área 07, Sacramento, California","Group/institution: Coordinador del Distrito 54, Área 07"
https://www.aalavina.org/revista/septiembre-octubre-1998/el-mal-de-la-apatia,El mal de la apatía,No,Septiembre / Octubre,1998,,Chago R.,Lomas Verdes,Puerto Rico,,No,No,"Lomas Verdes, Puerto Rico",
https://www.aalavina.org/revista/septiembre-octubre-1998/prestar-servicio-los-demas,Prestar servicio a los demás,No,Septiembre / Octubre,1998,,Pinky H.,Londres,Ontario,,No,No,"Londres, Ontario",
https://www.aalavina.org/revista/septiembre-octubre-1998/una-isla-de-cordura,“Una isla de cordura”,No,Septiembre / Octubre,1998,,Lois C.,Pittsburgh,Pennsylvania,,No,No,"Pittsburgh, Pennsylvania",
https://www.aalavina.org/revista/septiembre-octubre-1998/no-tenia-dinero-para-mis-hijos-pero-si-para-beber,No tenía dinero para mis hijos pero sí para beber,No,Septiembre / Octubre,1998,,Ramón N.H.,Carolina,Puerto Rico,,No,No,"Carolina, Puerto Rico",
https://www.aalavina.org/revista/julio-agosto-1998/apartado-1980,Apartado 1980,No,Julio / Agosto,1998,,,,,,No,Unknown (no location in byline),,
https://www.aalavina.org/revista/julio-agosto-1998/mi-angel-guardian,Mi ángel guardián,No,Julio / Agosto,1998,,Javier P. Ch.,Zapopán,,,No,No,Zapopán,
https://www.aalavina.org/revista/julio-agosto-1998/aa-entre-rejas-y-en-los-centros-de-rehabilitacion,AA entre rejas y en los centros de rehabilitación,No,Julio / Agosto,1998,,,,,,No,Unknown (no location in byline),,
https://www.aalavina.org/revista/julio-agosto-1998/y-lo-demas-se-os-dara-por-anadidura,'Y lo demás se os dará por añadidura',No,Julio / Agosto,1998,,Rubén V.S.,Sierra Vista,Arizona,,No,No,"Sierra Vista, Arizona",
https://www.aalavina.org/revista/julio-agosto-1998/nuestros-lectores-escriben,Nuestros lectores escriben,No,Julio / Agosto,1998,,,,,,No,Unknown (no location in byline),,
https://www.aalavina.org/revista/julio-agosto-1998/en-aa-no-existen-barreras-geograficas,En AA no existen barreras geográficas,No,Julio / Agosto,1998,,Guy B.,Quaregnon,,,No,No,Quaregnon,
https://www.aalavina.org/revista/julio-agosto-1998/sobrio-no-sombrio,Sobrio no sombrío,No,Julio / Agosto,1998,,Pedro M.,Toronto,,,No,No,Toronto,
https://www.aalavina.org/revista/julio-agosto-1998/tenemos-banderas-pero-no-fronteras,Tenemos banderas pero no fronteras,No,Julio / Agosto,1998,,Fernando Q.,Campeche,,,No,No,Campeche,
https://www.aalavina.org/revista/julio-agosto-1998/reflexiones-sobre-mi-poder-superior,Reflexiones sobre mi poder superior,No,Julio / Agosto,1998,,Roberto M.,San Francisco,California,,No,No,"San Francisco, California",
https://www.aalavina.org/revista/julio-agosto-1998/gracias-pero-paso,"Gracias, pero paso",No,Julio / Agosto,1998,,Kerry L.,Ord,Nebraska,,No,No,"Ord, Nebraska",
https://www.aalavina.org/revista/julio-agosto-1998/aa-no-esta-la-venta,AA no está a la venta,No,Julio / Agosto,1998,,B.L.,Manhattan,New York,,No,No,"Manhattan, New York",
https://www.aalavina.org/revista/julio-agosto-1998/48a-conferencia-de-servicios-generales,48ª Conferencia de servicios generales,No,Julio / Agosto,1998,,,,,,No,Unknown (no location in byline),,
https://www.aalavina.org/revista/julio-agosto-1998/pasarle-el-mensaje-al-recien-llegado,Pasarle el mensaje al recién llegado,No,Julio / Agosto,1998,,Karen N.,,,Presentación hecha en la conferencia sobre el trabajo de Paso Doce,No,Unknown (no location in byline),Delegada del sur de Minnesota,"Byline gives a role/medium, not a place: Delegada del sur de Minnesota"
https://www.aalavina.org/revista/mayo-junio-1998/apartado-1980,Apartado 1980,No,Mayo / Junio,1998,,,,,,No,Unknown (no location in byline),,
https://www.aalavina.org/revista/mayo-junio-1998/perdido-en-la-oscuridad,Perdido en la oscuridad,No,Mayo / Junio,1998,,Mike P.,El Cajon,California,,No,No,"El Cajon, California",
https://www.aalavina.org/revista/mayo-junio-1998/cumpliste-la-promesa,“¡Cumpliste la promesa!”,No,Mayo / Junio,1998,,James A.,Eau Claire,Wisconsin,,No,No,"Eau Claire, Wisconsin",
https://www.aalavina.org/revista/mayo-junio-1998/cientos-de-tazas-de-cafe,Cientos de tazas de café,No,Mayo / Junio,1998,,Roland L.,Bayton,Texas,,No,Yes,"Bayton, Texas",
https://www.aalavina.org/revista/mayo-junio-1998/aa-entre-rejas-y-en-los-centros-de-rehabilitacion,AA entre rejas y en los centros de rehabilitación,No,Mayo / Junio,1998,,,,,,No,Unknown (no location in byline),,
https://www.aalavina.org/revista/mayo-junio-1998/la-proxima-vez,La proxima vez...,No,Mayo / Junio,1998,,Jim N.,West Springfield,Massachusetts,Le tomó mucho tiempo a este AA poder verlo aunque estaba bajo sus narices.,No,No,"West Springfield, Massachusetts",
https://www.aalavina.org/revista/mayo-junio-1998/18315-anos-de-sobriedad,"1.831,5 años de sobriedad",No,Mayo / Junio,1998,,Orlando D.,Medellín,,,No,No,Medellín,
https://www.aalavina.org/revista/mayo-junio-1998/mi-primer-despertar-espiritual,Mi primer despertar espiritual,No,Mayo / Junio,1998,,Rodolfo C.,Headsburg,California,,No,No,"Headsburg, California",
https://www.aalavina.org/revista/mayo-junio-1998/el-grupo-base-y-la-estructura-de-servicios,El grupo base y la estructura de servicios,No,Mayo / Junio,1998,,Facho Q.,Panamá,,,No,No,Panamá,
https://www.aalavina.org/revista/mayo-junio-1998/sobrio-no-sombrio,Sobrio no sombrío,No,Mayo / Junio,1998,,,,,,No,Unknown (no location in byline),,
https://www.aalavina.org/revista/mayo-junio-1998/no-se-puede-dar-lo-que-no-se-tiene,No se puede dar lo que no se tiene,No,Mayo / Junio,1998,,Oscar M.,Medellín,,,No,No,Medellín,
https://www.aalavina.org/revista/mayo-junio-1998/grandes-suenos-y-metas-nobles,Grandes sueños y metas nobles,No,Mayo / Junio,1998,,Mickey H.,Springville,Utah,,No,No,"Springville, Utah",
https://www.aalavina.org/revista/mayo-junio-1998/en-aa-estan-los-verdaderos-amigos,En AA están los verdaderos amigos,No,Mayo / Junio,1998,,Niko S.,Houston,Texas,,No,Yes,"Houston, Texas",
https://www.aalavina.org/revista/mayo-junio-1998/arbol-que-nace-torcido-jamas-su-tronco-endereza,"¿Árbol que nace torcido, jamás su tronco endereza?",No,Mayo / Junio,1998,,Chugo R.,Lomas Verdes,Puerto Rico,,No,No,"Lomas Verdes, Puerto Rico",
https://www.aalavina.org/revista/mayo-junio-1998/una-lista-de-control-del-grupo-de-aa,Una lista de control del grupo de AA,No,Mayo / Junio,1998,,Anónimo,New York,New York,,No,No,"New York, New York",
https://www.aalavina.org/revista/marzo-abril-1998/apartado-1980,Apartado 1980,No,Marzo / Abril,1998,,,,,,No,Unknown (no location in byline),,
https://www.aalavina.org/revista/marzo-abril-1998/sugerencias-para-dar-un-cuarto-paso,Sugerencias para dar un cuarto paso,No,Marzo / Abril,1998,,,,,Un miembro de AA propone su enfoque para hacer un minucioso inventario moral.,No,Unknown (no location in byline),,
https://www.aalavina.org/revista/marzo-abril-1998/como-esta-la-salud-de-tu-grupo-base,¿Cómo está la salud de tu grupo base?,No,Marzo / Abril,1998,,Robbie S.,Whitefish,Montana,,No,No,"Whitefish, Montana",
https://www.aalavina.org/revista/marzo-abril-1998/la-botella,La botella,No,Marzo / Abril,1998,,Serafin N.O.,Río Piedras,Puerto Rico,,No,No,"Río Piedras, Puerto Rico",
https://www.aalavina.org/revista/marzo-abril-1998/el-unico-requisito,El único requisito,No,Marzo / Abril,1998,,George B.,Alexandria,Virginia,,No,No,"Alexandria, Virginia",
https://www.aalavina.org/revista/marzo-abril-1998/la-autonomia-no-es-una-excusa,La autonomía no es una excusa,No,Marzo / Abril,1998,,Mickey H.,Springville,Utah,,No,No,"Springville, Utah",
https://www.aalavina.org/revista/marzo-abril-1998/fragmentos-de-la-historia-de-aa-el-preambulo,Fragmentos de la historia de AA: El Preámbulo,No,Marzo / Abril,1998,,,,,,No,Unknown (no location in byline),,
https://www.aalavina.org/revista/marzo-abril-1998/sobrio-no-sombrio,Sobrio no sombrío,No,Marzo / Abril,1998,,,,,,No,Unknown (no location in byline),,
https://www.aalavina.org/revista/marzo-abril-1998/lo-que-me-hizo-feliz,Lo qué me hizo feliz,No,Marzo / Abril,1998,,Jim P.,Montpelier,Vermont,,No,No,"Montpelier, Vermont",
https://www.aalavina.org/revista/marzo-abril-1998/es-buena-para-el-trabajo,Es buena para el trabajo,No,Marzo / Abril,1998,,Leonard U,Milbuty,Massachusetts,,No,No,"Milbuty, Massachusetts",
https://www.aalavina.org/revista/marzo-abril-1998/hazme-invisible,'Hazme invisible',No,Marzo / Abril,1998,,Stella B.,East Helena,Montana,,No,No,"East Helena, Montana",
https://www.aalavina.org/revista/marzo-abril-1998/pude-agradecerselo,Pude agradecérselo,No,Marzo / Abril,1998,,John S.,Chico,California,,No,No,"Chico, California",
https://www.aalavina.org/revista/marzo-abril-1998/una-historia-entre-rejas,Una historia entre rejas,No,Marzo / Abril,1998,,A. Pauline B.,Royal Palm Beach,Florida,,No,No,"Royal Palm Beach, Florida",
https://www.aalavina.org/revista/marzo-abril-1998/nuestros-lectores-escriben,Nuestros lectores escriben,No,Marzo / Abril,1998,,,,,,No,Unknown (no location in byline),,
https://www.aalavina.org/revista/marzo-abril-1998/ponerle-nombre-los-sentimientos,Ponerle nombre a los sentimientos,No,Marzo / Abril,1998,,Sherry G.,Riverdale,Michigan,,No,No,"Riverdale, Michigan",
https://www.aalavina.org/revista/enero-febrero-1998/apartado-1980,Apartado 1980,No,Enero / Febrero,1998,,,,,,No,Unknown (no location in byline),,
https://www.aalavina.org/revista/enero-febrero-1998/aa-entre-rejas,AA entre rejas,No,Enero / Febrero,1998,,Javier C.,,California,,No,No,"Los Angles County State Prison, California",Group/institution: Los Angles County State Prison
https://www.aalavina.org/revista/enero-febrero-1998/que-es-un-padrino,¿Qué es un padrino?,No,Enero / Febrero,1998,,Chago R.,Lomas Verdes,Puerto Rico,El que a buen árbol se arrima buena sombra le cobija.,No,No,"Lomas Verdes, Puerto Rico",
https://www.aalavina.org/revista/enero-febrero-1998/tema-de-discusion-para-reuniones,Tema de discusión para reuniones,No,Enero / Febrero,1998,,,,,,No,Unknown (no location in byline),,
https://www.aalavina.org/revista/enero-febrero-1998/conectados-electronicamente-la-sobriedad,Conectados electrónicamente a la sobriedad,No,Enero / Febrero,1998,,Margarita P.,St. Simons Island,Georgia,,No,No,"St. Simons Island, Georgia",
https://www.aalavina.org/revista/enero-febrero-1998/informacion-publica,Información pública,No,Enero / Febrero,1998,,Luis Fermín H.,Tlalnepantla,,¿Puedo realizar labor de información pública en la universidad y permanecer sobrio?,No,No,Tlalnepantla,
https://www.aalavina.org/revista/enero-febrero-1998/festival-de-risotadas,Festival de risotadas,No,Enero / Febrero,1998,,,,,,No,Unknown (no location in byline),,
https://www.aalavina.org/revista/enero-febrero-1998/correo-de-los-representantes-de-la-vina,Correo de los representantes de la viña,No,Enero / Febrero,1998,,,,,,No,Unknown (no location in byline),,
https://www.aalavina.org/revista/enero-febrero-1998/la-historia-de-una-brahman-hindu,La historia de una Brahmán hindú,No,Enero / Febrero,1998,,Rajni P.,,,,No,Unknown (no location in byline),,
https://www.aalavina.org/revista/enero-febrero-1998/problemas-del-crecimiento,Problemas del crecimiento,No,Enero / Febrero,1998,,D.E.,Wailuku,Hawaii,,No,No,"Wailuku, Hawaii",
https://www.aalavina.org/revista/enero-febrero-1998/el-tapiz-magnifico,El tapiz magnífico,No,Enero / Febrero,1998,,Annemarie M.,Taunton,Massachusetts,,No,No,"Taunton, Massachusetts",
https://www.aalavina.org/revista/enero-febrero-1998/direccion-eterna,Dirección eterna,No,Enero / Febrero,1998,,Jerry E.,Beavercreek,Ohio,,No,No,"Beavercreek, Ohio",
https://www.aalavina.org/revista/enero-febrero-1998/todos-vestidas-de-blanco-menos-la-novia,Todos vestidas de blanco menos la novia,No,Enero / Febrero,1998,,Syd T.,San Antonio,Texas,,No,Yes,"San Antonio, Texas",
https://www.aalavina.org/revista/noviembre-diciembre-1997/apartado-1980,Apartado 1980,No,Noviembre / Diciembre,1997,,,,,,No,Unknown (no location in byline),,
https://www.aalavina.org/revista/noviembre-diciembre-1997/cambio-de-actitud,Cambio de actitud,No,Noviembre / Diciembre,1997,,Anónimo,York Harbor,Maine,,No,No,"York Harbor, Maine",
https://www.aalavina.org/revista/noviembre-diciembre-1997/ironias-del-estado-de-gracia,'Ironías del estado de gracia',No,Noviembre / Diciembre,1997,,Beverly A.,Zagreb,Croatia,,No,No,"Zagreb, Croatia",
https://www.aalavina.org/revista/noviembre-diciembre-1997/lo-unico-que-me-ha-hecho-sentir-feliz-y-util,Lo único que me ha hecho sentir feliz y útil,No,Noviembre / Diciembre,1997,,Orlando D.,Medellín,,,No,No,Medellín,
https://www.aalavina.org/revista/noviembre-diciembre-1997/tema-de-discusion-para-reuniones,Tema de discusión para reuniones,No,Noviembre / Diciembre,1997,,,,,,No,Unknown (no location in byline),,
https://www.aalavina.org/revista/noviembre-diciembre-1997/veterano-yo,¿Veterano yo?,No,Noviembre / Diciembre,1997,,Fernando Q.,D.F,,,No,No,D.F,
https://www.aalavina.org/revista/noviembre-diciembre-1997/nuestros-lectores-escriben,Nuestros lectores escriben,No,Noviembre / Diciembre,1997,,,,,,No,Unknown (no location in byline),,
https://www.aalavina.org/revista/noviembre-diciembre-1997/la-mano-y-el-corazon,La mano y el corazón,No,Noviembre / Diciembre,1997,,Robbie S.,Whitefish,Montana,,No,No,"Whitefish, Montana",
https://www.aalavina.org/revista/noviembre-diciembre-1997/siempre-listo-servir,Siempre listo a servir,No,Noviembre / Diciembre,1997,,Andrew M.,Lafayette,California,,No,No,"Lafayette, California",
https://www.aalavina.org/revista/noviembre-diciembre-1997/trabajando-con-los-demas,Trabajando con los demás,No,Noviembre / Diciembre,1997,,Carolyn C.,Montgomery,Alabama,,No,No,"Montgomery, Alabama",
https://www.aalavina.org/revista/noviembre-diciembre-1997/amamos-la-vida-que-vivimos,Amamos la vida que vivimos,No,Noviembre / Diciembre,1997,,Marie K.,Leisure World,California,,No,No,"Leisure World, California",
https://www.aalavina.org/revista/noviembre-diciembre-1997/celebramos-la-llegada-de-los-nuevos,Celebramos la llegada de los nuevos,No,Noviembre / Diciembre,1997,,Billy S.,Cliffside Park,New Jersey,,No,No,"Cliffside Park, New Jersey",
https://www.aalavina.org/revista/noviembre-diciembre-1997/la-llamada,La llamada,No,Noviembre / Diciembre,1997,,Willie O.,Melbourne,Florida,,No,No,"Melbourne, Florida",
https://www.aalavina.org/revista/noviembre-diciembre-1997/sobrio-no-sombrio,Sobrio no sombrío,No,Noviembre / Diciembre,1997,,,,,,No,Unknown (no location in byline),,
https://www.aalavina.org/revista/noviembre-diciembre-1997/historia-del-grupo-aa-recuperacion-doce-de-octubre,Historia del grupo AA recuperación doce de octubre,No,Noviembre / Diciembre,1997,,Comité organizador pro-aniversario,Houston,Texas,,No,Yes,"Houston, Texas",
https://www.aalavina.org/revista/septiembre-octubre-1997/apartado-1980,Apartado 1980,No,Septiembre / Octubre,1997,,,,,,No,Unknown (no location in byline),,
https://www.aalavina.org/revista/septiembre-octubre-1997/se-apago-el-fuego,‘Se apagó el fuego',No,Septiembre / Octubre,1997,,Jamie C.,West Henrietta,New York,,No,No,"West Henrietta, New York",
https://www.aalavina.org/revista/septiembre-octubre-1997/luchando-con-el-dragon-de-la-indecision,Luchando con el dragón de la indecisión,No,Septiembre / Octubre,1997,,W.H.,New York,New York,,No,No,"New York, New York",
https://www.aalavina.org/revista/septiembre-octubre-1997/una-conversacion-con-ted-t,Una conversación con Ted T.,No,Septiembre / Octubre,1997,,Amigo de La Viña,,,,No,Unknown (no location in byline),,
https://www.aalavina.org/revista/septiembre-octubre-1997/tema-de-discusion-para-reuniones,Tema de discusión para reuniones,No,Septiembre / Octubre,1997,,,,,,No,Unknown (no location in byline),,
https://www.aalavina.org/revista/septiembre-octubre-1997/el-dilema-de-la-doctora,El dilema de la doctora,No,Septiembre / Octubre,1997,,Shree,Islas Caimán,,,No,No,Islas Caimán,
https://www.aalavina.org/revista/septiembre-octubre-1997/nuestros-lectores-escriben,Nuestros lectores escriben,No,Septiembre / Octubre,1997,,,,,,No,Unknown (no location in byline),,
https://www.aalavina.org/revista/septiembre-octubre-1997/somos-familia,Somos familia,No,Septiembre / Octubre,1997,,Lori,Indianapolis,Indiana,,No,No,"Indianapolis, Indiana",
https://www.aalavina.org/revista/septiembre-octubre-1997/como-el-viento-entre-los-arboles,Como el viento entre los arboles,No,Septiembre / Octubre,1997,,Larry J.,Mt. Jewett,Pennsylvania,,No,No,"Mt. Jewett, Pennsylvania",
https://www.aalavina.org/revista/septiembre-octubre-1997/otro-dia-sobrio,Otro día sobrio,No,Septiembre / Octubre,1997,,Willie G.,Arlington,Texas,,No,Yes,"Arlington, Texas",
https://www.aalavina.org/revista/septiembre-octubre-1997/hermanas-en-sobriedad,Hermanas en sobriedad,No,Septiembre / Octubre,1997,,Suzanne S.,Ithaca,New York,,No,No,"Ithaca, New York",
https://www.aalavina.org/revista/septiembre-octubre-1997/una-minoria-de-una,Una minoría de una,No,Septiembre / Octubre,1997,,D.E.S.,St. Louis,Missouri,,No,No,"St. Louis, Missouri",
https://www.aalavina.org/revista/septiembre-octubre-1997/transformacion-de-una-manera-de-pensar,Transformación de una manera de pensar,No,Septiembre / Octubre,1997,,Walter L.,Parker,Florida,,No,No,"Parker, Florida",
https://www.aalavina.org/revista/septiembre-octubre-1997/cuba-miembro-del-foro-internacional-de-aa-alrededor-del-mundo,Cuba: miembro del foro internacional de AA alrededor del mundo,No,Septiembre / Octubre,1997,,Danny M.,New York,New York,,No,No,"New York, New York",
https://www.aalavina.org/revista/septiembre-octubre-1997/familiarizada-de-nuevo-conmigo-misma,Familiarizada de nuevo conmigo misma,No,Septiembre / Octubre,1997,,Jody B.,New Bern,North Carolina,,No,No,"New Bern, North Carolina",
https://www.aalavina.org/revista/septiembre-octubre-1997/el-abc-de-un-aa,El ABC de un AA,No,Septiembre / Octubre,1997,,Carlos R.,El Monte,California,,No,No,"El Monte, California",
https://www.aalavina.org/revista/julio-agosto-1997/apartado-1980,Apartado 1980,No,Julio / Agosto,1997,,,,,,No,Unknown (no location in byline),,
https://www.aalavina.org/revista/julio-agosto-1997/reciclaje-espiritual,Reciclaje espiritual,No,Julio / Agosto,1997,,Jim N.,West Springfield,Massachusetts,,No,No,"West Springfield, Massachusetts",
https://www.aalavina.org/revista/julio-agosto-1997/los-anos-que-las-langostas-devoraron,Los años que las langostas devoraron,No,Julio / Agosto,1997,,K.F.,New York,New York,,No,No,"New York, New York",
https://www.aalavina.org/revista/julio-agosto-1997/experiencia-en-praasa,Experiencia en PRAASA,No,Julio / Agosto,1997,,Marco Antonio R.,San Diego,California,,No,No,"San Diego, California",
https://www.aalavina.org/revista/julio-agosto-1997/pero-no-bebo-habla-un-gay-hispano,"‘Pero no bebo,’ habla un gay hispano",No,Julio / Agosto,1997,,Marvin M.,San Francisco,California,,No,No,"San Francisco, California",
https://www.aalavina.org/revista/julio-agosto-1997/un-doctor-en-caracas,Un doctor en Caracas,No,Julio / Agosto,1997,,Diego R.,Caracas,,,No,No,Caracas,
https://www.aalavina.org/revista/julio-agosto-1997/buscando-problemas,Buscando problemas,No,Julio / Agosto,1997,,Marshall R.,Shelby,North Carolina,,No,No,"Shelby, North Carolina",
https://www.aalavina.org/revista/julio-agosto-1997/vienes-esta-noche,¿Vienes esta noche?,No,Julio / Agosto,1997,,Billy,,Mississippi,,No,No,Mississippi,
https://www.aalavina.org/revista/julio-agosto-1997/el-hijo-de-alguien,El hijo de alguien,No,Julio / Agosto,1997,,Karen N.,Racine,Wisconsin,,No,No,"Racine, Wisconsin",
https://www.aalavina.org/revista/julio-agosto-1997/47a-conferencia-de-servicios-generales,47ª conferencia de Servicios Generales,No,Julio / Agosto,1997,,,,,,No,Unknown (no location in byline),,
https://www.aalavina.org/revista/julio-agosto-1997/sobrio-no-sombrio,Sobrio no sombrío,No,Julio / Agosto,1997,,,,,,No,Unknown (no location in byline),,
https://www.aalavina.org/revista/mayo-junio-1997/apartado-1980,Apartado 1980,No,Mayo / Junio,1997,,,,,,No,Unknown (no location in byline),,
https://www.aalavina.org/revista/mayo-junio-1997/abriendo-puertas,Abriendo puertas,No,Mayo / Junio,1997,,Dále J.,Jasper,Florida,,No,No,"Jasper, Florida",
https://www.aalavina.org/revista/mayo-junio-1997/escogi-crecer,Escogí crecer,No,Mayo / Junio,1997,,Ron D.,Canaan,Connecticut,,No,No,"Canaan, Connecticut",
https://www.aalavina.org/revista/mayo-junio-1997/cincuenta-anos-de-aa-en-brasil,Cincuenta años de AA en Brasil,No,Mayo / Junio,1997,,Armando T.,Recife-Pernambuco,,,No,No,Recife-Pernambuco,
https://www.aalavina.org/revista/mayo-junio-1997/transmitiendo-el-mensaje,Transmitiendo el mensaje,No,Mayo / Junio,1997,,Jorge C.,Jocotán,,,No,No,Jocotán,
https://www.aalavina.org/revista/mayo-junio-1997/reflexion-sobre-los-doce-pasos,Reflexión sobre los Doce Pasos,No,Mayo / Junio,1997,,Orestes F.,Holguín,,,No,No,Holguín,
https://www.aalavina.org/revista/mayo-junio-1997/un-aniversario-en-el-mes-de-mayo,Un aniversario en el mes de mayo,No,Mayo / Junio,1997,,Alfredo P.,San José,California,,No,No,"San José, California",
https://www.aalavina.org/revista/mayo-junio-1997/un-nuevo-rumbo,Un nuevo rumbo,No,Mayo / Junio,1997,,Tena W.,Benton,Arkansas,,No,No,"Benton, Arkansas",
https://www.aalavina.org/revista/mayo-junio-1997/la-sobriedad-puede-desatar-una-positiva-reaccion-en-cadena,La sobriedad puede desatar una positiva reacción en cadena,No,Mayo / Junio,1997,,Bob K.,San Francisco,California,,No,No,"San Francisco, California",
https://www.aalavina.org/revista/mayo-junio-1997/una-buena-forma-de-pasar-el-tiempo,Una buena forma de pasar el tiempo,No,Mayo / Junio,1997,,Gregory E.,Atlanta,Georgia,,No,No,"Atlanta, Georgia",
https://www.aalavina.org/revista/mayo-junio-1997/el-primer-dia-del-resto-tu-vida,El primer día del resto tu vida,No,Mayo / Junio,1997,,Sharon B.,East Wenatchee,Washington,,No,No,"East Wenatchee, Washington",
https://www.aalavina.org/revista/mayo-junio-1997/un-asunto-de-tener-confianza,Un asunto de tener confianza,No,Mayo / Junio,1997,,Jack C.,San Pedro,California,,No,No,"San Pedro, California",
https://www.aalavina.org/revista/mayo-junio-1997/sobrio-no-sombrio,Sobrio no sombrío,No,Mayo / Junio,1997,,,,,,No,Unknown (no location in byline),,
https://www.aalavina.org/revista/mayo-junio-1997/nuestros-lectores-escriben,Nuestros lectores escriben,No,Mayo / Junio,1997,,,,,,No,Unknown (no location in byline),,
https://www.aalavina.org/revista/marzo-abril-1997/apartado-1980,Apartado 1980,No,Marzo / Abril,1997,,,,,,No,Unknown (no location in byline),,
https://www.aalavina.org/revista/marzo-abril-1997/de-duelo-pero-agradecida,"De duelo, pero agradecida",No,Marzo / Abril,1997,,Linda A.,Toronto,Ontario,,No,No,"Toronto, Ontario",
https://www.aalavina.org/revista/marzo-abril-1997/tres-encuentros-en-medellin,Tres encuentros en Medellín,No,Marzo / Abril,1997,,Darío M.,Medellín,,,No,No,Medellín,
https://www.aalavina.org/revista/marzo-abril-1997/yo-queria-lo-que-ellos-tenian,Yo quería lo que ellos tenían,No,Marzo / Abril,1997,,Bill R.,West Wyalong,New South Wales,,No,No,"West Wyalong, New South Wales",
https://www.aalavina.org/revista/marzo-abril-1997/nada-para-perder,Nada para perder,No,Marzo / Abril,1997,,Sunny B.,Bountiful,Utah,,No,No,"Bountiful, Utah",
https://www.aalavina.org/revista/marzo-abril-1997/celebrando-un-cumpleanos-con-el-libro-grande,Celebrando un cumpleaños con el Libro Grande,No,Marzo / Abril,1997,,Milton C.,Ripley,Tennessee,,No,No,"Ripley, Tennessee",
https://www.aalavina.org/revista/marzo-abril-1997/viajando-con-el-libro-grande-de-companero,Viajando con el Libro Grande de compañero,No,Marzo / Abril,1997,,Francis M.,Perth Village,,,No,No,Perth Village,
https://www.aalavina.org/revista/marzo-abril-1997/sobrio-no-sombrio,Sobrio no sombrío,No,Marzo / Abril,1997,,,,,,No,Unknown (no location in byline),,
https://www.aalavina.org/revista/marzo-abril-1997/nuestros-lectores-escriben,Nuestros lectores escriben,No,Marzo / Abril,1997,,,,,,No,Unknown (no location in byline),,
https://www.aalavina.org/revista/marzo-abril-1997/una-extraordinaria-sensacion,Una extraordinaria sensación,No,Marzo / Abril,1997,,Trebbe J.,Thompson,Pennsylvania,,No,No,"Thompson, Pennsylvania",
https://www.aalavina.org/revista/marzo-abril-1997/tema-de-discusion-para-reuniones,Tema de discusión para reuniones,No,Marzo / Abril,1997,,,,,,No,Unknown (no location in byline),,
https://www.aalavina.org/revista/marzo-abril-1997/del-paso-dos-al-trabajo-de-paso-doce,Del Paso Dos al trabajo de Paso Doce,No,Marzo / Abril,1997,,John M.,Santa Bárbara,California,,No,No,"Santa Bárbara, California",
https://www.aalavina.org/revista/marzo-abril-1997/la-pobreza-corporativa,La pobreza corporativa,No,Marzo / Abril,1997,,,,,"Este artículo es una adaptación de una charla dada por Gary A. Glynn, custodio clase A (no-alcohólico), en una sesión general de compartimiento de experiencias de la Junta General de Servicio, octubre de 1994.",No,Unknown (no location in byline),,
https://www.aalavina.org/revista/enero-febrero-1997/apartado-1980,Apartado 1980,No,Enero / Febrero,1997,,,,,,No,Unknown (no location in byline),,
https://www.aalavina.org/revista/enero-febrero-1997/tener-una-buena-meta-en-la-vida,Tener una buena meta en la vida,No,Enero / Febrero,1997,,Mickey H.,Springuille,Utah,,No,No,"Springuille, Utah",
https://www.aalavina.org/revista/enero-febrero-1997/fragmentos-de-nuestra-historia,Fragmentos de nuestra historia,No,Enero / Febrero,1997,,Rubén V.,,Texas,,No,Yes,Texas,
https://www.aalavina.org/revista/enero-febrero-1997/fascinada-con-la-cordura,Fascinada con la cordura,No,Enero / Febrero,1997,,E.M.,Londres,,,No,No,Londres,
https://www.aalavina.org/revista/enero-febrero-1997/el-grupo-la-esperanza-cumple-18-anos,El Grupo La Esperanza cumple 18 años,No,Enero / Febrero,1997,,,,,,No,Unknown (no location in byline),,
https://www.aalavina.org/revista/enero-febrero-1997/otra-mano-que-me-ayude,Otra mano que me ayude,No,Enero / Febrero,1997,,Bill R.,Allyn,Washington,,No,No,"Allyn, Washington",
https://www.aalavina.org/revista/enero-febrero-1997/el-camino-rocoso-del-destino-feliz,El camino (rocoso) del destino feliz,No,Enero / Febrero,1997,,Anónimo,Collinsville,Illinois,,No,No,"Collinsville, Illinois",
https://www.aalavina.org/revista/enero-febrero-1997/desesperada-por-un-trago,Desesperada por un trago,No,Enero / Febrero,1997,,Paula H.,Missoula,Montana,,No,No,"Missoula, Montana",
https://www.aalavina.org/revista/enero-febrero-1997/contra-las-cuerdas,Contra las cuerdas,No,Enero / Febrero,1997,,César C.,Ciudad de México,,,No,No,Ciudad de México,
https://www.aalavina.org/revista/enero-febrero-1997/compartiendo-lo-bueno-y-lo-malo,Compartiendo lo bueno - y lo malo,No,Enero / Febrero,1997,,G.P.,Phoenix,Arizona,,No,No,"Phoenix, Arizona",
https://www.aalavina.org/revista/enero-febrero-1997/en-memoria-de-ebby,En memoria de Ebby,No,Enero / Febrero,1997,,,,,Bill W.; del Grapevine de Junio 1966,No,Unknown (no location in byline),,
https://www.aalavina.org/revista/enero-febrero-1997/yo-contra-el-mundo,Yo contra el mundo,No,Enero / Febrero,1997,,Bill G.,Albany,New York,,No,No,"Albany, New York",
https://www.aalavina.org/revista/enero-febrero-1997/luchando-contra-los-demonios,Luchando contra los demonios,No,Enero / Febrero,1997,,Mike P.,El Cajón,California,,No,No,"El Cajón, California",
https://www.aalavina.org/revista/enero-febrero-1997/el-precio-de-la-recuperacion,El precio de la recuperación,No,Enero / Febrero,1997,,Paul F.,Craig,Colorado,,No,No,"Craig, Colorado",
https://www.aalavina.org/revista/enero-febrero-1997/solo-en-tailandia,Solo en Tailandia,No,Enero / Febrero,1997,,D.J.,Venecia,California,"Este viajero de AA se quedó sin “ninguna defensa efectiva contra la primera copa""",No,No,"Venecia, California",
https://www.aalavina.org/revista/noviembre-diciembre-1996/la-mejor-vida-posible-un-dia-la-vez,La mejor vida posible un día a la vez,No,Noviembre / Diciembre,1996,,Pat L.,Astoria,Oregon,,No,No,"Astoria, Oregon",
https://www.aalavina.org/revista/noviembre-diciembre-1996/la-voz-interior,La voz interior,No,Noviembre / Diciembre,1996,,Colin C.,Malvern,Pennsylvania,,No,No,"Malvern, Pennsylvania",
https://www.aalavina.org/revista/noviembre-diciembre-1996/por-que-estamos-aqui,¿Por qué estamos aqui?,No,Noviembre / Diciembre,1996,,Stephen M.,Hilmar,California,,No,No,"Hilmar, California",
https://www.aalavina.org/revista/noviembre-diciembre-1996/tema-de-discusion-para-reuniones,Tema de discusión para reuniones,No,Noviembre / Diciembre,1996,,,,,,No,Unknown (no location in byline),,
https://www.aalavina.org/revista/noviembre-diciembre-1996/feliz-cumpleanos-eres-alcoholico,"""¡Feliz cumpleaños — eres alcohólico!""",No,Noviembre / Diciembre,1996,,Mike S.,Port Ángeles,Washington,,No,No,"Port Ángeles, Washington",
https://www.aalavina.org/revista/noviembre-diciembre-1996/sobrio-no-sombrio,Sobrio no sombrío,No,Noviembre / Diciembre,1996,,,,,,No,Unknown (no location in byline),,
https://www.aalavina.org/revista/noviembre-diciembre-1996/sexta-convencion-nacional-mexicana,Sexta convención nacional méxicana,No,Noviembre / Diciembre,1996,,Luis F.H.,,,"Acapulco 7,9 de junio de 1996",No,Unknown (no location in byline),Grupo Fraternidad AA,Group/institution: Grupo Fraternidad AA
https://www.aalavina.org/revista/noviembre-diciembre-1996/nuestros-lectores-escriben,Nuestros lectores escriben,No,Noviembre / Diciembre,1996,,,,,,No,Unknown (no location in byline),,
https://www.aalavina.org/revista/noviembre-diciembre-1996/buscamos-traves-de-la-meditacion,Buscamos a través de la meditación,No,Noviembre / Diciembre,1996,,,,,,No,Unknown (no location in byline),,
https://www.aalavina.org/revista/noviembre-diciembre-1996/gran-avance,Gran avance,No,Noviembre / Diciembre,1996,,H.R.S.,Lisle,Illinois,,No,No,"Lisle, Illinois",
https://www.aalavina.org/revista/noviembre-diciembre-1996/sintonizando-el-espiritu,Sintonizando el espíritu,No,Noviembre / Diciembre,1996,,J.M.,New York,New York,,No,No,"New York, New York",
https://www.aalavina.org/revista/noviembre-diciembre-1996/apartado-1980,Apartado 1980,No,Noviembre / Diciembre,1996,,,,,,No,Unknown (no location in byline),,
https://www.aalavina.org/revista/septiembre-octubre-1996/el-incredulo,El incredulo,No,Septiembre / Octubre,1996,,,,,,No,Unknown (no location in byline),,
https://www.aalavina.org/revista/septiembre-octubre-1996/del-miedo-la-libertad,Del miedo a la libertad,No,Septiembre / Octubre,1996,,,,,,No,Unknown (no location in byline),,
https://www.aalavina.org/revista/septiembre-octubre-1996/la-vida-ya-es-suficientemente-dura,La vida ya es suficientemente dura,No,Septiembre / Octubre,1996,,,,,,No,Unknown (no location in byline),,
https://www.aalavina.org/revista/septiembre-octubre-1996/como-comenzo-aa-en-panama,Cómo comenzó AA en Panamá,No,Septiembre / Octubre,1996,,,,,"El siguiente artículo está basado en uno escrito en 1954, y es una memoria acerca de la Oficina de Servicio General de Panamá por uno de los primeros miembros de AA allá.",No,Unknown (no location in byline),,
https://www.aalavina.org/revista/septiembre-octubre-1996/como-comenzo-aa-en-brasil,Cómo comenzó AA en Brasil,No,Septiembre / Octubre,1996,,,,,"El siguiente es un intercambio de cartas entre la esposa de uno de los primeros miembros de AA (ella y su esposo eran estadounidenses que vivían en Rio de Janeiro, Brasil, y la secretaria de la Oficina de Servicios en Nueva York.",No,Unknown (no location in byline),,
https://www.aalavina.org/revista/septiembre-octubre-1996/como-comenzo-aa-en-mexico,Cómo comenzó AA en México,No,Septiembre / Octubre,1996,,Fernando Q.,Ciudad de México,,,No,No,Ciudad de México,
https://www.aalavina.org/revista/septiembre-octubre-1996/ver-las-cosas-de-una-manera-diferente,Ver las cosas de una manera diferente,No,Septiembre / Octubre,1996,,Cydney M.,Los Ángeles,California,,No,No,"Los Ángeles, California",
https://www.aalavina.org/revista/septiembre-octubre-1996/tema-de-discusion-para-reuniones,Tema de discusión para reuniones,No,Septiembre / Octubre,1996,,,,,,No,Unknown (no location in byline),,
https://www.aalavina.org/revista/septiembre-octubre-1996/lo-mas-destacado-de-mi-sobriedad,Lo más destacado de mi sobriedad,No,Septiembre / Octubre,1996,,Bill K.,Santa Rosa,California,,No,No,"Santa Rosa, California",
https://www.aalavina.org/revista/septiembre-octubre-1996/sobrio-no-sombrio,Sobrio no sombrío,No,Septiembre / Octubre,1996,,,,,,No,Unknown (no location in byline),,
https://www.aalavina.org/revista/septiembre-octubre-1996/apartado-1980,Apartado 1980,No,Septiembre / Octubre,1996,,,,,,No,Unknown (no location in byline),,
https://www.aalavina.org/revista/julio-agosto-1996/ropas-de-la-carcel-una-lista-de-reuniones-y-mucho-miedo,"Ropas de la cárcel, una lista de reuniones y mucho miedo",No,Julio / Agosto,1996,,Liz B.,New Iberia,Louisiana,,No,No,"New Iberia, Louisiana",
https://www.aalavina.org/revista/julio-agosto-1996/la-magia-de-aa-en-la-carcel,La magia de AA en la cárcel,No,Julio / Agosto,1996,,Anónimo,Greenville,Illinois,,No,No,"Greenville, Illinois",
https://www.aalavina.org/revista/julio-agosto-1996/asi-desarrolle-mi-potencial,Así desarrolle mi potencial,No,Julio / Agosto,1996,,Sheila N.,New Britain,Connecticut,,No,No,"New Britain, Connecticut",
https://www.aalavina.org/revista/julio-agosto-1996/es-cuestion-de-seguir-buscando,Es cuestión de seguir buscando,No,Julio / Agosto,1996,,K.D.,Lebanon,Pennsylvania,,No,No,"Lebanon, Pennsylvania",
https://www.aalavina.org/revista/julio-agosto-1996/sincronizacion-perfecta,Sincronización perfecta,No,Julio / Agosto,1996,,John K.,Rochester,New York,,No,No,"Rochester, New York",
https://www.aalavina.org/revista/julio-agosto-1996/la-trampa,La trampa,No,Julio / Agosto,1996,,Susie K.,Yarmouthport,Massachusetts,,No,No,"Yarmouthport, Massachusetts",
https://www.aalavina.org/revista/julio-agosto-1996/tema-de-discusion-para-reuniones,Tema de discusión para reuniones,No,Julio / Agosto,1996,,,,,,No,Unknown (no location in byline),,
https://www.aalavina.org/revista/julio-agosto-1996/nuestro-desafio-preservar-nuestra-comunidad,Nuestro desafío: preservar nuestra comunidad,No,Julio / Agosto,1996,,,,,,No,Unknown (no location in byline),,
https://www.aalavina.org/revista/julio-agosto-1996/esta-es-tu-casa,Esta es tu casa,No,Julio / Agosto,1996,,,,,,No,Unknown (no location in byline),,
https://www.aalavina.org/revista/julio-agosto-1996/sobrio-no-sombrio,Sobrio no sombrío,No,Julio / Agosto,1996,,,,,,No,Unknown (no location in byline),,
https://www.aalavina.org/revista/julio-agosto-1996/apartado-1980,Apartado 1980,No,Julio / Agosto,1996,,,,,,No,Unknown (no location in byline),,
https://www.aalavina.org/revista/julio-agosto-1996/astuta-desconcertante-y-poderosa,"Astuta, desconcertante y poderosa",No,Julio / Agosto,1996,,Tim T.,Alburquerque,New Mexico,"""La enfermedad"" reclama otra victima",No,No,"Alburquerque, New Mexico",
https://www.aalavina.org/revista/julio-agosto-1996/regresa-la-comunidad-si-puedes-hacerlo,'Regresa a la comunidad - si puedes hacerlo',No,Julio / Agosto,1996,,Bill F.,Fountain,Colorado,,No,No,"Fountain, Colorado",
https://www.aalavina.org/revista/julio-agosto-1996/un-momento-de-descanso,Un momento de descanso,No,Julio / Agosto,1996,,Sue F.,Goffstown,New Hampshire,,No,No,"Goffstown, New Hampshire",
https://www.aalavina.org/revista/julio-agosto-1996/comenzar-de-nuevo-con-el-primer-paso,Comenzar de nuevo con el primer paso,No,Julio / Agosto,1996,,Becky S.,Sunnyland,Illinois,,No,No,"Sunnyland, Illinois",
https://www.aalavina.org/revista/julio-agosto-1996/trate-de-mantenerme-sobrio-sin-buscar-ayuda,'Traté de mantenerme sobrio sin buscar ayuda',No,Julio / Agosto,1996,,Bob M.,Bay City,Michigan,,No,No,"Bay City, Michigan",
https://www.aalavina.org/revista/julio-agosto-1996/un-libro-grande-en-el-pabellon-de-la-muerte,Un libro grande en el pabellón de la muerte,No,Julio / Agosto,1996,,Mike P.,El Cajón,California,,No,No,"El Cajón, California",
https://www.aalavina.org/revista/julio-agosto-1996/la-vide-en-el-enciero,La vide en el enciero,No,Julio / Agosto,1996,,Donna H.,Alburquerque,New Mexico,,No,No,"Alburquerque, New Mexico",
https://www.aalavina.org/revista/julio-agosto-1996/nunca-me-gusto,Nunca me gustó*,No,Julio / Agosto,1996,,Laura,San Antonio,Texas,"Una mujer comparte su alcoholismo, para que otras mujeres que aún sufren reciban el mensaje",No,Yes,"San Antonio, Tejas","Published as ""Tejas"""
https://www.aalavina.org/revista/julio-agosto-1996/todo-salia-mal,Todo salía mal*,No,Julio / Agosto,1996,,Ángel C.,,,"La autocompasión, el miedo a la gente y la soledad lo llevaron al alcoholismo",No,Unknown (no location in byline),,
https://www.aalavina.org/revista/julio-agosto-1996/trabajando-con-otros,Trabajando con otros*,No,Julio / Agosto,1996,,Óscar R.,San Antonio,Texas,Compartiendo con otros alcohólicos encontró la solución a su problema,No,Yes,"San Antonio, Tejas","Published as ""Tejas"""
https://www.aalavina.org/revista/julio-agosto-1996/avanzando-en-madurez-espiritual,Avanzando en madurez espiritual*,No,Julio / Agosto,1996,,Eduardo C.,Toronto,,,No,No,Toronto,
